국가명,국가요약내용,정치사회동향내용,대한민국관계이슈사항,주요산업동향내용,노무관리제도내용,물가정보내용,출입국사증제도내용,취업유망분야주의사항,생활정보내용
가나,http://news.kotra.or.kr/user/nationInfo/mkotranews/172/userNationBasicMobileView.do?nationIdx=170,http://news.kotra.or.kr/user/extra/mkotranews/nationInfo/nationItemMovileView/jsp/Page.do?cdKey=101116&categoryIdx=63,http://news.kotra.or.kr/user/extra/mkotranews/nationInfo/nationItemMovileView/jsp/Page.do?cdKey=101116&categoryIdx=65,http://news.kotra.or.kr/user/extra/mkotranews/nationInfo/nationItemMovileView/jsp/Page.do?cdKey=101116&categoryIdx=69,http://news.kotra.or.kr/user/extra/mkotranews/nationInfo/nationItemMovileView/jsp/Page.do?cdKey=101116&categoryIdx=233,http://news.kotra.or.kr/user/extra/mkotranews/nationInfo/nationItemMovileView/jsp/Page.do?cdKey=101116&categoryIdx=80,http://news.kotra.or.kr/user/extra/mkotranews/nationInfo/nationItemMovileView/jsp/Page.do?cdKey=101116&categoryIdx=250,http://news.kotra.or.kr/user/extra/mkotranews/nationInfo/nationItemMovileView/jsp/Page.do?cdKey=101116&categoryIdx=81,http://news.kotra.or.kr/user/extra/mkotranews/nationInfo/nationItemMovileView/jsp/Page.do?cdKey=101116&categoryIdx=248
과테말라,http://news.kotra.or.kr/user/nationInfo/mkotranews/172/userNationBasicMobileView.do?nationIdx=136,http://news.kotra.or.kr/user/extra/mkotranews/nationInfo/nationItemMovileView/jsp/Page.do?cdKey=101053&categoryIdx=63,http://news.kotra.or.kr/user/extra/mkotranews/nationInfo/nationItemMovileView/jsp/Page.do?cdKey=101053&categoryIdx=65,http://news.kotra.or.kr/user/extra/mkotranews/nationInfo/nationItemMovileView/jsp/Page.do?cdKey=101053&categoryIdx=69,http://news.kotra.or.kr/user/extra/mkotranews/nationInfo/nationItemMovileView/jsp/Page.do?cdKey=101053&categoryIdx=233,http://news.kotra.or.kr/user/extra/mkotranews/nationInfo/nationItemMovileView/jsp/Page.do?cdKey=101053&categoryIdx=80,http://news.kotra.or.kr/user/extra/mkotranews/nationInfo/nationItemMovileView/jsp/Page.do?cdKey=101053&categoryIdx=250,http://news.kotra.or.kr/user/extra/mkotranews/nationInfo/nationItemMovileView/jsp/Page.do?cdKey=101053&categoryIdx=81,http://news.kotra.or.kr/user/extra/mkotranews/nationInfo/nationItemMovileView/jsp/Page.do?cdKey=101053&categoryIdx=248
그리스,http://news.kotra.or.kr/user/nationInfo/mkotranews/172/userNationBasicMobileView.do?nationIdx=144,http://news.kotra.or.kr/user/extra/mkotranews/nationInfo/nationItemMovileView/jsp/Page.do?cdKey=101014&categoryIdx=63,http://news.kotra.or.kr/user/extra/mkotranews/nationInfo/nationItemMovileView/jsp/Page.do?cdKey=101014&categoryIdx=65,http://news.kotra.or.kr/user/extra/mkotranews/nationInfo/nationItemMovileView/jsp/Page.do?cdKey=101014&categoryIdx=69,http://news.kotra.or.kr/user/extra/mkotranews/nationInfo/nationItemMovileView/jsp/Page.do?cdKey=101014&categoryIdx=233,http://news.kotra.or.kr/user/extra/mkotranews/nationInfo/nationItemMovileView/jsp/Page.do?cdKey=101014&categoryIdx=80,http://news.kotra.or.kr/user/extra/mkotranews/nationInfo/nationItemMovileView/jsp/Page.do?cdKey=101014&categoryIdx=250,http://news.kotra.or.kr/user/extra/mkotranews/nationInfo/nationItemMovileView/jsp/Page.do?cdKey=101014&categoryIdx=81,http://news.kotra.or.kr/user/extra/mkotranews/nationInfo/nationItemMovileView/jsp/Page.do?cdKey=101014&categoryIdx=248
남아프리카공화국,http://news.kotra.or.kr/user/nationInfo/mkotranews/172/userNationBasicMobileView.do?nationIdx=154,http://news.kotra.or.kr/user/extra/mkotranews/nationInfo/nationItemMovileView/jsp/Page.do?cdKey=101110&categoryIdx=63,http://news.kotra.or.kr/user/extra/mkotranews/nationInfo/nationItemMovileView/jsp/Page.do?cdKey=101110&categoryIdx=65,http://news.kotra.or.kr/user/extra/mkotranews/nationInfo/nationItemMovileView/jsp/Page.do?cdKey=101110&categoryIdx=69,http://news.kotra.or.kr/user/extra/mkotranews/nationInfo/nationItemMovileView/jsp/Page.do?cdKey=101110&categoryIdx=233,http://news.kotra.or.kr/user/extra/mkotranews/nationInfo/nationItemMovileView/jsp/Page.do?cdKey=101110&categoryIdx=80,http://news.kotra.or.kr/user/extra/mkotranews/nationInfo/nationItemMovileView/jsp/Page.do?cdKey=101110&categoryIdx=250,http://news.kotra.or.kr/user/extra/mkotranews/nationInfo/nationItemMovileView/jsp/Page.do?cdKey=101110&categoryIdx=81,http://news.kotra.or.kr/user/extra/mkotranews/nationInfo/nationItemMovileView/jsp/Page.do?cdKey=101110&categoryIdx=248
네덜란드,http://news.kotra.or.kr/user/nationInfo/mkotranews/172/userNationBasicMobileView.do?nationIdx=138,http://news.kotra.or.kr/user/extra/mkotranews/nationInfo/nationItemMovileView/jsp/Page.do?cdKey=101017&categoryIdx=63,http://news.kotra.or.kr/user/extra/mkotranews/nationInfo/nationItemMovileView/jsp/Page.do?cdKey=101017&categoryIdx=65,http://news.kotra.or.kr/user/extra/mkotranews/nationInfo/nationItemMovileView/jsp/Page.do?cdKey=101017&categoryIdx=69,http://news.kotra.or.kr/user/extra/mkotranews/nationInfo/nationItemMovileView/jsp/Page.do?cdKey=101017&categoryIdx=233,http://news.kotra.or.kr/user/extra/mkotranews/nationInfo/nationItemMovileView/jsp/Page.do?cdKey=101017&categoryIdx=80,http://news.kotra.or.kr/user/extra/mkotranews/nationInfo/nationItemMovileView/jsp/Page.do?cdKey=101017&categoryIdx=250,http://news.kotra.or.kr/user/extra/mkotranews/nationInfo/nationItemMovileView/jsp/Page.do?cdKey=101017&categoryIdx=81,http://news.kotra.or.kr/user/extra/mkotranews/nationInfo/nationItemMovileView/jsp/Page.do?cdKey=101017&categoryIdx=248
뉴질랜드,http://news.kotra.or.kr/user/nationInfo/mkotranews/172/userNationBasicMobileView.do?nationIdx=153,http://news.kotra.or.kr/user/extra/mkotranews/nationInfo/nationItemMovileView/jsp/Page.do?cdKey=101078&categoryIdx=63,http://news.kotra.or.kr/user/extra/mkotranews/nationInfo/nationItemMovileView/jsp/Page.do?cdKey=101078&categoryIdx=65,http://news.kotra.or.kr/user/extra/mkotranews/nationInfo/nationItemMovileView/jsp/Page.do?cdKey=101078&categoryIdx=69,http://news.kotra.or.kr/user/extra/mkotranews/nationInfo/nationItemMovileView/jsp/Page.do?cdKey=101078&categoryIdx=233,http://news.kotra.or.kr/user/extra/mkotranews/nationInfo/nationItemMovileView/jsp/Page.do?cdKey=101078&categoryIdx=80,http://news.kotra.or.kr/user/extra/mkotranews/nationInfo/nationItemMovileView/jsp/Page.do?cdKey=101078&categoryIdx=250,http://news.kotra.or.kr/user/extra/mkotranews/nationInfo/nationItemMovileView/jsp/Page.do?cdKey=101078&categoryIdx=81,http://news.kotra.or.kr/user/extra/mkotranews/nationInfo/nationItemMovileView/jsp/Page.do?cdKey=101078&categoryIdx=248
대만,http://news.kotra.or.kr/user/nationInfo/mkotranews/172/userNationBasicMobileView.do?nationIdx=81,http://news.kotra.or.kr/user/extra/mkotranews/nationInfo/nationItemMovileView/jsp/Page.do?cdKey=101085&categoryIdx=63,http://news.kotra.or.kr/user/extra/mkotranews/nationInfo/nationItemMovileView/jsp/Page.do?cdKey=101085&categoryIdx=65,http://news.kotra.or.kr/user/extra/mkotranews/nationInfo/nationItemMovileView/jsp/Page.do?cdKey=101085&categoryIdx=69,http://news.kotra.or.kr/user/extra/mkotranews/nationInfo/nationItemMovileView/jsp/Page.do?cdKey=101085&categoryIdx=233,http://news.kotra.or.kr/user/extra/mkotranews/nationInfo/nationItemMovileView/jsp/Page.do?cdKey=101085&categoryIdx=80,http://news.kotra.or.kr/user/extra/mkotranews/nationInfo/nationItemMovileView/jsp/Page.do?cdKey=101085&categoryIdx=250,http://news.kotra.or.kr/user/extra/mkotranews/nationInfo/nationItemMovileView/jsp/Page.do?cdKey=101085&categoryIdx=81,http://news.kotra.or.kr/user/extra/mkotranews/nationInfo/nationItemMovileView/jsp/Page.do?cdKey=101085&categoryIdx=248
덴마크,http://news.kotra.or.kr/user/nationInfo/mkotranews/172/userNationBasicMobileView.do?nationIdx=115,http://news.kotra.or.kr/user/extra/mkotranews/nationInfo/nationItemMovileView/jsp/Page.do?cdKey=101009&categoryIdx=63,http://news.kotra.or.kr/user/extra/mkotranews/nationInfo/nationItemMovileView/jsp/Page.do?cdKey=101009&categoryIdx=65,http://news.kotra.or.kr/user/extra/mkotranews/nationInfo/nationItemMovileView/jsp/Page.do?cdKey=101009&categoryIdx=69,http://news.kotra.or.kr/user/extra/mkotranews/nationInfo/nationItemMovileView/jsp/Page.do?cdKey=101009&categoryIdx=233,http://news.kotra.or.kr/user/extra/mkotranews/nationInfo/nationItemMovileView/jsp/Page.do?cdKey=101009&categoryIdx=80,http://news.kotra.or.kr/user/extra/mkotranews/nationInfo/nationItemMovileView/jsp/Page.do?cdKey=101009&categoryIdx=250,http://news.kotra.or.kr/user/extra/mkotranews/nationInfo/nationItemMovileView/jsp/Page.do?cdKey=101009&categoryIdx=81,http://news.kotra.or.kr/user/extra/mkotranews/nationInfo/nationItemMovileView/jsp/Page.do?cdKey=101009&categoryIdx=248
도미니카 공화국,http://news.kotra.or.kr/user/nationInfo/mkotranews/172/userNationBasicMobileView.do?nationIdx=145,http://news.kotra.or.kr/user/extra/mkotranews/nationInfo/nationItemMovileView/jsp/Page.do?cdKey=101052&categoryIdx=63,http://news.kotra.or.kr/user/extra/mkotranews/nationInfo/nationItemMovileView/jsp/Page.do?cdKey=101052&categoryIdx=65,http://news.kotra.or.kr/user/extra/mkotranews/nationInfo/nationItemMovileView/jsp/Page.do?cdKey=101052&categoryIdx=69,http://news.kotra.or.kr/user/extra/mkotranews/nationInfo/nationItemMovileView/jsp/Page.do?cdKey=101052&categoryIdx=233,http://news.kotra.or.kr/user/extra/mkotranews/nationInfo/nationItemMovileView/jsp/Page.do?cdKey=101052&categoryIdx=80,http://news.kotra.or.kr/user/extra/mkotranews/nationInfo/nationItemMovileView/jsp/Page.do?cdKey=101052&categoryIdx=250,http://news.kotra.or.kr/user/extra/mkotranews/nationInfo/nationItemMovileView/jsp/Page.do?cdKey=101052&categoryIdx=81,http://news.kotra.or.kr/user/extra/mkotranews/nationInfo/nationItemMovileView/jsp/Page.do?cdKey=101052&categoryIdx=248
독일,http://news.kotra.or.kr/user/nationInfo/mkotranews/172/userNationBasicMobileView.do?nationIdx=67,http://news.kotra.or.kr/user/extra/mkotranews/nationInfo/nationItemMovileView/jsp/Page.do?cdKey=101013&categoryIdx=63,http://news.kotra.or.kr/user/extra/mkotranews/nationInfo/nationItemMovileView/jsp/Page.do?cdKey=101013&categoryIdx=65,http://news.kotra.or.kr/user/extra/mkotranews/nationInfo/nationItemMovileView/jsp/Page.do?cdKey=101013&categoryIdx=69,http://news.kotra.or.kr/user/extra/mkotranews/nationInfo/nationItemMovileView/jsp/Page.do?cdKey=101013&categoryIdx=233,http://news.kotra.or.kr/user/extra/mkotranews/nationInfo/nationItemMovileView/jsp/Page.do?cdKey=101013&categoryIdx=80,http://news.kotra.or.kr/user/extra/mkotranews/nationInfo/nationItemMovileView/jsp/Page.do?cdKey=101013&categoryIdx=250,http://news.kotra.or.kr/user/extra/mkotranews/nationInfo/nationItemMovileView/jsp/Page.do?cdKey=101013&categoryIdx=81,http://news.kotra.or.kr/user/extra/mkotranews/nationInfo/nationItemMovileView/jsp/Page.do?cdKey=101013&categoryIdx=248
라오스,http://news.kotra.or.kr/user/nationInfo/mkotranews/172/userNationBasicMobileView.do?nationIdx=64,http://news.kotra.or.kr/user/extra/mkotranews/nationInfo/nationItemMovileView/jsp/Page.do?cdKey=101086&categoryIdx=63,http://news.kotra.or.kr/user/extra/mkotranews/nationInfo/nationItemMovileView/jsp/Page.do?cdKey=101086&categoryIdx=65,http://news.kotra.or.kr/user/extra/mkotranews/nationInfo/nationItemMovileView/jsp/Page.do?cdKey=101086&categoryIdx=69,http://news.kotra.or.kr/user/extra/mkotranews/nationInfo/nationItemMovileView/jsp/Page.do?cdKey=101086&categoryIdx=233,http://news.kotra.or.kr/user/extra/mkotranews/nationInfo/nationItemMovileView/jsp/Page.do?cdKey=101086&categoryIdx=80,http://news.kotra.or.kr/user/extra/mkotranews/nationInfo/nationItemMovileView/jsp/Page.do?cdKey=101086&categoryIdx=250,http://news.kotra.or.kr/user/extra/mkotranews/nationInfo/nationItemMovileView/jsp/Page.do?cdKey=101086&categoryIdx=81,http://news.kotra.or.kr/user/extra/mkotranews/nationInfo/nationItemMovileView/jsp/Page.do?cdKey=101086&categoryIdx=248
러시아,http://news.kotra.or.kr/user/nationInfo/mkotranews/172/userNationBasicMobileView.do?nationIdx=155,http://news.kotra.or.kr/user/extra/mkotranews/nationInfo/nationItemMovileView/jsp/Page.do?cdKey=101093&categoryIdx=63,http://news.kotra.or.kr/user/extra/mkotranews/nationInfo/nationItemMovileView/jsp/Page.do?cdKey=101093&categoryIdx=65,http://news.kotra.or.kr/user/extra/mkotranews/nationInfo/nationItemMovileView/jsp/Page.do?cdKey=101093&categoryIdx=69,http://news.kotra.or.kr/user/extra/mkotranews/nationInfo/nationItemMovileView/jsp/Page.do?cdKey=101093&categoryIdx=233,http://news.kotra.or.kr/user/extra/mkotranews/nationInfo/nationItemMovileView/jsp/Page.do?cdKey=101093&categoryIdx=80,http://news.kotra.or.kr/user/extra/mkotranews/nationInfo/nationItemMovileView/jsp/Page.do?cdKey=101093&categoryIdx=250,http://news.kotra.or.kr/user/extra/mkotranews/nationInfo/nationItemMovileView/jsp/Page.do?cdKey=101093&categoryIdx=81,http://news.kotra.or.kr/user/extra/mkotranews/nationInfo/nationItemMovileView/jsp/Page.do?cdKey=101093&categoryIdx=248
루마니아,http://news.kotra.or.kr/user/nationInfo/mkotranews/172/userNationBasicMobileView.do?nationIdx=146,http://news.kotra.or.kr/user/extra/mkotranews/nationInfo/nationItemMovileView/jsp/Page.do?cdKey=101021&categoryIdx=63,http://news.kotra.or.kr/user/extra/mkotranews/nationInfo/nationItemMovileView/jsp/Page.do?cdKey=101021&categoryIdx=65,http://news.kotra.or.kr/user/extra/mkotranews/nationInfo/nationItemMovileView/jsp/Page.do?cdKey=101021&categoryIdx=69,http://news.kotra.or.kr/user/extra/mkotranews/nationInfo/nationItemMovileView/jsp/Page.do?cdKey=101021&categoryIdx=233,http://news.kotra.or.kr/user/extra/mkotranews/nationInfo/nationItemMovileView/jsp/Page.do?cdKey=101021&categoryIdx=80,http://news.kotra.or.kr/user/extra/mkotranews/nationInfo/nationItemMovileView/jsp/Page.do?cdKey=101021&categoryIdx=250,http://news.kotra.or.kr/user/extra/mkotranews/nationInfo/nationItemMovileView/jsp/Page.do?cdKey=101021&categoryIdx=81,http://news.kotra.or.kr/user/extra/mkotranews/nationInfo/nationItemMovileView/jsp/Page.do?cdKey=101021&categoryIdx=248
말레이시아,http://news.kotra.or.kr/user/nationInfo/mkotranews/172/userNationBasicMobileView.do?nationIdx=56,http://news.kotra.or.kr/user/extra/mkotranews/nationInfo/nationItemMovileView/jsp/Page.do?cdKey=101076&categoryIdx=63,http://news.kotra.or.kr/user/extra/mkotranews/nationInfo/nationItemMovileView/jsp/Page.do?cdKey=101076&categoryIdx=65,http://news.kotra.or.kr/user/extra/mkotranews/nationInfo/nationItemMovileView/jsp/Page.do?cdKey=101076&categoryIdx=69,http://news.kotra.or.kr/user/extra/mkotranews/nationInfo/nationItemMovileView/jsp/Page.do?cdKey=101076&categoryIdx=233,http://news.kotra.or.kr/user/extra/mkotranews/nationInfo/nationItemMovileView/jsp/Page.do?cdKey=101076&categoryIdx=80,http://news.kotra.or.kr/user/extra/mkotranews/nationInfo/nationItemMovileView/jsp/Page.do?cdKey=101076&categoryIdx=250,http://news.kotra.or.kr/user/extra/mkotranews/nationInfo/nationItemMovileView/jsp/Page.do?cdKey=101076&categoryIdx=81,http://news.kotra.or.kr/user/extra/mkotranews/nationInfo/nationItemMovileView/jsp/Page.do?cdKey=101076&categoryIdx=248
멕시코,http://news.kotra.or.kr/user/nationInfo/mkotranews/172/userNationBasicMobileView.do?nationIdx=118,http://news.kotra.or.kr/user/extra/mkotranews/nationInfo/nationItemMovileView/jsp/Page.do?cdKey=101054&categoryIdx=63,http://news.kotra.or.kr/user/extra/mkotranews/nationInfo/nationItemMovileView/jsp/Page.do?cdKey=101054&categoryIdx=65,http://news.kotra.or.kr/user/extra/mkotranews/nationInfo/nationItemMovileView/jsp/Page.do?cdKey=101054&categoryIdx=69,http://news.kotra.or.kr/user/extra/mkotranews/nationInfo/nationItemMovileView/jsp/Page.do?cdKey=101054&categoryIdx=233,http://news.kotra.or.kr/user/extra/mkotranews/nationInfo/nationItemMovileView/jsp/Page.do?cdKey=101054&categoryIdx=80,http://news.kotra.or.kr/user/extra/mkotranews/nationInfo/nationItemMovileView/jsp/Page.do?cdKey=101054&categoryIdx=250,http://news.kotra.or.kr/user/extra/mkotranews/nationInfo/nationItemMovileView/jsp/Page.do?cdKey=101054&categoryIdx=81,http://news.kotra.or.kr/user/extra/mkotranews/nationInfo/nationItemMovileView/jsp/Page.do?cdKey=101054&categoryIdx=248
모로코,http://www.globalwindow.org/quasar_jsp/inc/gw_downloadpdf.html?fileName=/gw_files/NationPDF/101106/101106_101_5044387.pdf,http://news.kotra.or.kr/user/extra/mkotranews/nationInfo/nationItemMovileView/jsp/Page.do?cdKey=101106&categoryIdx=63,http://news.kotra.or.kr/user/extra/mkotranews/nationInfo/nationItemMovileView/jsp/Page.do?cdKey=101106&categoryIdx=65,http://news.kotra.or.kr/user/extra/mkotranews/nationInfo/nationItemMovileView/jsp/Page.do?cdKey=101106&categoryIdx=69,http://news.kotra.or.kr/user/extra/mkotranews/nationInfo/nationItemMovileView/jsp/Page.do?cdKey=101106&categoryIdx=233,http://news.kotra.or.kr/user/extra/mkotranews/nationInfo/nationItemMovileView/jsp/Page.do?cdKey=101106&categoryIdx=80,http://news.kotra.or.kr/user/extra/mkotranews/nationInfo/nationItemMovileView/jsp/Page.do?cdKey=101106&categoryIdx=250,http://news.kotra.or.kr/user/extra/mkotranews/nationInfo/nationItemMovileView/jsp/Page.do?cdKey=101106&categoryIdx=81,http://news.kotra.or.kr/user/extra/mkotranews/nationInfo/nationItemMovileView/jsp/Page.do?cdKey=101106&categoryIdx=248
모리셔스,http://news.kotra.or.kr/user/nationInfo/mkotranews/172/userNationBasicMobileView.do?nationIdx=173,http://news.kotra.or.kr/user/extra/mkotranews/nationInfo/nationItemMovileView/jsp/Page.do?cdKey=101153&categoryIdx=63,http://news.kotra.or.kr/user/extra/mkotranews/nationInfo/nationItemMovileView/jsp/Page.do?cdKey=101153&categoryIdx=65,http://news.kotra.or.kr/user/extra/mkotranews/nationInfo/nationItemMovileView/jsp/Page.do?cdKey=101153&categoryIdx=69,http://news.kotra.or.kr/user/extra/mkotranews/nationInfo/nationItemMovileView/jsp/Page.do?cdKey=101153&categoryIdx=233,http://news.kotra.or.kr/user/extra/mkotranews/nationInfo/nationItemMovileView/jsp/Page.do?cdKey=101153&categoryIdx=80,http://news.kotra.or.kr/user/extra/mkotranews/nationInfo/nationItemMovileView/jsp/Page.do?cdKey=101153&categoryIdx=250,http://news.kotra.or.kr/user/extra/mkotranews/nationInfo/nationItemMovileView/jsp/Page.do?cdKey=101153&categoryIdx=81,http://news.kotra.or.kr/user/extra/mkotranews/nationInfo/nationItemMovileView/jsp/Page.do?cdKey=101153&categoryIdx=248
모잠비크,http://news.kotra.or.kr/user/nationInfo/mkotranews/172/userNationBasicMobileView.do?nationIdx=137,http://news.kotra.or.kr/user/extra/mkotranews/nationInfo/nationItemMovileView/jsp/Page.do?cdKey=101155&categoryIdx=63,http://news.kotra.or.kr/user/extra/mkotranews/nationInfo/nationItemMovileView/jsp/Page.do?cdKey=101155&categoryIdx=65,http://news.kotra.or.kr/user/extra/mkotranews/nationInfo/nationItemMovileView/jsp/Page.do?cdKey=101155&categoryIdx=69,http://news.kotra.or.kr/user/extra/mkotranews/nationInfo/nationItemMovileView/jsp/Page.do?cdKey=101155&categoryIdx=233,http://news.kotra.or.kr/user/extra/mkotranews/nationInfo/nationItemMovileView/jsp/Page.do?cdKey=101155&categoryIdx=80,http://news.kotra.or.kr/user/extra/mkotranews/nationInfo/nationItemMovileView/jsp/Page.do?cdKey=101155&categoryIdx=250,http://news.kotra.or.kr/user/extra/mkotranews/nationInfo/nationItemMovileView/jsp/Page.do?cdKey=101155&categoryIdx=81,http://news.kotra.or.kr/user/extra/mkotranews/nationInfo/nationItemMovileView/jsp/Page.do?cdKey=101155&categoryIdx=248
몽골,http://news.kotra.or.kr/user/nationInfo/mkotranews/172/userNationBasicMobileView.do?nationIdx=65,http://news.kotra.or.kr/user/extra/mkotranews/nationInfo/nationItemMovileView/jsp/Page.do?cdKey=101088&categoryIdx=63,http://news.kotra.or.kr/user/extra/mkotranews/nationInfo/nationItemMovileView/jsp/Page.do?cdKey=101088&categoryIdx=65,http://news.kotra.or.kr/user/extra/mkotranews/nationInfo/nationItemMovileView/jsp/Page.do?cdKey=101088&categoryIdx=69,http://news.kotra.or.kr/user/extra/mkotranews/nationInfo/nationItemMovileView/jsp/Page.do?cdKey=101088&categoryIdx=233,http://news.kotra.or.kr/user/extra/mkotranews/nationInfo/nationItemMovileView/jsp/Page.do?cdKey=101088&categoryIdx=80,http://news.kotra.or.kr/user/extra/mkotranews/nationInfo/nationItemMovileView/jsp/Page.do?cdKey=101088&categoryIdx=250,http://news.kotra.or.kr/user/extra/mkotranews/nationInfo/nationItemMovileView/jsp/Page.do?cdKey=101088&categoryIdx=81,http://news.kotra.or.kr/user/extra/mkotranews/nationInfo/nationItemMovileView/jsp/Page.do?cdKey=101088&categoryIdx=248
미국,http://news.kotra.or.kr/user/nationInfo/mkotranews/172/userNationBasicMobileView.do?nationIdx=52,http://news.kotra.or.kr/user/extra/mkotranews/nationInfo/nationItemMovileView/jsp/Page.do?cdKey=101001&categoryIdx=63,http://news.kotra.or.kr/user/extra/mkotranews/nationInfo/nationItemMovileView/jsp/Page.do?cdKey=101001&categoryIdx=65,http://news.kotra.or.kr/user/extra/mkotranews/nationInfo/nationItemMovileView/jsp/Page.do?cdKey=101001&categoryIdx=69,http://news.kotra.or.kr/user/extra/mkotranews/nationInfo/nationItemMovileView/jsp/Page.do?cdKey=101001&categoryIdx=233,http://news.kotra.or.kr/user/extra/mkotranews/nationInfo/nationItemMovileView/jsp/Page.do?cdKey=101001&categoryIdx=80,http://news.kotra.or.kr/user/extra/mkotranews/nationInfo/nationItemMovileView/jsp/Page.do?cdKey=101001&categoryIdx=250,http://news.kotra.or.kr/user/extra/mkotranews/nationInfo/nationItemMovileView/jsp/Page.do?cdKey=101001&categoryIdx=81,http://news.kotra.or.kr/user/extra/mkotranews/nationInfo/nationItemMovileView/jsp/Page.do?cdKey=101001&categoryIdx=248
미얀마,http://news.kotra.or.kr/user/nationInfo/mkotranews/172/userNationBasicMobileView.do?nationIdx=398,http://news.kotra.or.kr/user/extra/mkotranews/nationInfo/nationItemMovileView/jsp/Page.do?cdKey=101077&categoryIdx=63,http://news.kotra.or.kr/user/extra/mkotranews/nationInfo/nationItemMovileView/jsp/Page.do?cdKey=101077&categoryIdx=65,http://news.kotra.or.kr/user/extra/mkotranews/nationInfo/nationItemMovileView/jsp/Page.do?cdKey=101077&categoryIdx=69,http://news.kotra.or.kr/user/extra/mkotranews/nationInfo/nationItemMovileView/jsp/Page.do?cdKey=101077&categoryIdx=233,http://news.kotra.or.kr/user/extra/mkotranews/nationInfo/nationItemMovileView/jsp/Page.do?cdKey=101077&categoryIdx=80,http://news.kotra.or.kr/user/extra/mkotranews/nationInfo/nationItemMovileView/jsp/Page.do?cdKey=101077&categoryIdx=250,http://news.kotra.or.kr/user/extra/mkotranews/nationInfo/nationItemMovileView/jsp/Page.do?cdKey=101077&categoryIdx=81,http://news.kotra.or.kr/user/extra/mkotranews/nationInfo/nationItemMovileView/jsp/Page.do?cdKey=101077&categoryIdx=248
방글라데시,http://news.kotra.or.kr/user/nationInfo/mkotranews/172/userNationBasicMobileView.do?nationIdx=54,http://news.kotra.or.kr/user/extra/mkotranews/nationInfo/nationItemMovileView/jsp/Page.do?cdKey=101072&categoryIdx=63,http://news.kotra.or.kr/user/extra/mkotranews/nationInfo/nationItemMovileView/jsp/Page.do?cdKey=101072&categoryIdx=65,http://news.kotra.or.kr/user/extra/mkotranews/nationInfo/nationItemMovileView/jsp/Page.do?cdKey=101072&categoryIdx=69,http://news.kotra.or.kr/user/extra/mkotranews/nationInfo/nationItemMovileView/jsp/Page.do?cdKey=101072&categoryIdx=233,http://news.kotra.or.kr/user/extra/mkotranews/nationInfo/nationItemMovileView/jsp/Page.do?cdKey=101072&categoryIdx=80,http://news.kotra.or.kr/user/extra/mkotranews/nationInfo/nationItemMovileView/jsp/Page.do?cdKey=101072&categoryIdx=250,http://news.kotra.or.kr/user/extra/mkotranews/nationInfo/nationItemMovileView/jsp/Page.do?cdKey=101072&categoryIdx=81,http://news.kotra.or.kr/user/extra/mkotranews/nationInfo/nationItemMovileView/jsp/Page.do?cdKey=101072&categoryIdx=248
베네수엘라,http://news.kotra.or.kr/user/nationInfo/mkotranews/172/userNationBasicMobileView.do?nationIdx=177,http://news.kotra.or.kr/user/extra/mkotranews/nationInfo/nationItemMovileView/jsp/Page.do?cdKey=101057&categoryIdx=63,http://news.kotra.or.kr/user/extra/mkotranews/nationInfo/nationItemMovileView/jsp/Page.do?cdKey=101057&categoryIdx=65,http://news.kotra.or.kr/user/extra/mkotranews/nationInfo/nationItemMovileView/jsp/Page.do?cdKey=101057&categoryIdx=69,http://news.kotra.or.kr/user/extra/mkotranews/nationInfo/nationItemMovileView/jsp/Page.do?cdKey=101057&categoryIdx=233,http://news.kotra.or.kr/user/extra/mkotranews/nationInfo/nationItemMovileView/jsp/Page.do?cdKey=101057&categoryIdx=80,http://news.kotra.or.kr/user/extra/mkotranews/nationInfo/nationItemMovileView/jsp/Page.do?cdKey=101057&categoryIdx=250,http://news.kotra.or.kr/user/extra/mkotranews/nationInfo/nationItemMovileView/jsp/Page.do?cdKey=101057&categoryIdx=81,http://news.kotra.or.kr/user/extra/mkotranews/nationInfo/nationItemMovileView/jsp/Page.do?cdKey=101057&categoryIdx=248
베트남,http://news.kotra.or.kr/user/nationInfo/mkotranews/172/userNationBasicMobileView.do?nationIdx=63,http://news.kotra.or.kr/user/extra/mkotranews/nationInfo/nationItemMovileView/jsp/Page.do?cdKey=101084&categoryIdx=63,http://news.kotra.or.kr/user/extra/mkotranews/nationInfo/nationItemMovileView/jsp/Page.do?cdKey=101084&categoryIdx=65,http://news.kotra.or.kr/user/extra/mkotranews/nationInfo/nationItemMovileView/jsp/Page.do?cdKey=101084&categoryIdx=69,http://news.kotra.or.kr/user/extra/mkotranews/nationInfo/nationItemMovileView/jsp/Page.do?cdKey=101084&categoryIdx=233,http://news.kotra.or.kr/user/extra/mkotranews/nationInfo/nationItemMovileView/jsp/Page.do?cdKey=101084&categoryIdx=80,http://news.kotra.or.kr/user/extra/mkotranews/nationInfo/nationItemMovileView/jsp/Page.do?cdKey=101084&categoryIdx=250,http://news.kotra.or.kr/user/extra/mkotranews/nationInfo/nationItemMovileView/jsp/Page.do?cdKey=101084&categoryIdx=81,http://news.kotra.or.kr/user/extra/mkotranews/nationInfo/nationItemMovileView/jsp/Page.do?cdKey=101084&categoryIdx=248
벨기에,http://news.kotra.or.kr/user/nationInfo/mkotranews/172/userNationBasicMobileView.do?nationIdx=116,http://news.kotra.or.kr/user/extra/mkotranews/nationInfo/nationItemMovileView/jsp/Page.do?cdKey=101005&categoryIdx=63,http://news.kotra.or.kr/user/extra/mkotranews/nationInfo/nationItemMovileView/jsp/Page.do?cdKey=101005&categoryIdx=65,http://news.kotra.or.kr/user/extra/mkotranews/nationInfo/nationItemMovileView/jsp/Page.do?cdKey=101005&categoryIdx=69,http://news.kotra.or.kr/user/extra/mkotranews/nationInfo/nationItemMovileView/jsp/Page.do?cdKey=101005&categoryIdx=233,http://news.kotra.or.kr/user/extra/mkotranews/nationInfo/nationItemMovileView/jsp/Page.do?cdKey=101005&categoryIdx=80,http://news.kotra.or.kr/user/extra/mkotranews/nationInfo/nationItemMovileView/jsp/Page.do?cdKey=101005&categoryIdx=250,http://news.kotra.or.kr/user/extra/mkotranews/nationInfo/nationItemMovileView/jsp/Page.do?cdKey=101005&categoryIdx=81,http://news.kotra.or.kr/user/extra/mkotranews/nationInfo/nationItemMovileView/jsp/Page.do?cdKey=101005&categoryIdx=248
벨라루스,http://news.kotra.or.kr/user/nationInfo/mkotranews/172/userNationBasicMobileView.do?nationIdx=122,http://news.kotra.or.kr/user/extra/mkotranews/nationInfo/nationItemMovileView/jsp/Page.do?cdKey=101033&categoryIdx=63,http://news.kotra.or.kr/user/extra/mkotranews/nationInfo/nationItemMovileView/jsp/Page.do?cdKey=101033&categoryIdx=65,http://news.kotra.or.kr/user/extra/mkotranews/nationInfo/nationItemMovileView/jsp/Page.do?cdKey=101033&categoryIdx=69,http://news.kotra.or.kr/user/extra/mkotranews/nationInfo/nationItemMovileView/jsp/Page.do?cdKey=101033&categoryIdx=233,http://news.kotra.or.kr/user/extra/mkotranews/nationInfo/nationItemMovileView/jsp/Page.do?cdKey=101033&categoryIdx=80,http://news.kotra.or.kr/user/extra/mkotranews/nationInfo/nationItemMovileView/jsp/Page.do?cdKey=101033&categoryIdx=250,http://news.kotra.or.kr/user/extra/mkotranews/nationInfo/nationItemMovileView/jsp/Page.do?cdKey=101033&categoryIdx=81,http://news.kotra.or.kr/user/extra/mkotranews/nationInfo/nationItemMovileView/jsp/Page.do?cdKey=101033&categoryIdx=248
불가리아,http://news.kotra.or.kr/user/nationInfo/mkotranews/172/userNationBasicMobileView.do?nationIdx=139,http://news.kotra.or.kr/user/extra/mkotranews/nationInfo/nationItemMovileView/jsp/Page.do?cdKey=101006&categoryIdx=63,http://news.kotra.or.kr/user/extra/mkotranews/nationInfo/nationItemMovileView/jsp/Page.do?cdKey=101006&categoryIdx=65,http://news.kotra.or.kr/user/extra/mkotranews/nationInfo/nationItemMovileView/jsp/Page.do?cdKey=101006&categoryIdx=69,http://news.kotra.or.kr/user/extra/mkotranews/nationInfo/nationItemMovileView/jsp/Page.do?cdKey=101006&categoryIdx=233,http://news.kotra.or.kr/user/extra/mkotranews/nationInfo/nationItemMovileView/jsp/Page.do?cdKey=101006&categoryIdx=80,http://news.kotra.or.kr/user/extra/mkotranews/nationInfo/nationItemMovileView/jsp/Page.do?cdKey=101006&categoryIdx=250,http://news.kotra.or.kr/user/extra/mkotranews/nationInfo/nationItemMovileView/jsp/Page.do?cdKey=101006&categoryIdx=81,http://news.kotra.or.kr/user/extra/mkotranews/nationInfo/nationItemMovileView/jsp/Page.do?cdKey=101006&categoryIdx=248
브라질,http://news.kotra.or.kr/user/nationInfo/mkotranews/172/userNationBasicMobileView.do?nationIdx=178,http://news.kotra.or.kr/user/extra/mkotranews/nationInfo/nationItemMovileView/jsp/Page.do?cdKey=101048&categoryIdx=63,http://news.kotra.or.kr/user/extra/mkotranews/nationInfo/nationItemMovileView/jsp/Page.do?cdKey=101048&categoryIdx=65,http://news.kotra.or.kr/user/extra/mkotranews/nationInfo/nationItemMovileView/jsp/Page.do?cdKey=101048&categoryIdx=69,http://news.kotra.or.kr/user/extra/mkotranews/nationInfo/nationItemMovileView/jsp/Page.do?cdKey=101048&categoryIdx=233,http://news.kotra.or.kr/user/extra/mkotranews/nationInfo/nationItemMovileView/jsp/Page.do?cdKey=101048&categoryIdx=80,http://news.kotra.or.kr/user/extra/mkotranews/nationInfo/nationItemMovileView/jsp/Page.do?cdKey=101048&categoryIdx=250,http://news.kotra.or.kr/user/extra/mkotranews/nationInfo/nationItemMovileView/jsp/Page.do?cdKey=101048&categoryIdx=81,http://news.kotra.or.kr/user/extra/mkotranews/nationInfo/nationItemMovileView/jsp/Page.do?cdKey=101048&categoryIdx=248
사우디아라비아,http://news.kotra.or.kr/user/nationInfo/mkotranews/172/userNationBasicMobileView.do?nationIdx=86,http://news.kotra.or.kr/user/extra/mkotranews/nationInfo/nationItemMovileView/jsp/Page.do?cdKey=101109&categoryIdx=63,http://news.kotra.or.kr/user/extra/mkotranews/nationInfo/nationItemMovileView/jsp/Page.do?cdKey=101109&categoryIdx=65,http://news.kotra.or.kr/user/extra/mkotranews/nationInfo/nationItemMovileView/jsp/Page.do?cdKey=101109&categoryIdx=69,http://news.kotra.or.kr/user/extra/mkotranews/nationInfo/nationItemMovileView/jsp/Page.do?cdKey=101109&categoryIdx=233,http://news.kotra.or.kr/user/extra/mkotranews/nationInfo/nationItemMovileView/jsp/Page.do?cdKey=101109&categoryIdx=80,http://news.kotra.or.kr/user/extra/mkotranews/nationInfo/nationItemMovileView/jsp/Page.do?cdKey=101109&categoryIdx=250,http://news.kotra.or.kr/user/extra/mkotranews/nationInfo/nationItemMovileView/jsp/Page.do?cdKey=101109&categoryIdx=81,http://news.kotra.or.kr/user/extra/mkotranews/nationInfo/nationItemMovileView/jsp/Page.do?cdKey=101109&categoryIdx=248
세르비아,http://news.kotra.or.kr/user/nationInfo/mkotranews/172/userNationBasicMobileView.do?nationIdx=148,http://news.kotra.or.kr/user/extra/mkotranews/nationInfo/nationItemMovileView/jsp/Page.do?cdKey=101022&categoryIdx=63,http://news.kotra.or.kr/user/extra/mkotranews/nationInfo/nationItemMovileView/jsp/Page.do?cdKey=101022&categoryIdx=65,http://news.kotra.or.kr/user/extra/mkotranews/nationInfo/nationItemMovileView/jsp/Page.do?cdKey=101022&categoryIdx=69,http://news.kotra.or.kr/user/extra/mkotranews/nationInfo/nationItemMovileView/jsp/Page.do?cdKey=101022&categoryIdx=233,http://news.kotra.or.kr/user/extra/mkotranews/nationInfo/nationItemMovileView/jsp/Page.do?cdKey=101022&categoryIdx=80,http://news.kotra.or.kr/user/extra/mkotranews/nationInfo/nationItemMovileView/jsp/Page.do?cdKey=101022&categoryIdx=250,http://news.kotra.or.kr/user/extra/mkotranews/nationInfo/nationItemMovileView/jsp/Page.do?cdKey=101022&categoryIdx=81,http://news.kotra.or.kr/user/extra/mkotranews/nationInfo/nationItemMovileView/jsp/Page.do?cdKey=101022&categoryIdx=248
수단,http://news.kotra.or.kr/user/nationInfo/mkotranews/172/userNationBasicMobileView.do?nationIdx=149,http://news.kotra.or.kr/user/extra/mkotranews/nationInfo/nationItemMovileView/jsp/Page.do?cdKey=101144&categoryIdx=63,http://news.kotra.or.kr/user/extra/mkotranews/nationInfo/nationItemMovileView/jsp/Page.do?cdKey=101144&categoryIdx=65,http://news.kotra.or.kr/user/extra/mkotranews/nationInfo/nationItemMovileView/jsp/Page.do?cdKey=101144&categoryIdx=69,http://news.kotra.or.kr/user/extra/mkotranews/nationInfo/nationItemMovileView/jsp/Page.do?cdKey=101144&categoryIdx=233,http://news.kotra.or.kr/user/extra/mkotranews/nationInfo/nationItemMovileView/jsp/Page.do?cdKey=101144&categoryIdx=80,http://news.kotra.or.kr/user/extra/mkotranews/nationInfo/nationItemMovileView/jsp/Page.do?cdKey=101144&categoryIdx=250,http://news.kotra.or.kr/user/extra/mkotranews/nationInfo/nationItemMovileView/jsp/Page.do?cdKey=101144&categoryIdx=81,http://news.kotra.or.kr/user/extra/mkotranews/nationInfo/nationItemMovileView/jsp/Page.do?cdKey=101144&categoryIdx=248
스리랑카,http://news.kotra.or.kr/user/nationInfo/mkotranews/172/userNationBasicMobileView.do?nationIdx=61,http://news.kotra.or.kr/user/extra/mkotranews/nationInfo/nationItemMovileView/jsp/Page.do?cdKey=101082&categoryIdx=63,http://news.kotra.or.kr/user/extra/mkotranews/nationInfo/nationItemMovileView/jsp/Page.do?cdKey=101082&categoryIdx=65,http://news.kotra.or.kr/user/extra/mkotranews/nationInfo/nationItemMovileView/jsp/Page.do?cdKey=101082&categoryIdx=69,http://news.kotra.or.kr/user/extra/mkotranews/nationInfo/nationItemMovileView/jsp/Page.do?cdKey=101082&categoryIdx=233,http://news.kotra.or.kr/user/extra/mkotranews/nationInfo/nationItemMovileView/jsp/Page.do?cdKey=101082&categoryIdx=80,http://news.kotra.or.kr/user/extra/mkotranews/nationInfo/nationItemMovileView/jsp/Page.do?cdKey=101082&categoryIdx=250,http://news.kotra.or.kr/user/extra/mkotranews/nationInfo/nationItemMovileView/jsp/Page.do?cdKey=101082&categoryIdx=81,http://news.kotra.or.kr/user/extra/mkotranews/nationInfo/nationItemMovileView/jsp/Page.do?cdKey=101082&categoryIdx=248
스웨덴,http://news.kotra.or.kr/user/nationInfo/mkotranews/172/userNationBasicMobileView.do?nationIdx=124,http://news.kotra.or.kr/user/extra/mkotranews/nationInfo/nationItemMovileView/jsp/Page.do?cdKey=101024&categoryIdx=63,http://news.kotra.or.kr/user/extra/mkotranews/nationInfo/nationItemMovileView/jsp/Page.do?cdKey=101024&categoryIdx=65,http://news.kotra.or.kr/user/extra/mkotranews/nationInfo/nationItemMovileView/jsp/Page.do?cdKey=101024&categoryIdx=69,http://news.kotra.or.kr/user/extra/mkotranews/nationInfo/nationItemMovileView/jsp/Page.do?cdKey=101024&categoryIdx=233,http://news.kotra.or.kr/user/extra/mkotranews/nationInfo/nationItemMovileView/jsp/Page.do?cdKey=101024&categoryIdx=80,http://news.kotra.or.kr/user/extra/mkotranews/nationInfo/nationItemMovileView/jsp/Page.do?cdKey=101024&categoryIdx=250,http://news.kotra.or.kr/user/extra/mkotranews/nationInfo/nationItemMovileView/jsp/Page.do?cdKey=101024&categoryIdx=81,http://news.kotra.or.kr/user/extra/mkotranews/nationInfo/nationItemMovileView/jsp/Page.do?cdKey=101024&categoryIdx=248
스위스,http://news.kotra.or.kr/user/nationInfo/mkotranews/172/userNationBasicMobileView.do?nationIdx=82,http://news.kotra.or.kr/user/extra/mkotranews/nationInfo/nationItemMovileView/jsp/Page.do?cdKey=101025&categoryIdx=63,http://news.kotra.or.kr/user/extra/mkotranews/nationInfo/nationItemMovileView/jsp/Page.do?cdKey=101025&categoryIdx=65,http://news.kotra.or.kr/user/extra/mkotranews/nationInfo/nationItemMovileView/jsp/Page.do?cdKey=101025&categoryIdx=69,http://news.kotra.or.kr/user/extra/mkotranews/nationInfo/nationItemMovileView/jsp/Page.do?cdKey=101025&categoryIdx=233,http://news.kotra.or.kr/user/extra/mkotranews/nationInfo/nationItemMovileView/jsp/Page.do?cdKey=101025&categoryIdx=80,http://news.kotra.or.kr/user/extra/mkotranews/nationInfo/nationItemMovileView/jsp/Page.do?cdKey=101025&categoryIdx=250,http://news.kotra.or.kr/user/extra/mkotranews/nationInfo/nationItemMovileView/jsp/Page.do?cdKey=101025&categoryIdx=81,http://news.kotra.or.kr/user/extra/mkotranews/nationInfo/nationItemMovileView/jsp/Page.do?cdKey=101025&categoryIdx=248
스페인,http://news.kotra.or.kr/user/nationInfo/mkotranews/172/userNationBasicMobileView.do?nationIdx=141,http://news.kotra.or.kr/user/extra/mkotranews/nationInfo/nationItemMovileView/jsp/Page.do?cdKey=101036&categoryIdx=63,http://news.kotra.or.kr/user/extra/mkotranews/nationInfo/nationItemMovileView/jsp/Page.do?cdKey=101036&categoryIdx=65,http://news.kotra.or.kr/user/extra/mkotranews/nationInfo/nationItemMovileView/jsp/Page.do?cdKey=101036&categoryIdx=69,http://news.kotra.or.kr/user/extra/mkotranews/nationInfo/nationItemMovileView/jsp/Page.do?cdKey=101036&categoryIdx=233,http://news.kotra.or.kr/user/extra/mkotranews/nationInfo/nationItemMovileView/jsp/Page.do?cdKey=101036&categoryIdx=80,http://news.kotra.or.kr/user/extra/mkotranews/nationInfo/nationItemMovileView/jsp/Page.do?cdKey=101036&categoryIdx=250,http://news.kotra.or.kr/user/extra/mkotranews/nationInfo/nationItemMovileView/jsp/Page.do?cdKey=101036&categoryIdx=81,http://news.kotra.or.kr/user/extra/mkotranews/nationInfo/nationItemMovileView/jsp/Page.do?cdKey=101036&categoryIdx=248
슬로바키아,http://news.kotra.or.kr/user/nationInfo/mkotranews/172/userNationBasicMobileView.do?nationIdx=180,http://news.kotra.or.kr/user/extra/mkotranews/nationInfo/nationItemMovileView/jsp/Page.do?cdKey=101037&categoryIdx=63,http://news.kotra.or.kr/user/extra/mkotranews/nationInfo/nationItemMovileView/jsp/Page.do?cdKey=101037&categoryIdx=65,http://news.kotra.or.kr/user/extra/mkotranews/nationInfo/nationItemMovileView/jsp/Page.do?cdKey=101037&categoryIdx=69,http://news.kotra.or.kr/user/extra/mkotranews/nationInfo/nationItemMovileView/jsp/Page.do?cdKey=101037&categoryIdx=233,http://news.kotra.or.kr/user/extra/mkotranews/nationInfo/nationItemMovileView/jsp/Page.do?cdKey=101037&categoryIdx=80,http://news.kotra.or.kr/user/extra/mkotranews/nationInfo/nationItemMovileView/jsp/Page.do?cdKey=101037&categoryIdx=250,http://news.kotra.or.kr/user/extra/mkotranews/nationInfo/nationItemMovileView/jsp/Page.do?cdKey=101037&categoryIdx=81,http://news.kotra.or.kr/user/extra/mkotranews/nationInfo/nationItemMovileView/jsp/Page.do?cdKey=101037&categoryIdx=248
싱가포르,http://news.kotra.or.kr/user/nationInfo/mkotranews/172/userNationBasicMobileView.do?nationIdx=60,http://news.kotra.or.kr/user/extra/mkotranews/nationInfo/nationItemMovileView/jsp/Page.do?cdKey=101081&categoryIdx=63,http://news.kotra.or.kr/user/extra/mkotranews/nationInfo/nationItemMovileView/jsp/Page.do?cdKey=101081&categoryIdx=65,http://news.kotra.or.kr/user/extra/mkotranews/nationInfo/nationItemMovileView/jsp/Page.do?cdKey=101081&categoryIdx=69,http://news.kotra.or.kr/user/extra/mkotranews/nationInfo/nationItemMovileView/jsp/Page.do?cdKey=101081&categoryIdx=233,http://news.kotra.or.kr/user/extra/mkotranews/nationInfo/nationItemMovileView/jsp/Page.do?cdKey=101081&categoryIdx=80,http://news.kotra.or.kr/user/extra/mkotranews/nationInfo/nationItemMovileView/jsp/Page.do?cdKey=101081&categoryIdx=250,http://news.kotra.or.kr/user/extra/mkotranews/nationInfo/nationItemMovileView/jsp/Page.do?cdKey=101081&categoryIdx=81,http://news.kotra.or.kr/user/extra/mkotranews/nationInfo/nationItemMovileView/jsp/Page.do?cdKey=101081&categoryIdx=248
아랍에미리트,http://news.kotra.or.kr/user/nationInfo/mkotranews/172/userNationBasicMobileView.do?nationIdx=181,http://news.kotra.or.kr/user/extra/mkotranews/nationInfo/nationItemMovileView/jsp/Page.do?cdKey=101111&categoryIdx=63,http://news.kotra.or.kr/user/extra/mkotranews/nationInfo/nationItemMovileView/jsp/Page.do?cdKey=101111&categoryIdx=65,http://news.kotra.or.kr/user/extra/mkotranews/nationInfo/nationItemMovileView/jsp/Page.do?cdKey=101111&categoryIdx=69,http://news.kotra.or.kr/user/extra/mkotranews/nationInfo/nationItemMovileView/jsp/Page.do?cdKey=101111&categoryIdx=233,http://news.kotra.or.kr/user/extra/mkotranews/nationInfo/nationItemMovileView/jsp/Page.do?cdKey=101111&categoryIdx=80,http://news.kotra.or.kr/user/extra/mkotranews/nationInfo/nationItemMovileView/jsp/Page.do?cdKey=101111&categoryIdx=250,http://news.kotra.or.kr/user/extra/mkotranews/nationInfo/nationItemMovileView/jsp/Page.do?cdKey=101111&categoryIdx=81,http://news.kotra.or.kr/user/extra/mkotranews/nationInfo/nationItemMovileView/jsp/Page.do?cdKey=101111&categoryIdx=248
아르헨티나,http://news.kotra.or.kr/user/nationInfo/mkotranews/172/userNationBasicMobileView.do?nationIdx=123,http://news.kotra.or.kr/user/extra/mkotranews/nationInfo/nationItemMovileView/jsp/Page.do?cdKey=101047&categoryIdx=63,http://news.kotra.or.kr/user/extra/mkotranews/nationInfo/nationItemMovileView/jsp/Page.do?cdKey=101047&categoryIdx=65,http://news.kotra.or.kr/user/extra/mkotranews/nationInfo/nationItemMovileView/jsp/Page.do?cdKey=101047&categoryIdx=69,http://news.kotra.or.kr/user/extra/mkotranews/nationInfo/nationItemMovileView/jsp/Page.do?cdKey=101047&categoryIdx=233,http://news.kotra.or.kr/user/extra/mkotranews/nationInfo/nationItemMovileView/jsp/Page.do?cdKey=101047&categoryIdx=80,http://news.kotra.or.kr/user/extra/mkotranews/nationInfo/nationItemMovileView/jsp/Page.do?cdKey=101047&categoryIdx=250,http://news.kotra.or.kr/user/extra/mkotranews/nationInfo/nationItemMovileView/jsp/Page.do?cdKey=101047&categoryIdx=81,http://news.kotra.or.kr/user/extra/mkotranews/nationInfo/nationItemMovileView/jsp/Page.do?cdKey=101047&categoryIdx=248
아제르바이잔,http://news.kotra.or.kr/user/nationInfo/mkotranews/172/userNationBasicMobileView.do?nationIdx=102,http://news.kotra.or.kr/user/extra/mkotranews/nationInfo/nationItemMovileView/jsp/Page.do?cdKey=101042&categoryIdx=63,http://news.kotra.or.kr/user/extra/mkotranews/nationInfo/nationItemMovileView/jsp/Page.do?cdKey=101042&categoryIdx=65,http://news.kotra.or.kr/user/extra/mkotranews/nationInfo/nationItemMovileView/jsp/Page.do?cdKey=101042&categoryIdx=69,http://news.kotra.or.kr/user/extra/mkotranews/nationInfo/nationItemMovileView/jsp/Page.do?cdKey=101042&categoryIdx=233,http://news.kotra.or.kr/user/extra/mkotranews/nationInfo/nationItemMovileView/jsp/Page.do?cdKey=101042&categoryIdx=80,http://news.kotra.or.kr/user/extra/mkotranews/nationInfo/nationItemMovileView/jsp/Page.do?cdKey=101042&categoryIdx=250,http://news.kotra.or.kr/user/extra/mkotranews/nationInfo/nationItemMovileView/jsp/Page.do?cdKey=101042&categoryIdx=81,http://news.kotra.or.kr/user/extra/mkotranews/nationInfo/nationItemMovileView/jsp/Page.do?cdKey=101042&categoryIdx=248
알제리,http://news.kotra.or.kr/user/nationInfo/mkotranews/172/userNationBasicMobileView.do?nationIdx=125,http://news.kotra.or.kr/user/extra/mkotranews/nationInfo/nationItemMovileView/jsp/Page.do?cdKey=101096&categoryIdx=63,http://news.kotra.or.kr/user/extra/mkotranews/nationInfo/nationItemMovileView/jsp/Page.do?cdKey=101096&categoryIdx=65,http://news.kotra.or.kr/user/extra/mkotranews/nationInfo/nationItemMovileView/jsp/Page.do?cdKey=101096&categoryIdx=69,http://news.kotra.or.kr/user/extra/mkotranews/nationInfo/nationItemMovileView/jsp/Page.do?cdKey=101096&categoryIdx=233,http://news.kotra.or.kr/user/extra/mkotranews/nationInfo/nationItemMovileView/jsp/Page.do?cdKey=101096&categoryIdx=80,http://news.kotra.or.kr/user/extra/mkotranews/nationInfo/nationItemMovileView/jsp/Page.do?cdKey=101096&categoryIdx=250,http://news.kotra.or.kr/user/extra/mkotranews/nationInfo/nationItemMovileView/jsp/Page.do?cdKey=101096&categoryIdx=81,http://news.kotra.or.kr/user/extra/mkotranews/nationInfo/nationItemMovileView/jsp/Page.do?cdKey=101096&categoryIdx=248
에콰도르,http://news.kotra.or.kr/user/nationInfo/mkotranews/172/userNationBasicMobileView.do?nationIdx=142,http://news.kotra.or.kr/user/extra/mkotranews/nationInfo/nationItemMovileView/jsp/Page.do?cdKey=101062&categoryIdx=63,http://news.kotra.or.kr/user/extra/mkotranews/nationInfo/nationItemMovileView/jsp/Page.do?cdKey=101062&categoryIdx=65,http://news.kotra.or.kr/user/extra/mkotranews/nationInfo/nationItemMovileView/jsp/Page.do?cdKey=101062&categoryIdx=69,http://news.kotra.or.kr/user/extra/mkotranews/nationInfo/nationItemMovileView/jsp/Page.do?cdKey=101062&categoryIdx=233,http://news.kotra.or.kr/user/extra/mkotranews/nationInfo/nationItemMovileView/jsp/Page.do?cdKey=101062&categoryIdx=80,http://news.kotra.or.kr/user/extra/mkotranews/nationInfo/nationItemMovileView/jsp/Page.do?cdKey=101062&categoryIdx=250,http://news.kotra.or.kr/user/extra/mkotranews/nationInfo/nationItemMovileView/jsp/Page.do?cdKey=101062&categoryIdx=81,http://news.kotra.or.kr/user/extra/mkotranews/nationInfo/nationItemMovileView/jsp/Page.do?cdKey=101062&categoryIdx=248
에티오피아,http://news.kotra.or.kr/user/nationInfo/mkotranews/172/userNationBasicMobileView.do?nationIdx=182,http://news.kotra.or.kr/user/extra/mkotranews/nationInfo/nationItemMovileView/jsp/Page.do?cdKey=101124&categoryIdx=63,http://news.kotra.or.kr/user/extra/mkotranews/nationInfo/nationItemMovileView/jsp/Page.do?cdKey=101124&categoryIdx=65,http://news.kotra.or.kr/user/extra/mkotranews/nationInfo/nationItemMovileView/jsp/Page.do?cdKey=101124&categoryIdx=69,http://news.kotra.or.kr/user/extra/mkotranews/nationInfo/nationItemMovileView/jsp/Page.do?cdKey=101124&categoryIdx=233,http://news.kotra.or.kr/user/extra/mkotranews/nationInfo/nationItemMovileView/jsp/Page.do?cdKey=101124&categoryIdx=80,http://news.kotra.or.kr/user/extra/mkotranews/nationInfo/nationItemMovileView/jsp/Page.do?cdKey=101124&categoryIdx=250,http://news.kotra.or.kr/user/extra/mkotranews/nationInfo/nationItemMovileView/jsp/Page.do?cdKey=101124&categoryIdx=81,http://news.kotra.or.kr/user/extra/mkotranews/nationInfo/nationItemMovileView/jsp/Page.do?cdKey=101124&categoryIdx=248
영국,http://news.kotra.or.kr/user/nationInfo/mkotranews/172/userNationBasicMobileView.do?nationIdx=157,http://news.kotra.or.kr/user/extra/mkotranews/nationInfo/nationItemMovileView/jsp/Page.do?cdKey=101010&categoryIdx=63,http://news.kotra.or.kr/user/extra/mkotranews/nationInfo/nationItemMovileView/jsp/Page.do?cdKey=101010&categoryIdx=65,http://news.kotra.or.kr/user/extra/mkotranews/nationInfo/nationItemMovileView/jsp/Page.do?cdKey=101010&categoryIdx=69,http://news.kotra.or.kr/user/extra/mkotranews/nationInfo/nationItemMovileView/jsp/Page.do?cdKey=101010&categoryIdx=233,http://news.kotra.or.kr/user/extra/mkotranews/nationInfo/nationItemMovileView/jsp/Page.do?cdKey=101010&categoryIdx=80,http://news.kotra.or.kr/user/extra/mkotranews/nationInfo/nationItemMovileView/jsp/Page.do?cdKey=101010&categoryIdx=250,http://news.kotra.or.kr/user/extra/mkotranews/nationInfo/nationItemMovileView/jsp/Page.do?cdKey=101010&categoryIdx=81,http://news.kotra.or.kr/user/extra/mkotranews/nationInfo/nationItemMovileView/jsp/Page.do?cdKey=101010&categoryIdx=248
오만,http://news.kotra.or.kr/user/nationInfo/mkotranews/172/userNationBasicMobileView.do?nationIdx=106,http://news.kotra.or.kr/user/extra/mkotranews/nationInfo/nationItemMovileView/jsp/Page.do?cdKey=101108&categoryIdx=63,http://news.kotra.or.kr/user/extra/mkotranews/nationInfo/nationItemMovileView/jsp/Page.do?cdKey=101108&categoryIdx=65,http://news.kotra.or.kr/user/extra/mkotranews/nationInfo/nationItemMovileView/jsp/Page.do?cdKey=101108&categoryIdx=69,http://news.kotra.or.kr/user/extra/mkotranews/nationInfo/nationItemMovileView/jsp/Page.do?cdKey=101108&categoryIdx=233,http://news.kotra.or.kr/user/extra/mkotranews/nationInfo/nationItemMovileView/jsp/Page.do?cdKey=101108&categoryIdx=80,http://news.kotra.or.kr/user/extra/mkotranews/nationInfo/nationItemMovileView/jsp/Page.do?cdKey=101108&categoryIdx=250,http://news.kotra.or.kr/user/extra/mkotranews/nationInfo/nationItemMovileView/jsp/Page.do?cdKey=101108&categoryIdx=81,http://news.kotra.or.kr/user/extra/mkotranews/nationInfo/nationItemMovileView/jsp/Page.do?cdKey=101108&categoryIdx=248
오스트리아,http://news.kotra.or.kr/user/nationInfo/mkotranews/172/userNationBasicMobileView.do?nationIdx=112,http://news.kotra.or.kr/user/extra/mkotranews/nationInfo/nationItemMovileView/jsp/Page.do?cdKey=101004&categoryIdx=63,http://news.kotra.or.kr/user/extra/mkotranews/nationInfo/nationItemMovileView/jsp/Page.do?cdKey=101004&categoryIdx=65,http://news.kotra.or.kr/user/extra/mkotranews/nationInfo/nationItemMovileView/jsp/Page.do?cdKey=101004&categoryIdx=69,http://news.kotra.or.kr/user/extra/mkotranews/nationInfo/nationItemMovileView/jsp/Page.do?cdKey=101004&categoryIdx=233,http://news.kotra.or.kr/user/extra/mkotranews/nationInfo/nationItemMovileView/jsp/Page.do?cdKey=101004&categoryIdx=80,http://news.kotra.or.kr/user/extra/mkotranews/nationInfo/nationItemMovileView/jsp/Page.do?cdKey=101004&categoryIdx=250,http://news.kotra.or.kr/user/extra/mkotranews/nationInfo/nationItemMovileView/jsp/Page.do?cdKey=101004&categoryIdx=81,http://news.kotra.or.kr/user/extra/mkotranews/nationInfo/nationItemMovileView/jsp/Page.do?cdKey=101004&categoryIdx=248
요르단,http://news.kotra.or.kr/user/nationInfo/mkotranews/172/userNationBasicMobileView.do?nationIdx=140,http://news.kotra.or.kr/user/extra/mkotranews/nationInfo/nationItemMovileView/jsp/Page.do?cdKey=101101&categoryIdx=63,http://news.kotra.or.kr/user/extra/mkotranews/nationInfo/nationItemMovileView/jsp/Page.do?cdKey=101101&categoryIdx=65,http://news.kotra.or.kr/user/extra/mkotranews/nationInfo/nationItemMovileView/jsp/Page.do?cdKey=101101&categoryIdx=69,http://news.kotra.or.kr/user/extra/mkotranews/nationInfo/nationItemMovileView/jsp/Page.do?cdKey=101101&categoryIdx=233,http://news.kotra.or.kr/user/extra/mkotranews/nationInfo/nationItemMovileView/jsp/Page.do?cdKey=101101&categoryIdx=80,http://news.kotra.or.kr/user/extra/mkotranews/nationInfo/nationItemMovileView/jsp/Page.do?cdKey=101101&categoryIdx=250,http://news.kotra.or.kr/user/extra/mkotranews/nationInfo/nationItemMovileView/jsp/Page.do?cdKey=101101&categoryIdx=81,http://news.kotra.or.kr/user/extra/mkotranews/nationInfo/nationItemMovileView/jsp/Page.do?cdKey=101101&categoryIdx=248
우간다,http://news.kotra.or.kr/user/nationInfo/mkotranews/172/userNationBasicMobileView.do?nationIdx=151,http://news.kotra.or.kr/user/extra/mkotranews/nationInfo/nationItemMovileView/jsp/Page.do?cdKey=101148&categoryIdx=63,http://news.kotra.or.kr/user/extra/mkotranews/nationInfo/nationItemMovileView/jsp/Page.do?cdKey=101148&categoryIdx=65,http://news.kotra.or.kr/user/extra/mkotranews/nationInfo/nationItemMovileView/jsp/Page.do?cdKey=101148&categoryIdx=69,http://news.kotra.or.kr/user/extra/mkotranews/nationInfo/nationItemMovileView/jsp/Page.do?cdKey=101148&categoryIdx=233,http://news.kotra.or.kr/user/extra/mkotranews/nationInfo/nationItemMovileView/jsp/Page.do?cdKey=101148&categoryIdx=80,http://news.kotra.or.kr/user/extra/mkotranews/nationInfo/nationItemMovileView/jsp/Page.do?cdKey=101148&categoryIdx=250,http://news.kotra.or.kr/user/extra/mkotranews/nationInfo/nationItemMovileView/jsp/Page.do?cdKey=101148&categoryIdx=81,http://news.kotra.or.kr/user/extra/mkotranews/nationInfo/nationItemMovileView/jsp/Page.do?cdKey=101148&categoryIdx=248
우즈베키스탄,http://news.kotra.or.kr/user/nationInfo/mkotranews/172/userNationBasicMobileView.do?nationIdx=110,http://news.kotra.or.kr/user/extra/mkotranews/nationInfo/nationItemMovileView/jsp/Page.do?cdKey=101095&categoryIdx=63,http://news.kotra.or.kr/user/extra/mkotranews/nationInfo/nationItemMovileView/jsp/Page.do?cdKey=101095&categoryIdx=65,http://news.kotra.or.kr/user/extra/mkotranews/nationInfo/nationItemMovileView/jsp/Page.do?cdKey=101095&categoryIdx=69,http://news.kotra.or.kr/user/extra/mkotranews/nationInfo/nationItemMovileView/jsp/Page.do?cdKey=101095&categoryIdx=233,http://news.kotra.or.kr/user/extra/mkotranews/nationInfo/nationItemMovileView/jsp/Page.do?cdKey=101095&categoryIdx=80,http://news.kotra.or.kr/user/extra/mkotranews/nationInfo/nationItemMovileView/jsp/Page.do?cdKey=101095&categoryIdx=250,http://news.kotra.or.kr/user/extra/mkotranews/nationInfo/nationItemMovileView/jsp/Page.do?cdKey=101095&categoryIdx=81,http://news.kotra.or.kr/user/extra/mkotranews/nationInfo/nationItemMovileView/jsp/Page.do?cdKey=101095&categoryIdx=248
우크라이나,http://news.kotra.or.kr/user/nationInfo/mkotranews/172/userNationBasicMobileView.do?nationIdx=126,http://news.kotra.or.kr/user/extra/mkotranews/nationInfo/nationItemMovileView/jsp/Page.do?cdKey=101094&categoryIdx=63,http://news.kotra.or.kr/user/extra/mkotranews/nationInfo/nationItemMovileView/jsp/Page.do?cdKey=101094&categoryIdx=65,http://news.kotra.or.kr/user/extra/mkotranews/nationInfo/nationItemMovileView/jsp/Page.do?cdKey=101094&categoryIdx=69,http://news.kotra.or.kr/user/extra/mkotranews/nationInfo/nationItemMovileView/jsp/Page.do?cdKey=101094&categoryIdx=233,http://news.kotra.or.kr/user/extra/mkotranews/nationInfo/nationItemMovileView/jsp/Page.do?cdKey=101094&categoryIdx=80,http://news.kotra.or.kr/user/extra/mkotranews/nationInfo/nationItemMovileView/jsp/Page.do?cdKey=101094&categoryIdx=250,http://news.kotra.or.kr/user/extra/mkotranews/nationInfo/nationItemMovileView/jsp/Page.do?cdKey=101094&categoryIdx=81,http://news.kotra.or.kr/user/extra/mkotranews/nationInfo/nationItemMovileView/jsp/Page.do?cdKey=101094&categoryIdx=248
이라크,http://news.kotra.or.kr/user/nationInfo/mkotranews/172/userNationBasicMobileView.do?nationIdx=183,http://news.kotra.or.kr/user/extra/mkotranews/nationInfo/nationItemMovileView/jsp/Page.do?cdKey=101099&categoryIdx=63,http://news.kotra.or.kr/user/extra/mkotranews/nationInfo/nationItemMovileView/jsp/Page.do?cdKey=101099&categoryIdx=65,http://news.kotra.or.kr/user/extra/mkotranews/nationInfo/nationItemMovileView/jsp/Page.do?cdKey=101099&categoryIdx=69,http://news.kotra.or.kr/user/extra/mkotranews/nationInfo/nationItemMovileView/jsp/Page.do?cdKey=101099&categoryIdx=233,http://news.kotra.or.kr/user/extra/mkotranews/nationInfo/nationItemMovileView/jsp/Page.do?cdKey=101099&categoryIdx=80,http://news.kotra.or.kr/user/extra/mkotranews/nationInfo/nationItemMovileView/jsp/Page.do?cdKey=101099&categoryIdx=250,http://news.kotra.or.kr/user/extra/mkotranews/nationInfo/nationItemMovileView/jsp/Page.do?cdKey=101099&categoryIdx=81,http://news.kotra.or.kr/user/extra/mkotranews/nationInfo/nationItemMovileView/jsp/Page.do?cdKey=101099&categoryIdx=248
이란,http://news.kotra.or.kr/user/nationInfo/mkotranews/172/userNationBasicMobileView.do?nationIdx=184,http://news.kotra.or.kr/user/extra/mkotranews/nationInfo/nationItemMovileView/jsp/Page.do?cdKey=101098&categoryIdx=63,http://news.kotra.or.kr/user/extra/mkotranews/nationInfo/nationItemMovileView/jsp/Page.do?cdKey=101098&categoryIdx=65,http://news.kotra.or.kr/user/extra/mkotranews/nationInfo/nationItemMovileView/jsp/Page.do?cdKey=101098&categoryIdx=69,http://news.kotra.or.kr/user/extra/mkotranews/nationInfo/nationItemMovileView/jsp/Page.do?cdKey=101098&categoryIdx=233,http://news.kotra.or.kr/user/extra/mkotranews/nationInfo/nationItemMovileView/jsp/Page.do?cdKey=101098&categoryIdx=80,http://news.kotra.or.kr/user/extra/mkotranews/nationInfo/nationItemMovileView/jsp/Page.do?cdKey=101098&categoryIdx=250,http://news.kotra.or.kr/user/extra/mkotranews/nationInfo/nationItemMovileView/jsp/Page.do?cdKey=101098&categoryIdx=81,http://news.kotra.or.kr/user/extra/mkotranews/nationInfo/nationItemMovileView/jsp/Page.do?cdKey=101098&categoryIdx=248
이스라엘,http://news.kotra.or.kr/user/nationInfo/mkotranews/172/userNationBasicMobileView.do?nationIdx=143,http://news.kotra.or.kr/user/extra/mkotranews/nationInfo/nationItemMovileView/jsp/Page.do?cdKey=101100&categoryIdx=63,http://news.kotra.or.kr/user/extra/mkotranews/nationInfo/nationItemMovileView/jsp/Page.do?cdKey=101100&categoryIdx=65,http://news.kotra.or.kr/user/extra/mkotranews/nationInfo/nationItemMovileView/jsp/Page.do?cdKey=101100&categoryIdx=69,http://news.kotra.or.kr/user/extra/mkotranews/nationInfo/nationItemMovileView/jsp/Page.do?cdKey=101100&categoryIdx=233,http://news.kotra.or.kr/user/extra/mkotranews/nationInfo/nationItemMovileView/jsp/Page.do?cdKey=101100&categoryIdx=80,http://news.kotra.or.kr/user/extra/mkotranews/nationInfo/nationItemMovileView/jsp/Page.do?cdKey=101100&categoryIdx=250,http://news.kotra.or.kr/user/extra/mkotranews/nationInfo/nationItemMovileView/jsp/Page.do?cdKey=101100&categoryIdx=81,http://news.kotra.or.kr/user/extra/mkotranews/nationInfo/nationItemMovileView/jsp/Page.do?cdKey=101100&categoryIdx=248
이집트,http://news.kotra.or.kr/user/nationInfo/mkotranews/172/userNationBasicMobileView.do?nationIdx=129,http://news.kotra.or.kr/user/extra/mkotranews/nationInfo/nationItemMovileView/jsp/Page.do?cdKey=101097&categoryIdx=63,http://news.kotra.or.kr/user/extra/mkotranews/nationInfo/nationItemMovileView/jsp/Page.do?cdKey=101097&categoryIdx=65,http://news.kotra.or.kr/user/extra/mkotranews/nationInfo/nationItemMovileView/jsp/Page.do?cdKey=101097&categoryIdx=69,http://news.kotra.or.kr/user/extra/mkotranews/nationInfo/nationItemMovileView/jsp/Page.do?cdKey=101097&categoryIdx=233,http://news.kotra.or.kr/user/extra/mkotranews/nationInfo/nationItemMovileView/jsp/Page.do?cdKey=101097&categoryIdx=80,http://news.kotra.or.kr/user/extra/mkotranews/nationInfo/nationItemMovileView/jsp/Page.do?cdKey=101097&categoryIdx=250,http://news.kotra.or.kr/user/extra/mkotranews/nationInfo/nationItemMovileView/jsp/Page.do?cdKey=101097&categoryIdx=81,http://news.kotra.or.kr/user/extra/mkotranews/nationInfo/nationItemMovileView/jsp/Page.do?cdKey=101097&categoryIdx=248
이탈리아,http://news.kotra.or.kr/user/nationInfo/mkotranews/172/userNationBasicMobileView.do?nationIdx=128,http://news.kotra.or.kr/user/extra/mkotranews/nationInfo/nationItemMovileView/jsp/Page.do?cdKey=101016&categoryIdx=63,http://news.kotra.or.kr/user/extra/mkotranews/nationInfo/nationItemMovileView/jsp/Page.do?cdKey=101016&categoryIdx=65,http://news.kotra.or.kr/user/extra/mkotranews/nationInfo/nationItemMovileView/jsp/Page.do?cdKey=101016&categoryIdx=69,http://news.kotra.or.kr/user/extra/mkotranews/nationInfo/nationItemMovileView/jsp/Page.do?cdKey=101016&categoryIdx=233,http://news.kotra.or.kr/user/extra/mkotranews/nationInfo/nationItemMovileView/jsp/Page.do?cdKey=101016&categoryIdx=80,http://news.kotra.or.kr/user/extra/mkotranews/nationInfo/nationItemMovileView/jsp/Page.do?cdKey=101016&categoryIdx=250,http://news.kotra.or.kr/user/extra/mkotranews/nationInfo/nationItemMovileView/jsp/Page.do?cdKey=101016&categoryIdx=81,http://news.kotra.or.kr/user/extra/mkotranews/nationInfo/nationItemMovileView/jsp/Page.do?cdKey=101016&categoryIdx=248
인도,http://news.kotra.or.kr/user/nationInfo/mkotranews/172/userNationBasicMobileView.do?nationIdx=41,http://news.kotra.or.kr/user/extra/mkotranews/nationInfo/nationItemMovileView/jsp/Page.do?cdKey=101074&categoryIdx=63,http://news.kotra.or.kr/user/extra/mkotranews/nationInfo/nationItemMovileView/jsp/Page.do?cdKey=101074&categoryIdx=65,http://news.kotra.or.kr/user/extra/mkotranews/nationInfo/nationItemMovileView/jsp/Page.do?cdKey=101074&categoryIdx=69,http://news.kotra.or.kr/user/extra/mkotranews/nationInfo/nationItemMovileView/jsp/Page.do?cdKey=101074&categoryIdx=233,http://news.kotra.or.kr/user/extra/mkotranews/nationInfo/nationItemMovileView/jsp/Page.do?cdKey=101074&categoryIdx=80,http://news.kotra.or.kr/user/extra/mkotranews/nationInfo/nationItemMovileView/jsp/Page.do?cdKey=101074&categoryIdx=250,http://news.kotra.or.kr/user/extra/mkotranews/nationInfo/nationItemMovileView/jsp/Page.do?cdKey=101074&categoryIdx=81,http://news.kotra.or.kr/user/extra/mkotranews/nationInfo/nationItemMovileView/jsp/Page.do?cdKey=101074&categoryIdx=248
인도네시아,http://news.kotra.or.kr/user/nationInfo/mkotranews/172/userNationBasicMobileView.do?nationIdx=49,http://news.kotra.or.kr/user/extra/mkotranews/nationInfo/nationItemMovileView/jsp/Page.do?cdKey=101075&categoryIdx=63,http://news.kotra.or.kr/user/extra/mkotranews/nationInfo/nationItemMovileView/jsp/Page.do?cdKey=101075&categoryIdx=65,http://news.kotra.or.kr/user/extra/mkotranews/nationInfo/nationItemMovileView/jsp/Page.do?cdKey=101075&categoryIdx=69,http://news.kotra.or.kr/user/extra/mkotranews/nationInfo/nationItemMovileView/jsp/Page.do?cdKey=101075&categoryIdx=233,http://news.kotra.or.kr/user/extra/mkotranews/nationInfo/nationItemMovileView/jsp/Page.do?cdKey=101075&categoryIdx=80,http://news.kotra.or.kr/user/extra/mkotranews/nationInfo/nationItemMovileView/jsp/Page.do?cdKey=101075&categoryIdx=250,http://news.kotra.or.kr/user/extra/mkotranews/nationInfo/nationItemMovileView/jsp/Page.do?cdKey=101075&categoryIdx=81,http://news.kotra.or.kr/user/extra/mkotranews/nationInfo/nationItemMovileView/jsp/Page.do?cdKey=101075&categoryIdx=248
일본,http://news.kotra.or.kr/user/nationInfo/mkotranews/172/userNationBasicMobileView.do?nationIdx=51,http://news.kotra.or.kr/user/extra/mkotranews/nationInfo/nationItemMovileView/jsp/Page.do?cdKey=101003&categoryIdx=63,http://news.kotra.or.kr/user/extra/mkotranews/nationInfo/nationItemMovileView/jsp/Page.do?cdKey=101003&categoryIdx=65,http://news.kotra.or.kr/user/extra/mkotranews/nationInfo/nationItemMovileView/jsp/Page.do?cdKey=101003&categoryIdx=69,http://news.kotra.or.kr/user/extra/mkotranews/nationInfo/nationItemMovileView/jsp/Page.do?cdKey=101003&categoryIdx=233,http://news.kotra.or.kr/user/extra/mkotranews/nationInfo/nationItemMovileView/jsp/Page.do?cdKey=101003&categoryIdx=80,http://news.kotra.or.kr/user/extra/mkotranews/nationInfo/nationItemMovileView/jsp/Page.do?cdKey=101003&categoryIdx=250,http://news.kotra.or.kr/user/extra/mkotranews/nationInfo/nationItemMovileView/jsp/Page.do?cdKey=101003&categoryIdx=81,http://news.kotra.or.kr/user/extra/mkotranews/nationInfo/nationItemMovileView/jsp/Page.do?cdKey=101003&categoryIdx=248
중국,http://news.kotra.or.kr/user/nationInfo/mkotranews/172/userNationBasicMobileView.do?nationIdx=53,http://news.kotra.or.kr/user/extra/mkotranews/nationInfo/nationItemMovileView/jsp/Page.do?cdKey=101046&categoryIdx=63,http://news.kotra.or.kr/user/extra/mkotranews/nationInfo/nationItemMovileView/jsp/Page.do?cdKey=101046&categoryIdx=65,http://news.kotra.or.kr/user/extra/mkotranews/nationInfo/nationItemMovileView/jsp/Page.do?cdKey=101046&categoryIdx=69,http://news.kotra.or.kr/user/extra/mkotranews/nationInfo/nationItemMovileView/jsp/Page.do?cdKey=101046&categoryIdx=233,http://news.kotra.or.kr/user/extra/mkotranews/nationInfo/nationItemMovileView/jsp/Page.do?cdKey=101046&categoryIdx=80,http://news.kotra.or.kr/user/extra/mkotranews/nationInfo/nationItemMovileView/jsp/Page.do?cdKey=101046&categoryIdx=250,http://news.kotra.or.kr/user/extra/mkotranews/nationInfo/nationItemMovileView/jsp/Page.do?cdKey=101046&categoryIdx=81,http://news.kotra.or.kr/user/extra/mkotranews/nationInfo/nationItemMovileView/jsp/Page.do?cdKey=101046&categoryIdx=248
짐바브웨,http://news.kotra.or.kr/user/nationInfo/mkotranews/172/userNationBasicMobileView.do?nationIdx=162,http://news.kotra.or.kr/user/extra/mkotranews/nationInfo/nationItemMovileView/jsp/Page.do?cdKey=101126&categoryIdx=63,http://news.kotra.or.kr/user/extra/mkotranews/nationInfo/nationItemMovileView/jsp/Page.do?cdKey=101126&categoryIdx=65,http://news.kotra.or.kr/user/extra/mkotranews/nationInfo/nationItemMovileView/jsp/Page.do?cdKey=101126&categoryIdx=69,http://news.kotra.or.kr/user/extra/mkotranews/nationInfo/nationItemMovileView/jsp/Page.do?cdKey=101126&categoryIdx=233,http://news.kotra.or.kr/user/extra/mkotranews/nationInfo/nationItemMovileView/jsp/Page.do?cdKey=101126&categoryIdx=80,http://news.kotra.or.kr/user/extra/mkotranews/nationInfo/nationItemMovileView/jsp/Page.do?cdKey=101126&categoryIdx=250,http://news.kotra.or.kr/user/extra/mkotranews/nationInfo/nationItemMovileView/jsp/Page.do?cdKey=101126&categoryIdx=81,http://news.kotra.or.kr/user/extra/mkotranews/nationInfo/nationItemMovileView/jsp/Page.do?cdKey=101126&categoryIdx=248
체코,http://news.kotra.or.kr/user/nationInfo/mkotranews/172/userNationBasicMobileView.do?nationIdx=113,http://news.kotra.or.kr/user/extra/mkotranews/nationInfo/nationItemMovileView/jsp/Page.do?cdKey=101008&categoryIdx=63,http://news.kotra.or.kr/user/extra/mkotranews/nationInfo/nationItemMovileView/jsp/Page.do?cdKey=101008&categoryIdx=65,http://news.kotra.or.kr/user/extra/mkotranews/nationInfo/nationItemMovileView/jsp/Page.do?cdKey=101008&categoryIdx=69,http://news.kotra.or.kr/user/extra/mkotranews/nationInfo/nationItemMovileView/jsp/Page.do?cdKey=101008&categoryIdx=233,http://news.kotra.or.kr/user/extra/mkotranews/nationInfo/nationItemMovileView/jsp/Page.do?cdKey=101008&categoryIdx=80,http://news.kotra.or.kr/user/extra/mkotranews/nationInfo/nationItemMovileView/jsp/Page.do?cdKey=101008&categoryIdx=250,http://news.kotra.or.kr/user/extra/mkotranews/nationInfo/nationItemMovileView/jsp/Page.do?cdKey=101008&categoryIdx=81,http://news.kotra.or.kr/user/extra/mkotranews/nationInfo/nationItemMovileView/jsp/Page.do?cdKey=101008&categoryIdx=248
칠레,http://news.kotra.or.kr/user/nationInfo/mkotranews/172/userNationBasicMobileView.do?nationIdx=105,http://news.kotra.or.kr/user/extra/mkotranews/nationInfo/nationItemMovileView/jsp/Page.do?cdKey=101049&categoryIdx=63,http://news.kotra.or.kr/user/extra/mkotranews/nationInfo/nationItemMovileView/jsp/Page.do?cdKey=101049&categoryIdx=65,http://news.kotra.or.kr/user/extra/mkotranews/nationInfo/nationItemMovileView/jsp/Page.do?cdKey=101049&categoryIdx=69,http://news.kotra.or.kr/user/extra/mkotranews/nationInfo/nationItemMovileView/jsp/Page.do?cdKey=101049&categoryIdx=233,http://news.kotra.or.kr/user/extra/mkotranews/nationInfo/nationItemMovileView/jsp/Page.do?cdKey=101049&categoryIdx=80,http://news.kotra.or.kr/user/extra/mkotranews/nationInfo/nationItemMovileView/jsp/Page.do?cdKey=101049&categoryIdx=250,http://news.kotra.or.kr/user/extra/mkotranews/nationInfo/nationItemMovileView/jsp/Page.do?cdKey=101049&categoryIdx=81,http://news.kotra.or.kr/user/extra/mkotranews/nationInfo/nationItemMovileView/jsp/Page.do?cdKey=101049&categoryIdx=248
카자흐스탄,http://news.kotra.or.kr/user/nationInfo/kotranews/14/userNationBasicView.do?nationIdx=104,http://news.kotra.or.kr/user/extra/mkotranews/nationInfo/nationItemMovileView/jsp/Page.do?cdKey=101092&categoryIdx=63,http://news.kotra.or.kr/user/extra/mkotranews/nationInfo/nationItemMovileView/jsp/Page.do?cdKey=101092&categoryIdx=65,http://news.kotra.or.kr/user/extra/mkotranews/nationInfo/nationItemMovileView/jsp/Page.do?cdKey=101092&categoryIdx=69,http://news.kotra.or.kr/user/extra/mkotranews/nationInfo/nationItemMovileView/jsp/Page.do?cdKey=101092&categoryIdx=233,http://news.kotra.or.kr/user/extra/mkotranews/nationInfo/nationItemMovileView/jsp/Page.do?cdKey=101092&categoryIdx=80,http://news.kotra.or.kr/user/extra/mkotranews/nationInfo/nationItemMovileView/jsp/Page.do?cdKey=101092&categoryIdx=250,http://news.kotra.or.kr/user/extra/mkotranews/nationInfo/nationItemMovileView/jsp/Page.do?cdKey=101092&categoryIdx=81,http://news.kotra.or.kr/user/extra/mkotranews/nationInfo/nationItemMovileView/jsp/Page.do?cdKey=101092&categoryIdx=248
카타르,http://news.kotra.or.kr/user/nationInfo/mkotranews/172/userNationBasicMobileView.do?nationIdx=127,http://news.kotra.or.kr/user/extra/mkotranews/nationInfo/nationItemMovileView/jsp/Page.do?cdKey=101115&categoryIdx=63,http://news.kotra.or.kr/user/extra/mkotranews/nationInfo/nationItemMovileView/jsp/Page.do?cdKey=101115&categoryIdx=65,http://news.kotra.or.kr/user/extra/mkotranews/nationInfo/nationItemMovileView/jsp/Page.do?cdKey=101115&categoryIdx=69,http://news.kotra.or.kr/user/extra/mkotranews/nationInfo/nationItemMovileView/jsp/Page.do?cdKey=101115&categoryIdx=233,http://news.kotra.or.kr/user/extra/mkotranews/nationInfo/nationItemMovileView/jsp/Page.do?cdKey=101115&categoryIdx=80,http://news.kotra.or.kr/user/extra/mkotranews/nationInfo/nationItemMovileView/jsp/Page.do?cdKey=101115&categoryIdx=250,http://news.kotra.or.kr/user/extra/mkotranews/nationInfo/nationItemMovileView/jsp/Page.do?cdKey=101115&categoryIdx=81,http://news.kotra.or.kr/user/extra/mkotranews/nationInfo/nationItemMovileView/jsp/Page.do?cdKey=101115&categoryIdx=248
캄보디아,http://news.kotra.or.kr/user/nationInfo/mkotranews/172/userNationBasicMobileView.do?nationIdx=55,http://news.kotra.or.kr/user/extra/mkotranews/nationInfo/nationItemMovileView/jsp/Page.do?cdKey=101073&categoryIdx=63,http://news.kotra.or.kr/user/extra/mkotranews/nationInfo/nationItemMovileView/jsp/Page.do?cdKey=101073&categoryIdx=65,http://news.kotra.or.kr/user/extra/mkotranews/nationInfo/nationItemMovileView/jsp/Page.do?cdKey=101073&categoryIdx=69,http://news.kotra.or.kr/user/extra/mkotranews/nationInfo/nationItemMovileView/jsp/Page.do?cdKey=101073&categoryIdx=233,http://news.kotra.or.kr/user/extra/mkotranews/nationInfo/nationItemMovileView/jsp/Page.do?cdKey=101073&categoryIdx=80,http://news.kotra.or.kr/user/extra/mkotranews/nationInfo/nationItemMovileView/jsp/Page.do?cdKey=101073&categoryIdx=250,http://news.kotra.or.kr/user/extra/mkotranews/nationInfo/nationItemMovileView/jsp/Page.do?cdKey=101073&categoryIdx=81,http://news.kotra.or.kr/user/extra/mkotranews/nationInfo/nationItemMovileView/jsp/Page.do?cdKey=101073&categoryIdx=248
캐나다,http://news.kotra.or.kr/user/nationInfo/mkotranews/172/userNationBasicMobileView.do?nationIdx=163,http://news.kotra.or.kr/user/extra/mkotranews/nationInfo/nationItemMovileView/jsp/Page.do?cdKey=101002&categoryIdx=63,http://news.kotra.or.kr/user/extra/mkotranews/nationInfo/nationItemMovileView/jsp/Page.do?cdKey=101002&categoryIdx=65,http://news.kotra.or.kr/user/extra/mkotranews/nationInfo/nationItemMovileView/jsp/Page.do?cdKey=101002&categoryIdx=69,http://news.kotra.or.kr/user/extra/mkotranews/nationInfo/nationItemMovileView/jsp/Page.do?cdKey=101002&categoryIdx=233,http://news.kotra.or.kr/user/extra/mkotranews/nationInfo/nationItemMovileView/jsp/Page.do?cdKey=101002&categoryIdx=80,http://news.kotra.or.kr/user/extra/mkotranews/nationInfo/nationItemMovileView/jsp/Page.do?cdKey=101002&categoryIdx=250,http://news.kotra.or.kr/user/extra/mkotranews/nationInfo/nationItemMovileView/jsp/Page.do?cdKey=101002&categoryIdx=81,http://news.kotra.or.kr/user/extra/mkotranews/nationInfo/nationItemMovileView/jsp/Page.do?cdKey=101002&categoryIdx=248
케냐,http://news.kotra.or.kr/user/nationInfo/mkotranews/172/userNationBasicMobileView.do?nationIdx=103,http://news.kotra.or.kr/user/extra/mkotranews/nationInfo/nationItemMovileView/jsp/Page.do?cdKey=101102&categoryIdx=63,http://news.kotra.or.kr/user/extra/mkotranews/nationInfo/nationItemMovileView/jsp/Page.do?cdKey=101102&categoryIdx=65,http://news.kotra.or.kr/user/extra/mkotranews/nationInfo/nationItemMovileView/jsp/Page.do?cdKey=101102&categoryIdx=69,http://news.kotra.or.kr/user/extra/mkotranews/nationInfo/nationItemMovileView/jsp/Page.do?cdKey=101102&categoryIdx=233,http://news.kotra.or.kr/user/extra/mkotranews/nationInfo/nationItemMovileView/jsp/Page.do?cdKey=101102&categoryIdx=80,http://news.kotra.or.kr/user/extra/mkotranews/nationInfo/nationItemMovileView/jsp/Page.do?cdKey=101102&categoryIdx=250,http://news.kotra.or.kr/user/extra/mkotranews/nationInfo/nationItemMovileView/jsp/Page.do?cdKey=101102&categoryIdx=81,http://news.kotra.or.kr/user/extra/mkotranews/nationInfo/nationItemMovileView/jsp/Page.do?cdKey=101102&categoryIdx=248
코트디브아르,http://news.kotra.or.kr/user/nationInfo/mkotranews/172/userNationBasicMobileView.do?nationIdx=203,http://news.kotra.or.kr/user/extra/mkotranews/nationInfo/nationItemMovileView/jsp/Page.do?cdKey=101127&categoryIdx=63,http://news.kotra.or.kr/user/extra/mkotranews/nationInfo/nationItemMovileView/jsp/Page.do?cdKey=101127&categoryIdx=65,http://news.kotra.or.kr/user/extra/mkotranews/nationInfo/nationItemMovileView/jsp/Page.do?cdKey=101127&categoryIdx=69,http://news.kotra.or.kr/user/extra/mkotranews/nationInfo/nationItemMovileView/jsp/Page.do?cdKey=101127&categoryIdx=233,http://news.kotra.or.kr/user/extra/mkotranews/nationInfo/nationItemMovileView/jsp/Page.do?cdKey=101127&categoryIdx=80,http://news.kotra.or.kr/user/extra/mkotranews/nationInfo/nationItemMovileView/jsp/Page.do?cdKey=101127&categoryIdx=250,http://news.kotra.or.kr/user/extra/mkotranews/nationInfo/nationItemMovileView/jsp/Page.do?cdKey=101127&categoryIdx=81,http://news.kotra.or.kr/user/extra/mkotranews/nationInfo/nationItemMovileView/jsp/Page.do?cdKey=101127&categoryIdx=248
콜롬비아,http://news.kotra.or.kr/user/nationInfo/mkotranews/172/userNationBasicMobileView.do?nationIdx=186,http://news.kotra.or.kr/user/extra/mkotranews/nationInfo/nationItemMovileView/jsp/Page.do?cdKey=101050&categoryIdx=63,http://news.kotra.or.kr/user/extra/mkotranews/nationInfo/nationItemMovileView/jsp/Page.do?cdKey=101050&categoryIdx=65,http://news.kotra.or.kr/user/extra/mkotranews/nationInfo/nationItemMovileView/jsp/Page.do?cdKey=101050&categoryIdx=69,http://news.kotra.or.kr/user/extra/mkotranews/nationInfo/nationItemMovileView/jsp/Page.do?cdKey=101050&categoryIdx=233,http://news.kotra.or.kr/user/extra/mkotranews/nationInfo/nationItemMovileView/jsp/Page.do?cdKey=101050&categoryIdx=80,http://news.kotra.or.kr/user/extra/mkotranews/nationInfo/nationItemMovileView/jsp/Page.do?cdKey=101050&categoryIdx=250,http://news.kotra.or.kr/user/extra/mkotranews/nationInfo/nationItemMovileView/jsp/Page.do?cdKey=101050&categoryIdx=81,http://news.kotra.or.kr/user/extra/mkotranews/nationInfo/nationItemMovileView/jsp/Page.do?cdKey=101050&categoryIdx=248
쿠바,http://news.kotra.or.kr/user/nationInfo/mkotranews/172/userNationBasicMobileView.do?nationIdx=187,http://news.kotra.or.kr/user/extra/mkotranews/nationInfo/nationItemMovileView/jsp/Page.do?cdKey=101067&categoryIdx=63,http://news.kotra.or.kr/user/extra/mkotranews/nationInfo/nationItemMovileView/jsp/Page.do?cdKey=101067&categoryIdx=65,http://news.kotra.or.kr/user/extra/mkotranews/nationInfo/nationItemMovileView/jsp/Page.do?cdKey=101067&categoryIdx=69,http://news.kotra.or.kr/user/extra/mkotranews/nationInfo/nationItemMovileView/jsp/Page.do?cdKey=101067&categoryIdx=233,http://news.kotra.or.kr/user/extra/mkotranews/nationInfo/nationItemMovileView/jsp/Page.do?cdKey=101067&categoryIdx=80,http://news.kotra.or.kr/user/extra/mkotranews/nationInfo/nationItemMovileView/jsp/Page.do?cdKey=101067&categoryIdx=250,http://news.kotra.or.kr/user/extra/mkotranews/nationInfo/nationItemMovileView/jsp/Page.do?cdKey=101067&categoryIdx=81,http://news.kotra.or.kr/user/extra/mkotranews/nationInfo/nationItemMovileView/jsp/Page.do?cdKey=101067&categoryIdx=248
쿠웨이트,http://news.kotra.or.kr/user/nationInfo/mkotranews/172/userNationBasicMobileView.do?nationIdx=101,http://news.kotra.or.kr/user/extra/mkotranews/nationInfo/nationItemMovileView/jsp/Page.do?cdKey=101103&categoryIdx=63,http://news.kotra.or.kr/user/extra/mkotranews/nationInfo/nationItemMovileView/jsp/Page.do?cdKey=101103&categoryIdx=65,http://news.kotra.or.kr/user/extra/mkotranews/nationInfo/nationItemMovileView/jsp/Page.do?cdKey=101103&categoryIdx=69,http://news.kotra.or.kr/user/extra/mkotranews/nationInfo/nationItemMovileView/jsp/Page.do?cdKey=101103&categoryIdx=233,http://news.kotra.or.kr/user/extra/mkotranews/nationInfo/nationItemMovileView/jsp/Page.do?cdKey=101103&categoryIdx=80,http://news.kotra.or.kr/user/extra/mkotranews/nationInfo/nationItemMovileView/jsp/Page.do?cdKey=101103&categoryIdx=250,http://news.kotra.or.kr/user/extra/mkotranews/nationInfo/nationItemMovileView/jsp/Page.do?cdKey=101103&categoryIdx=81,http://news.kotra.or.kr/user/extra/mkotranews/nationInfo/nationItemMovileView/jsp/Page.do?cdKey=101103&categoryIdx=248
크로아티아,http://news.kotra.or.kr/user/nationInfo/mkotranews/172/userNationBasicMobileView.do?nationIdx=83,http://news.kotra.or.kr/user/extra/mkotranews/nationInfo/nationItemMovileView/jsp/Page.do?cdKey=101007&categoryIdx=63,http://news.kotra.or.kr/user/extra/mkotranews/nationInfo/nationItemMovileView/jsp/Page.do?cdKey=101007&categoryIdx=65,http://news.kotra.or.kr/user/extra/mkotranews/nationInfo/nationItemMovileView/jsp/Page.do?cdKey=101007&categoryIdx=69,http://news.kotra.or.kr/user/extra/mkotranews/nationInfo/nationItemMovileView/jsp/Page.do?cdKey=101007&categoryIdx=233,http://news.kotra.or.kr/user/extra/mkotranews/nationInfo/nationItemMovileView/jsp/Page.do?cdKey=101007&categoryIdx=80,http://news.kotra.or.kr/user/extra/mkotranews/nationInfo/nationItemMovileView/jsp/Page.do?cdKey=101007&categoryIdx=250,http://news.kotra.or.kr/user/extra/mkotranews/nationInfo/nationItemMovileView/jsp/Page.do?cdKey=101007&categoryIdx=81,http://news.kotra.or.kr/user/extra/mkotranews/nationInfo/nationItemMovileView/jsp/Page.do?cdKey=101007&categoryIdx=248
키르기스스탄,http://news.kotra.or.kr/user/nationInfo/mkotranews/172/userNationBasicMobileView.do?nationIdx=84,http://news.kotra.or.kr/user/extra/mkotranews/nationInfo/nationItemMovileView/jsp/Page.do?cdKey=101138&categoryIdx=63,http://news.kotra.or.kr/user/extra/mkotranews/nationInfo/nationItemMovileView/jsp/Page.do?cdKey=101138&categoryIdx=65,http://news.kotra.or.kr/user/extra/mkotranews/nationInfo/nationItemMovileView/jsp/Page.do?cdKey=101138&categoryIdx=69,http://news.kotra.or.kr/user/extra/mkotranews/nationInfo/nationItemMovileView/jsp/Page.do?cdKey=101138&categoryIdx=233,http://news.kotra.or.kr/user/extra/mkotranews/nationInfo/nationItemMovileView/jsp/Page.do?cdKey=101138&categoryIdx=80,http://news.kotra.or.kr/user/extra/mkotranews/nationInfo/nationItemMovileView/jsp/Page.do?cdKey=101138&categoryIdx=250,http://news.kotra.or.kr/user/extra/mkotranews/nationInfo/nationItemMovileView/jsp/Page.do?cdKey=101138&categoryIdx=81,http://news.kotra.or.kr/user/extra/mkotranews/nationInfo/nationItemMovileView/jsp/Page.do?cdKey=101138&categoryIdx=248
탄자니아,http://news.kotra.or.kr/user/nationInfo/mkotranews/172/userNationBasicMobileView.do?nationIdx=130,http://news.kotra.or.kr/user/extra/mkotranews/nationInfo/nationItemMovileView/jsp/Page.do?cdKey=101129&categoryIdx=63,http://news.kotra.or.kr/user/extra/mkotranews/nationInfo/nationItemMovileView/jsp/Page.do?cdKey=101129&categoryIdx=65,http://news.kotra.or.kr/user/extra/mkotranews/nationInfo/nationItemMovileView/jsp/Page.do?cdKey=101129&categoryIdx=69,http://news.kotra.or.kr/user/extra/mkotranews/nationInfo/nationItemMovileView/jsp/Page.do?cdKey=101129&categoryIdx=233,http://news.kotra.or.kr/user/extra/mkotranews/nationInfo/nationItemMovileView/jsp/Page.do?cdKey=101129&categoryIdx=80,http://news.kotra.or.kr/user/extra/mkotranews/nationInfo/nationItemMovileView/jsp/Page.do?cdKey=101129&categoryIdx=250,http://news.kotra.or.kr/user/extra/mkotranews/nationInfo/nationItemMovileView/jsp/Page.do?cdKey=101129&categoryIdx=81,http://news.kotra.or.kr/user/extra/mkotranews/nationInfo/nationItemMovileView/jsp/Page.do?cdKey=101129&categoryIdx=248
태국,http://news.kotra.or.kr/user/nationInfo/mkotranews/172/userNationBasicMobileView.do?nationIdx=62,http://news.kotra.or.kr/user/extra/mkotranews/nationInfo/nationItemMovileView/jsp/Page.do?cdKey=101083&categoryIdx=63,http://news.kotra.or.kr/user/extra/mkotranews/nationInfo/nationItemMovileView/jsp/Page.do?cdKey=101083&categoryIdx=65,http://news.kotra.or.kr/user/extra/mkotranews/nationInfo/nationItemMovileView/jsp/Page.do?cdKey=101083&categoryIdx=69,http://news.kotra.or.kr/user/extra/mkotranews/nationInfo/nationItemMovileView/jsp/Page.do?cdKey=101083&categoryIdx=233,http://news.kotra.or.kr/user/extra/mkotranews/nationInfo/nationItemMovileView/jsp/Page.do?cdKey=101083&categoryIdx=80,http://news.kotra.or.kr/user/extra/mkotranews/nationInfo/nationItemMovileView/jsp/Page.do?cdKey=101083&categoryIdx=250,http://news.kotra.or.kr/user/extra/mkotranews/nationInfo/nationItemMovileView/jsp/Page.do?cdKey=101083&categoryIdx=81,http://news.kotra.or.kr/user/extra/mkotranews/nationInfo/nationItemMovileView/jsp/Page.do?cdKey=101083&categoryIdx=248
터키,http://news.kotra.or.kr/user/nationInfo/mkotranews/172/userNationBasicMobileView.do?nationIdx=165,http://news.kotra.or.kr/user/extra/mkotranews/nationInfo/nationItemMovileView/jsp/Page.do?cdKey=101026&categoryIdx=63,http://news.kotra.or.kr/user/extra/mkotranews/nationInfo/nationItemMovileView/jsp/Page.do?cdKey=101026&categoryIdx=65,http://news.kotra.or.kr/user/extra/mkotranews/nationInfo/nationItemMovileView/jsp/Page.do?cdKey=101026&categoryIdx=69,http://news.kotra.or.kr/user/extra/mkotranews/nationInfo/nationItemMovileView/jsp/Page.do?cdKey=101026&categoryIdx=233,http://news.kotra.or.kr/user/extra/mkotranews/nationInfo/nationItemMovileView/jsp/Page.do?cdKey=101026&categoryIdx=80,http://news.kotra.or.kr/user/extra/mkotranews/nationInfo/nationItemMovileView/jsp/Page.do?cdKey=101026&categoryIdx=250,http://news.kotra.or.kr/user/extra/mkotranews/nationInfo/nationItemMovileView/jsp/Page.do?cdKey=101026&categoryIdx=81,http://news.kotra.or.kr/user/extra/mkotranews/nationInfo/nationItemMovileView/jsp/Page.do?cdKey=101026&categoryIdx=248
튀니지,http://news.kotra.or.kr/user/nationInfo/mkotranews/172/userNationBasicMobileView.do?nationIdx=166,http://news.kotra.or.kr/user/extra/mkotranews/nationInfo/nationItemMovileView/jsp/Page.do?cdKey=101130&categoryIdx=63,http://news.kotra.or.kr/user/extra/mkotranews/nationInfo/nationItemMovileView/jsp/Page.do?cdKey=101130&categoryIdx=65,http://news.kotra.or.kr/user/extra/mkotranews/nationInfo/nationItemMovileView/jsp/Page.do?cdKey=101130&categoryIdx=69,http://news.kotra.or.kr/user/extra/mkotranews/nationInfo/nationItemMovileView/jsp/Page.do?cdKey=101130&categoryIdx=233,http://news.kotra.or.kr/user/extra/mkotranews/nationInfo/nationItemMovileView/jsp/Page.do?cdKey=101130&categoryIdx=80,http://news.kotra.or.kr/user/extra/mkotranews/nationInfo/nationItemMovileView/jsp/Page.do?cdKey=101130&categoryIdx=250,http://news.kotra.or.kr/user/extra/mkotranews/nationInfo/nationItemMovileView/jsp/Page.do?cdKey=101130&categoryIdx=81,http://news.kotra.or.kr/user/extra/mkotranews/nationInfo/nationItemMovileView/jsp/Page.do?cdKey=101130&categoryIdx=248
파나마,http://news.kotra.or.kr/user/nationInfo/mkotranews/172/userNationBasicMobileView.do?nationIdx=188,http://news.kotra.or.kr/user/extra/mkotranews/nationInfo/nationItemMovileView/jsp/Page.do?cdKey=101055&categoryIdx=63,http://news.kotra.or.kr/user/extra/mkotranews/nationInfo/nationItemMovileView/jsp/Page.do?cdKey=101055&categoryIdx=65,http://news.kotra.or.kr/user/extra/mkotranews/nationInfo/nationItemMovileView/jsp/Page.do?cdKey=101055&categoryIdx=69,http://news.kotra.or.kr/user/extra/mkotranews/nationInfo/nationItemMovileView/jsp/Page.do?cdKey=101055&categoryIdx=233,http://news.kotra.or.kr/user/extra/mkotranews/nationInfo/nationItemMovileView/jsp/Page.do?cdKey=101055&categoryIdx=80,http://news.kotra.or.kr/user/extra/mkotranews/nationInfo/nationItemMovileView/jsp/Page.do?cdKey=101055&categoryIdx=250,http://news.kotra.or.kr/user/extra/mkotranews/nationInfo/nationItemMovileView/jsp/Page.do?cdKey=101055&categoryIdx=81,http://news.kotra.or.kr/user/extra/mkotranews/nationInfo/nationItemMovileView/jsp/Page.do?cdKey=101055&categoryIdx=248
파라과이,http://news.kotra.or.kr/user/nationInfo/mkotranews/172/userNationBasicMobileView.do?nationIdx=131,http://news.kotra.or.kr/user/extra/mkotranews/nationInfo/nationItemMovileView/jsp/Page.do?cdKey=101069&categoryIdx=63,http://news.kotra.or.kr/user/extra/mkotranews/nationInfo/nationItemMovileView/jsp/Page.do?cdKey=101069&categoryIdx=65,http://news.kotra.or.kr/user/extra/mkotranews/nationInfo/nationItemMovileView/jsp/Page.do?cdKey=101069&categoryIdx=69,http://news.kotra.or.kr/user/extra/mkotranews/nationInfo/nationItemMovileView/jsp/Page.do?cdKey=101069&categoryIdx=233,http://news.kotra.or.kr/user/extra/mkotranews/nationInfo/nationItemMovileView/jsp/Page.do?cdKey=101069&categoryIdx=80,http://news.kotra.or.kr/user/extra/mkotranews/nationInfo/nationItemMovileView/jsp/Page.do?cdKey=101069&categoryIdx=250,http://news.kotra.or.kr/user/extra/mkotranews/nationInfo/nationItemMovileView/jsp/Page.do?cdKey=101069&categoryIdx=81,http://news.kotra.or.kr/user/extra/mkotranews/nationInfo/nationItemMovileView/jsp/Page.do?cdKey=101069&categoryIdx=248
파키스탄,http://news.kotra.or.kr/user/nationInfo/mkotranews/172/userNationBasicMobileView.do?nationIdx=58,http://news.kotra.or.kr/user/extra/mkotranews/nationInfo/nationItemMovileView/jsp/Page.do?cdKey=101079&categoryIdx=63,http://news.kotra.or.kr/user/extra/mkotranews/nationInfo/nationItemMovileView/jsp/Page.do?cdKey=101079&categoryIdx=65,http://news.kotra.or.kr/user/extra/mkotranews/nationInfo/nationItemMovileView/jsp/Page.do?cdKey=101079&categoryIdx=69,http://news.kotra.or.kr/user/extra/mkotranews/nationInfo/nationItemMovileView/jsp/Page.do?cdKey=101079&categoryIdx=233,http://news.kotra.or.kr/user/extra/mkotranews/nationInfo/nationItemMovileView/jsp/Page.do?cdKey=101079&categoryIdx=80,http://news.kotra.or.kr/user/extra/mkotranews/nationInfo/nationItemMovileView/jsp/Page.do?cdKey=101079&categoryIdx=250,http://news.kotra.or.kr/user/extra/mkotranews/nationInfo/nationItemMovileView/jsp/Page.do?cdKey=101079&categoryIdx=81,http://news.kotra.or.kr/user/extra/mkotranews/nationInfo/nationItemMovileView/jsp/Page.do?cdKey=101079&categoryIdx=248
페루,http://news.kotra.or.kr/user/nationInfo/mkotranews/172/userNationBasicMobileView.do?nationIdx=132,http://news.kotra.or.kr/user/extra/mkotranews/nationInfo/nationItemMovileView/jsp/Page.do?cdKey=101056&categoryIdx=63,http://news.kotra.or.kr/user/extra/mkotranews/nationInfo/nationItemMovileView/jsp/Page.do?cdKey=101056&categoryIdx=65,http://news.kotra.or.kr/user/extra/mkotranews/nationInfo/nationItemMovileView/jsp/Page.do?cdKey=101056&categoryIdx=69,http://news.kotra.or.kr/user/extra/mkotranews/nationInfo/nationItemMovileView/jsp/Page.do?cdKey=101056&categoryIdx=233,http://news.kotra.or.kr/user/extra/mkotranews/nationInfo/nationItemMovileView/jsp/Page.do?cdKey=101056&categoryIdx=80,http://news.kotra.or.kr/user/extra/mkotranews/nationInfo/nationItemMovileView/jsp/Page.do?cdKey=101056&categoryIdx=250,http://news.kotra.or.kr/user/extra/mkotranews/nationInfo/nationItemMovileView/jsp/Page.do?cdKey=101056&categoryIdx=81,http://news.kotra.or.kr/user/extra/mkotranews/nationInfo/nationItemMovileView/jsp/Page.do?cdKey=101056&categoryIdx=248
폴란드,http://news.kotra.or.kr/user/nationInfo/mkotranews/172/userNationBasicMobileView.do?nationIdx=85,http://news.kotra.or.kr/user/extra/mkotranews/nationInfo/nationItemMovileView/jsp/Page.do?cdKey=101019&categoryIdx=63,http://news.kotra.or.kr/user/extra/mkotranews/nationInfo/nationItemMovileView/jsp/Page.do?cdKey=101019&categoryIdx=65,http://news.kotra.or.kr/user/extra/mkotranews/nationInfo/nationItemMovileView/jsp/Page.do?cdKey=101019&categoryIdx=69,http://news.kotra.or.kr/user/extra/mkotranews/nationInfo/nationItemMovileView/jsp/Page.do?cdKey=101019&categoryIdx=233,http://news.kotra.or.kr/user/extra/mkotranews/nationInfo/nationItemMovileView/jsp/Page.do?cdKey=101019&categoryIdx=80,http://news.kotra.or.kr/user/extra/mkotranews/nationInfo/nationItemMovileView/jsp/Page.do?cdKey=101019&categoryIdx=250,http://news.kotra.or.kr/user/extra/mkotranews/nationInfo/nationItemMovileView/jsp/Page.do?cdKey=101019&categoryIdx=81,http://news.kotra.or.kr/user/extra/mkotranews/nationInfo/nationItemMovileView/jsp/Page.do?cdKey=101019&categoryIdx=248
프랑스,http://news.kotra.or.kr/user/nationInfo/mkotranews/172/userNationBasicMobileView.do?nationIdx=167,http://news.kotra.or.kr/user/extra/mkotranews/nationInfo/nationItemMovileView/jsp/Page.do?cdKey=101011&categoryIdx=63,http://news.kotra.or.kr/user/extra/mkotranews/nationInfo/nationItemMovileView/jsp/Page.do?cdKey=101011&categoryIdx=65,http://news.kotra.or.kr/user/extra/mkotranews/nationInfo/nationItemMovileView/jsp/Page.do?cdKey=101011&categoryIdx=69,http://news.kotra.or.kr/user/extra/mkotranews/nationInfo/nationItemMovileView/jsp/Page.do?cdKey=101011&categoryIdx=233,http://news.kotra.or.kr/user/extra/mkotranews/nationInfo/nationItemMovileView/jsp/Page.do?cdKey=101011&categoryIdx=80,http://news.kotra.or.kr/user/extra/mkotranews/nationInfo/nationItemMovileView/jsp/Page.do?cdKey=101011&categoryIdx=250,http://news.kotra.or.kr/user/extra/mkotranews/nationInfo/nationItemMovileView/jsp/Page.do?cdKey=101011&categoryIdx=81,http://news.kotra.or.kr/user/extra/mkotranews/nationInfo/nationItemMovileView/jsp/Page.do?cdKey=101011&categoryIdx=248
핀란드,http://news.kotra.or.kr/user/nationInfo/mkotranews/172/userNationBasicMobileView.do?nationIdx=133,http://news.kotra.or.kr/user/extra/mkotranews/nationInfo/nationItemMovileView/jsp/Page.do?cdKey=101012&categoryIdx=63,http://news.kotra.or.kr/user/extra/mkotranews/nationInfo/nationItemMovileView/jsp/Page.do?cdKey=101012&categoryIdx=65,http://news.kotra.or.kr/user/extra/mkotranews/nationInfo/nationItemMovileView/jsp/Page.do?cdKey=101012&categoryIdx=69,http://news.kotra.or.kr/user/extra/mkotranews/nationInfo/nationItemMovileView/jsp/Page.do?cdKey=101012&categoryIdx=233,http://news.kotra.or.kr/user/extra/mkotranews/nationInfo/nationItemMovileView/jsp/Page.do?cdKey=101012&categoryIdx=80,http://news.kotra.or.kr/user/extra/mkotranews/nationInfo/nationItemMovileView/jsp/Page.do?cdKey=101012&categoryIdx=250,http://news.kotra.or.kr/user/extra/mkotranews/nationInfo/nationItemMovileView/jsp/Page.do?cdKey=101012&categoryIdx=81,http://news.kotra.or.kr/user/extra/mkotranews/nationInfo/nationItemMovileView/jsp/Page.do?cdKey=101012&categoryIdx=248
필리핀,http://news.kotra.or.kr/user/nationInfo/mkotranews/172/userNationBasicMobileView.do?nationIdx=59,http://news.kotra.or.kr/user/extra/mkotranews/nationInfo/nationItemMovileView/jsp/Page.do?cdKey=101080&categoryIdx=63,http://news.kotra.or.kr/user/extra/mkotranews/nationInfo/nationItemMovileView/jsp/Page.do?cdKey=101080&categoryIdx=65,http://news.kotra.or.kr/user/extra/mkotranews/nationInfo/nationItemMovileView/jsp/Page.do?cdKey=101080&categoryIdx=69,http://news.kotra.or.kr/user/extra/mkotranews/nationInfo/nationItemMovileView/jsp/Page.do?cdKey=101080&categoryIdx=233,http://news.kotra.or.kr/user/extra/mkotranews/nationInfo/nationItemMovileView/jsp/Page.do?cdKey=101080&categoryIdx=80,http://news.kotra.or.kr/user/extra/mkotranews/nationInfo/nationItemMovileView/jsp/Page.do?cdKey=101080&categoryIdx=250,http://news.kotra.or.kr/user/extra/mkotranews/nationInfo/nationItemMovileView/jsp/Page.do?cdKey=101080&categoryIdx=81,http://news.kotra.or.kr/user/extra/mkotranews/nationInfo/nationItemMovileView/jsp/Page.do?cdKey=101080&categoryIdx=248
헝가리,http://news.kotra.or.kr/user/nationInfo/mkotranews/172/userNationBasicMobileView.do?nationIdx=134,http://news.kotra.or.kr/user/extra/mkotranews/nationInfo/nationItemMovileView/jsp/Page.do?cdKey=101015&categoryIdx=63,http://news.kotra.or.kr/user/extra/mkotranews/nationInfo/nationItemMovileView/jsp/Page.do?cdKey=101015&categoryIdx=65,http://news.kotra.or.kr/user/extra/mkotranews/nationInfo/nationItemMovileView/jsp/Page.do?cdKey=101015&categoryIdx=69,http://news.kotra.or.kr/user/extra/mkotranews/nationInfo/nationItemMovileView/jsp/Page.do?cdKey=101015&categoryIdx=233,http://news.kotra.or.kr/user/extra/mkotranews/nationInfo/nationItemMovileView/jsp/Page.do?cdKey=101015&categoryIdx=80,http://news.kotra.or.kr/user/extra/mkotranews/nationInfo/nationItemMovileView/jsp/Page.do?cdKey=101015&categoryIdx=250,http://news.kotra.or.kr/user/extra/mkotranews/nationInfo/nationItemMovileView/jsp/Page.do?cdKey=101015&categoryIdx=81,http://news.kotra.or.kr/user/extra/mkotranews/nationInfo/nationItemMovileView/jsp/Page.do?cdKey=101015&categoryIdx=248
호주,http://news.kotra.or.kr/user/nationInfo/mkotranews/172/userNationBasicMobileView.do?nationIdx=111,http://news.kotra.or.kr/user/extra/mkotranews/nationInfo/nationItemMovileView/jsp/Page.do?cdKey=101071&categoryIdx=63,http://news.kotra.or.kr/user/extra/mkotranews/nationInfo/nationItemMovileView/jsp/Page.do?cdKey=101071&categoryIdx=65,http://news.kotra.or.kr/user/extra/mkotranews/nationInfo/nationItemMovileView/jsp/Page.do?cdKey=101071&categoryIdx=69,http://news.kotra.or.kr/user/extra/mkotranews/nationInfo/nationItemMovileView/jsp/Page.do?cdKey=101071&categoryIdx=233,http://news.kotra.or.kr/user/extra/mkotranews/nationInfo/nationItemMovileView/jsp/Page.do?cdKey=101071&categoryIdx=80,http://news.kotra.or.kr/user/extra/mkotranews/nationInfo/nationItemMovileView/jsp/Page.do?cdKey=101071&categoryIdx=250,http://news.kotra.or.kr/user/extra/mkotranews/nationInfo/nationItemMovileView/jsp/Page.do?cdKey=101071&categoryIdx=81,http://news.kotra.or.kr/user/extra/mkotranews/nationInfo/nationItemMovileView/jsp/Page.do?cdKey=101071&categoryIdx=248
홍콩,http://news.kotra.or.kr/user/nationInfo/mkotranews/172/userNationBasicMobileView.do?nationIdx=168,http://news.kotra.or.kr/user/extra/mkotranews/nationInfo/nationItemMovileView/jsp/Page.do?cdKey=101133&categoryIdx=63,http://news.kotra.or.kr/user/extra/mkotranews/nationInfo/nationItemMovileView/jsp/Page.do?cdKey=101133&categoryIdx=65,http://news.kotra.or.kr/user/extra/mkotranews/nationInfo/nationItemMovileView/jsp/Page.do?cdKey=101133&categoryIdx=69,http://news.kotra.or.kr/user/extra/mkotranews/nationInfo/nationItemMovileView/jsp/Page.do?cdKey=101133&categoryIdx=233,http://news.kotra.or.kr/user/extra/mkotranews/nationInfo/nationItemMovileView/jsp/Page.do?cdKey=101133&categoryIdx=80,http://news.kotra.or.kr/user/extra/mkotranews/nationInfo/nationItemMovileView/jsp/Page.do?cdKey=101133&categoryIdx=250,http://news.kotra.or.kr/user/extra/mkotranews/nationInfo/nationItemMovileView/jsp/Page.do?cdKey=101133&categoryIdx=81,http://news.kotra.or.kr/user/extra/mkotranews/nationInfo/nationItemMovileView/jsp/Page.do?cdKey=101133&categoryIdx=248
