연번,대분류코드,대분류,소분류,한국어,발음
1,4,일상생활,"인사,소개",고맙습니다.,쎄쎄
2,4,일상생활,"인사,소개",그동안 수고하셨습니다 ,쩌똰 스잰 신쿠러
3,4,일상생활,"인사,소개",다음에 또 뵈요,쌰츠 짜이잰
4,4,일상생활,"인사,소개",다음에 오겠습니다. ,쌰츠 짜이라이
5,4,일상생활,"인사,소개",당신을 잊지 못할 것 입니다 ,워 부후이 왕찌 니더
6,4,일상생활,"인사,소개",당신의 상사는 ㅇㅇㅇ 입니다.,니더 쌍스 쓰 OOO
7,4,일상생활,"인사,소개",당신의 성공을 기원합니다 ,쭈니 청궁
8,4,일상생활,"인사,소개",동료 ,퉁쓰
9,4,일상생활,"인사,소개",만나서 반갑습니다.,짼따오 니 헌 까오씽
10,4,일상생활,"인사,소개",맛있게 드세요 ,칭만융
11,4,일상생활,"인사,소개",먼 길 오시느라고 수고하셨습니다.,왠또오 얼라이 신쿠러
12,4,일상생활,"인사,소개",미안합니다 ,뚜이부치
13,4,일상생활,"인사,소개",미안합니다. ,뚜이부치
14,4,일상생활,"인사,소개",방해해서 미안합니다. ,부 하오이쓰 다 라오러
15,4,일상생활,"인사,소개",사과를 받아주세요 ,칭 제써우 또우챈
16,4,일상생활,"인사,소개",사과하세요.,칭 또우챈
17,4,일상생활,"인사,소개",사장님 ,써장
18,4,일상생활,"인사,소개",식사하셨습니까 ?,츠판러마 ?
19,4,일상생활,"인사,소개",식사합시다 ,칭 융찬
20,4,일상생활,"인사,소개",안녕하세요 ㅇㅇㅇ입니다. ,"니하오, 워 쓰 OOO"
21,4,일상생활,"인사,소개",안녕히 가세요 ,칭 저우하오
22,4,일상생활,"인사,소개",안녕히 계세요,칭 둬 보오쭝
23,4,일상생활,"인사,소개",앞으로 좋은 관계를 유지할 수 있기를 바랍니다. ,시왕 넝 바오츠 량호 관시
24,4,일상생활,"인사,소개",약속을 지키지 못해 죄송합니다.,헌 바오챈 메이넝 서우웨
25,4,일상생활,"인사,소개",우리 회사에 오신 것을 환영합니다 ,환잉 라이또오 워먼 궁쓰
26,4,일상생활,"인사,소개",우리와 함께 잘 해봅시다.,허쭤 위콰이
27,4,일상생활,"인사,소개",이분들에게 인사드리세요 ,칭 썅 따쟈 다거 쪼후
28,4,일상생활,"인사,소개",이분은 함께 일하게 될 ㅇㅇㅇ입니다. ,쩌웨이 쓰 워먼더 씬 퉁쓰 OOO
29,4,일상생활,"인사,소개",이분을 소개합니다.,쩨싸오 이쌰 쩌웨이
30,4,일상생활,"인사,소개",인사 나누세요,칭 다거 쪼후
31,4,일상생활,"인사,소개",일찍 주무세요,완안
32,4,일상생활,"인사,소개",자기소개를 해보세요,쯔워 쩨싸오 이쌰
33,4,일상생활,"인사,소개",잘 다녀오십시오. ,이루쑨펑
34,4,일상생활,"인사,소개",잘 부탁드립니다.,칭 둬둬 관쪼우
35,4,일상생활,"인사,소개",잘 부탁합니다. ,칭둬 관쪼우
36,4,일상생활,"인사,소개",저는 ㅇㅇㅇ회사의 ㅇㅇㅇ입니다. ,워쓰 OOO 궁쓰더 OOO
37,4,일상생활,"인사,소개",전화해주세요 ,칭 다땐화 게이 워
38,4,일상생활,"인사,소개",즐거운 주말 보내십시오 ,쭈니 쩌우뭐 위콰이
39,4,일상생활,"인사,소개",직장동료를 만나면 항상 인사를 하세요,펑또우 딴웨이 퉁쓰 칭 다쪼후
40,4,일상생활,"인사,소개",축하합니다.,쭈허니
41,4,일상생활,"인사,소개",친절하게 인사하세요,친체 원허우
42,4,일상생활,"인사,소개",편히 쉬십시오 ,칭 호호 쓔시
43,4,일상생활,"인사,소개",화를 내서 미안합니다. ,뚜이부치 워파훠러
44,4,일상생활,"날씨,여가",가을,츄탠
45,4,일상생활,"날씨,여가",감기에 걸리지 않도록 유의하세요,칭 쭈이 위팡 간모우
46,4,일상생활,"날씨,여가",겨울,뚱탠
47,4,일상생활,"날씨,여가",날씨가 나쁩니다. ,탠치 부호
48,4,일상생활,"날씨,여가",날씨가 더워요?,탠치 러마 ?
49,4,일상생활,"날씨,여가",날씨가 많이 쌀쌀해 졌어요.,탠치 뺀 렁러
50,4,일상생활,"날씨,여가",날씨가 좋네요,탠치 헌호
51,4,일상생활,"날씨,여가",날씨가 추워요?,탠치 렁마 ?
52,4,일상생활,"날씨,여가",내일은 공휴일이니 기숙사에서 쉬도록 해요,밍탠쓰 궁쓔르 후이취 호호 쓔시바
53,4,일상생활,"날씨,여가",눈이 옵니다. ,쌰쉐러
54,4,일상생활,"날씨,여가",당신의 취미는 무엇입니까?,니더 아이호 쓰 선머 ?
55,4,일상생활,"날씨,여가",동상에 걸리지 않도록 조심하세요,칭 쭈이 위팡 뚱상
56,4,일상생활,"날씨,여가",두꺼운 옷이 필요합니까 ?,슈요우 허우 이푸마 ?
57,4,일상생활,"날씨,여가",바람이 붑니다. ,꽈펑러
58,4,일상생활,"날씨,여가",봄,춘탠
59,4,일상생활,"날씨,여가",비가 옵니다 ,쌰위러
60,4,일상생활,"날씨,여가",쉬는 날에는 주로 뭐해요?,쓔시탠 더우후이 쭤선머 ?
61,4,일상생활,"날씨,여가",쉬는날에 무엇을 하고 싶나요?,쓔시탠 샹 쭤선머 ?
62,4,일상생활,"날씨,여가","아침, 저녁으로 온도차이가 많이납니다.",조완 원차 따
63,4,일상생활,"날씨,여가",여름,쌰탠
64,4,일상생활,"날씨,여가",오늘은 공휴일입니다. ,진탠쓰 궁쓔르
65,4,일상생활,"날씨,여가",옷을 따뜻하게 입으세요.,둬촨이댄
66,4,일상생활,"날씨,여가",운동을 좋아하십니까?,시환 윈뚱마 ?
67,4,일상생활,"날씨,여가",이번 주말에 등산하는건 어떻습니까?,쩌거 쩌우뭐 취 떵산바 ?
68,4,일상생활,"날씨,여가",이번 주말에는 쉬세요.,쩌거 쩌우뭐 쮸 쓔시바
69,4,일상생활,"날씨,여가",일요일에는 일이 없습니다.,씽치탠 메쓰쭤
70,4,일상생활,"날씨,여가",좀 더 얇은 옷이 필요한가요 ?,슈요우 껑 보이댄더 이푸마 ? 
71,4,일상생활,"날씨,여가",주말에 뭐할꺼예요?,쩌우뭐 쭤선머?
72,4,일상생활,"날씨,여가",주말에 친구들과 여행을 하세요,쩌우뭐 허 펑유먼 취 뤼유바
73,4,일상생활,"날씨,여가",주말에 OO를 구경시켜 드릴께요,쩌우뭐 따이니 취 찬관 OOO
74,4,일상생활,"날씨,여가",주말에는 함께 교회에 가면 어때요?,쩌우뭐 이치취 쬬탕바 ?
75,4,일상생활,"날씨,여가",친구들하고 어디로 놀러가나요?,허 펑유먼 취 나 완 ?
76,4,일상생활,"날씨,여가",한국에서 가볼만한 산을 알려줄게요',게이니 투이짼 한궈 쭈밍더 산
77,4,일상생활,"날씨,여가",환절기입니다.,쌘짜이 쓰 환찌
78,4,일상생활,"시장,교통", 시내를 가려면  00번 버스(지하철)를 타야합니다.,취왕 쓰네이 쉬요 따청 OO호 궁죠처(띠테)
79,4,일상생활,"시장,교통",가전제품,쟈융땐치
80,4,일상생활,"시장,교통",거리에 따라 버스요금이 다릅니다. ,궁죠처 안 쮜리 서우페
81,4,일상생활,"시장,교통",거리에 따라 지하철요금이 다릅니다. ,띠테 안 쮜리 서우페
82,4,일상생활,"시장,교통",교통카드 충전은 ㅇㅇ에서 해요,쟈우퉁카 충즈 짜이 OO빤리
83,4,일상생활,"시장,교통",기차,훠처
84,4,일상생활,"시장,교통",마트 ,차오쓰
85,4,일상생활,"시장,교통",백화점 ,바이훠쌍땐
86,4,일상생활,"시장,교통",버스 ,궁죠처 
87,4,일상생활,"시장,교통",버스요금은 ㅇㅇ원입니다. ,궁죠처 지번페융 웨이 OO한왠
88,4,일상생활,"시장,교통",비쌉니다 ,꾸이
89,4,일상생활,"시장,교통",비행기표는 예매했어요?,위띵호 지표러마 ?
90,4,일상생활,"시장,교통",시내를 가려면 택시를 타야합니다.,취왕 쓰네이 쉬요 따청 추주처
91,4,일상생활,"시장,교통",시내버스 ㅇㅇㅇ번을 타세요,칭 따청 쓰네이 궁죠처 OOO루
92,4,일상생활,"시장,교통",시장 ,쓰창
93,4,일상생활,"시장,교통",시장은 ㅇㅇ역에 있습니다. ,쓰창 짜이 OO짠
94,4,일상생활,"시장,교통",식료품,스핀
95,4,일상생활,"시장,교통",신용카드,씬융카
96,4,일상생활,"시장,교통",신호를 꼭 지키세요,칭 쭌서우 죠퉁뀌저
97,4,일상생활,"시장,교통",쌉니다. ,팬이
98,4,일상생활,"시장,교통",ㅇㅇ역 ㅇ번 출구에 있습니다. ,짜이 OO짠 O호 추커우
99,4,일상생활,"시장,교통",ㅇㅇ역에서 ㅇ호선으로 갈아타세요,짜이 OO짠 환청 O호쌘
100,4,일상생활,"시장,교통",어디로 가십니까 ?,취 나얼 ?
101,4,일상생활,"시장,교통",어떻게 지불하시겠습니까 ?,니더 즈푸 팡쓰스 ?
102,4,일상생활,"시장,교통",여기서 가까운 지하철역은 ㅇㅇ 입니다,리쩔 쭈이찐더 띠테짠스 OO
103,4,일상생활,"시장,교통",오른쪽,유벤
104,4,일상생활,"시장,교통",왼쪽,줘벤
105,4,일상생활,"시장,교통",은행 ,인항
106,4,일상생활,"시장,교통",이것은 ㅇㅇ원 입니다. ,쩌거 OO한왠
107,4,일상생활,"시장,교통",이것을 사고 싶습니까 ?,니샹 마이 쩌거마 ?
108,4,일상생활,"시장,교통",이곳은 시내와 멀리 떨어져 있어요,쩌리 리 쓰취 쬬오왠
109,4,일상생활,"시장,교통",이곳이 번화가입니다. ,쩌리쓰 판화제
110,4,일상생활,"시장,교통",일상용품,르창융핀
111,4,일상생활,"시장,교통",자동차가 매우 많습니다.,처 페이창 둬
112,4,일상생활,"시장,교통",지하철 ,띠테 
113,4,일상생활,"시장,교통",지하철 0호선입니다.,띠테 O호쌘
114,4,일상생활,"시장,교통",지하철 탈수 있어요?,넝 쭤 띠테마 ?
115,4,일상생활,"시장,교통",출퇴근이 편리합니다.,상쌰반 팡벤
116,4,일상생활,"시장,교통",택시 ,추주처
117,4,일상생활,"시장,교통",택시요금은 비싸니까 버스를 이용하세요,"추주처 비쬬오꾸이, 칭 청쭤 궁죠처"
118,4,일상생활,"시장,교통",편의점은 저쪽에 있습니다.,뺀리땐 짜이 나벤
119,4,일상생활,"시장,교통",필요한 물건이 무엇입니까 ?,니 쉬요 선머 둥시 ?
120,4,일상생활,"시장,교통",현금 ,쌘진
121,4,일상생활,"시장,교통",회사에서 가까운 은행은 ㅇㅇ은행입니다.,리 궁쓰 쮜이 찐더 인항스 OO인항
122,4,일상생활,"시장,교통",횡단보도를 건널때는 신호등을 잘 보세요.,꿔 마루스 이딩요 쭈이 훙뤼덩
123,4,일상생활,"시장,교통",휴대폰,서우지
124,4,일상생활,"시장,교통",OO까지 버스요금이 얼마인가요?,또우 OO 궁죠페이융 스 둬소오 ?
125,4,일상생활,"문화,관습",가족들에게 자주 연락하세요,칭 창게이 쟈런 다 땐화
126,4,일상생활,"문화,관습",공공장소에서 떠들면 안되요,뿌넝 짜이 궁궁창숴 쐔화
127,4,일상생활,"문화,관습",금식기간입니까 ?,스 찐스 치잰마 ?
128,4,일상생활,"문화,관습",기독교,지두쬬우
129,4,일상생활,"문화,관습",당신의 나라에는 어떤 명절이 있습니까?,니더 궈쟈 유 선머양더 제르 ?
130,4,일상생활,"문화,관습",명절에는 부모님과 가족을 방문합니다.,제르 취 칸왕 푸무 허 쟈런
131,4,일상생활,"문화,관습",문화적 차이가 있을수 있습니다.,커넝 후이유 원화차이
132,4,일상생활,"문화,관습",설날,춘제
133,4,일상생활,"문화,관습",설날에는 떡국을 먹습니다.,춘제 츠 낸고탕
134,4,일상생활,"문화,관습",양력,양리
135,4,일상생활,"문화,관습",어떠한 언어를 사용하시나요?,스융 선머양더 위앤 ?
136,4,일상생활,"문화,관습",우리는 각 나라의 개인의 종교를 다 존중해요.,워먼 준쭝 메이거 궈쟈더 중죠우
137,4,일상생활,"문화,관습",음력,인리
138,4,일상생활,"문화,관습",음력 8월 15일은 추석입니다.,인리 바웨 스우르 중츄제 
139,4,일상생활,"문화,관습",이슬람교,이스란죠우
140,4,일상생활,"문화,관습",이슬람교도입니까 ? ,니스 이스란죠우투마 ?
141,4,일상생활,"문화,관습",조상들께 제사도 지냅니다.,예후이 지빠이 주샌
142,4,일상생활,"문화,관습",종교가 무엇입니까?,니더 중죠우 스선머 ? 
143,4,일상생활,"문화,관습",추석,중츄제
144,4,일상생활,"문화,관습",추석에는 송편을 먹습니다.,중츄제 후이츠 숭빙
145,4,일상생활,"문화,관습",카톨릭,탠주죠
146,4,일상생활,"문화,관습",한국사람은 손가락질 하는 것을 싫어합니다.,한궈런 부시환 즈즈댄댄
147,4,일상생활,"문화,관습",한국에 대해서 어떤 생각을 가지고 있나요?,뚜이 한궈더 인샹 루허 ?
148,4,일상생활,"건강,병원",119는 응급할때 전화 하세요,지쮸 땐화스 119
149,4,일상생활,"건강,병원",가슴이 아프세요?,슝부 텅마 ?
150,4,일상생활,"건강,병원",가장 가까운 병원은 ㅇㅇ병원입니다.,쭈이 찐더 이왠스 OO이왠
151,4,일상생활,"건강,병원",감기에 걸렸어요?,간모러마 ?
152,4,일상생활,"건강,병원",감기에 걸리지 않도록 조심하세요.,칭 쭈이 위팡 간모 
153,4,일상생활,"건강,병원",개인위생을 철저히 해야 아프지 않습니다.,쭤호 거런웨이성 차이넝 위팡 지삥
154,4,일상생활,"건강,병원",건강검진,티잰
155,4,일상생활,"건강,병원",건강은 좀 어떠세요?,쭈이찐 썬티 전머양 ?
156,4,일상생활,"건강,병원",건강을 생각하세요,칭 꾸지 짼캉
157,4,일상생활,"건강,병원",건강이 무엇보다도 중요해요,짼캉 비 선머 떠우쭝요
158,4,일상생활,"건강,병원",과로입니다,쓰 꿔뚜 피라우
159,4,일상생활,"건강,병원",규칙적으로 운동을 하세요,띵치 쭤 짼선 윈뚱
160,4,일상생활,"건강,병원",기침을 하세요? ,커써우마 ?
161,4,일상생활,"건강,병원",내과,네이커
162,4,일상생활,"건강,병원",다친 부위가 어디세요?,써우상 부웨이 짜이 날 ?
163,4,일상생활,"건강,병원",담배를 많이 피우면 건강에 해롭고  돈을 모을수 없습니다.,"시얜 유하이 짼캉, 예뿌넝 잔챈"
164,4,일상생활,"건강,병원",당신을 병원에 데려가겠습니다. ,따이니 취 이왠
165,4,일상생활,"건강,병원",등이 아프세요?,뻬이부 텅마 ?
166,4,일상생활,"건강,병원",머리가  아프세요?,터우퉁마 ?
167,4,일상생활,"건강,병원",머리가 아플때는 두통약을 먹어요,터우퉁스 푸융 터우퉁요우
168,4,일상생활,"건강,병원",목이 부었나요?,붜즈 중러마 ?
169,4,일상생활,"건강,병원",몸살에 걸렸나요 ?,훈선 퉁마 ?
170,4,일상생활,"건강,병원",무릎이 아프세요?,시까이 텅마 ?
171,4,일상생활,"건강,병원",무리하지 마세요,베타이 맨챵러
172,4,일상생활,"건강,병원",발가락이 아프세요? ,죠우즈터우 텅마 ?
173,4,일상생활,"건강,병원",발이 아프세요?,죠우 텅마 ?
174,4,일상생활,"건강,병원",밤에 아플때는 000로 연락하세요,예잰 파삥스 칭랜씨 OOO
175,4,일상생활,"건강,병원",배가  아프세요?,뚜즈 텅마 ?
176,4,일상생활,"건강,병원",병원에 가야 할 시간입니다.,요취 이왠러
177,4,일상생활,"건강,병원",병원에 같이가서 치료해 드릴께요,이치취 이왠 제써우 쯔랴우바
178,4,일상생활,"건강,병원",비상약은 사무실에 있습니다.,진지융요우 짜이 빤궁스
179,4,일상생활,"건강,병원",산부인과,푸찬커
180,4,일상생활,"건강,병원",소화가  안되세요?,부샤오화마 ?
181,4,일상생활,"건강,병원",손가락이 아프세요?,서우즈터우 텅마 ?
182,4,일상생활,"건강,병원",손목을 삐었나요?,뉴또우 서우완러마 ?
183,4,일상생활,"건강,병원",손목이 아프세요?,서우완 텅마 ?
184,4,일상생활,"건강,병원",손을 깨끗이 씻으세요,칭 시호 쐉서우
185,4,일상생활,"건강,병원",수술 동의서가 필요합니다.,쉬요우 서우쑤 퉁이수
186,4,일상생활,"건강,병원",수술을 해야할것 같아요,쉬요우 쭤 서우쑤
187,4,일상생활,"건강,병원",술을 많이 먹으면 건강에 해롭습니다.,꿔뚜 인쥬 유하이 짼캉
188,4,일상생활,"건강,병원",신종플루를 조심하세요,칭 쭈이 위팡 쟈싱 H1N1 류간
189,4,일상생활,"건강,병원",아프면 관리자에게 반드시 이야기 하세요,성삥스 까오쑤 관리왠
190,4,일상생활,"건강,병원",아프면 병원에 가세요,성삥러 쮸취 이왠
191,4,일상생활,"건강,병원",안과,얜커
192,4,일상생활,"건강,병원",약 드세요,츠요우바
193,4,일상생활,"건강,병원",약은 시간에 맞추어  복용해야 빨리 낫습니다.,이띵요 안스 츠요우
194,4,일상생활,"건강,병원",약은 식사후 30분에  물과 함께 꼭 드세요,판허우 30펀중 츠요우
195,4,일상생활,"건강,병원",약은 약국에서 사야해요,칭 짜이 요우땐 꺼우마이 요우
196,4,일상생활,"건강,병원",어깨가 아프세요?,잰방 텅마 ?
197,4,일상생활,"건강,병원",어디가 아픕니까?,나리 부수푸 ?
198,4,일상생활,"건강,병원",얼굴이 창백해 보이네요,랜써 칸치라이 호 창바이
199,4,일상생활,"건강,병원",열이 있나요?,파소우마 ?
200,4,일상생활,"건강,병원",열이나면 푹 쉬어야 해요.,파소우 쉬요우 둬쓔시
201,4,일상생활,"건강,병원",예방접종을 하세요.,쭤 위팡 제중
202,4,일상생활,"건강,병원",오늘부터 입원하셔야 합니다.,충 진탠 카이스 쭈왠
203,4,일상생활,"건강,병원",오늘부터 통원치료를 받아야 합니다.,충 진탠 카이스 제써우 먼전쯔랴우
204,4,일상생활,"건강,병원",외과,와이커
205,4,일상생활,"건강,병원",음주를 줄여주세요,칭 잰사오 인쥬량
206,4,일상생활,"건강,병원",의료보험에 가입하였으니 병원에 가더라도 치료비가 적게 나옵니다,"쟈루러 이랴오 보우샌, 쯔랴우페이 부후이 헌고우"
207,4,일상생활,"건강,병원",이 계좌로 입금해주세요,왕 쩌거 짱후 후이콴
208,4,일상생활,"건강,병원",이 병은 전염이 되니 조심하세요,"쩌거 삥 후이 촨란, 칭 쇼신"
209,4,일상생활,"건강,병원",이 약은 삼일분입니다.,카이러 싼탠더 요우
210,4,일상생활,"건강,병원",이곳에 싸인을 해주세요,짜이 쩌리 챈쯔
211,4,일상생활,"건강,병원",이비인후과,얼비허우커
212,4,일상생활,"건강,병원",임신했나요?,니유 선윈마 ?
213,4,일상생활,"건강,병원",잠시만 가만히 있으세요,짠스 부요우뚱
214,4,일상생활,"건강,병원",잠시만 숨을 참아주세요,짠스 빙쭈후시
215,4,일상생활,"건강,병원",잠잘때는 꼭 씻으세요,쑤이챈 이띵요우 칭시 
216,4,일상생활,"건강,병원",장애가 있습니까?,니유 찬지마 ?
217,4,일상생활,"건강,병원",조금 아플수 있습니다.,후이 소우웨이 퉁
218,4,일상생활,"건강,병원",종아리가 아프세요?,쇼우투이 텅마 ?
219,4,일상생활,"건강,병원",종합검사를 받기를 권유합니다.,짼이 쭤 쭝허 썬티 잰차
220,4,일상생활,"건강,병원",종합병원,쭝허 이왠
221,4,일상생활,"건강,병원",컨디션은 어떠세요?,쌘짜이더 쫭타이 루허 ?
222,4,일상생활,"건강,병원",콧물이 흐르나요 ?,류비티마 ?
223,4,일상생활,"건강,병원",팔이 아프세요? ,거붜 텅마 ?
224,4,일상생활,"건강,병원",평소 지병이 있나요?,유 만씽 지삥마 ?
225,4,일상생활,"건강,병원",푹 주무셨나요?,쑤이호우 쨔오러마 ?
226,4,일상생활,"건강,병원",피곤하십니까?,줴더 피로우마 ?
227,4,일상생활,"건강,병원",항상 건강에 조심하세요,핑스 둬 쭈이 썬티
228,4,일상생활,"건강,병원",허리가 아프세요?,요 텅마 ?
229,4,일상생활,"건강,병원",허벅지가 아프세요?,따튀이 텅마 ?
230,4,일상생활,"건강,병원",휴식이 필요합니다.,쉬요우 쓔시
231,4,일상생활,"음식,식생활",계란,지딴
232,4,일상생활,"음식,식생활",골고루 드세요.,인스 요우 쥔윈
233,4,일상생활,"음식,식생활",과일을 드십시요,둬 츠댄 쉬이궈
234,4,일상생활,"음식,식생활",과일을 좋아하십니까?,시환 츠 쉬이궈마 ?
235,4,일상생활,"음식,식생활",국을 드시겠습니까?,허 탕마 ?
236,4,일상생활,"음식,식생활",김치 먹을 수 있어요?,넝츠 파오차이마 ?
237,4,일상생활,"음식,식생활",달다,탠
238,4,일상생활,"음식,식생활",당신은 무슨 음식을 좋아하십니까?,니 시환 츠선머 ?
239,4,일상생활,"음식,식생활",돼지고기 먹습니까?,넝 츠 쭈러우마 ?
240,4,일상생활,"음식,식생활",라면을 좋아하세요?,시환 츠 팡맨맨마 ?
241,4,일상생활,"음식,식생활",막걸리,마거리쥬
242,4,일상생활,"음식,식생활",많이 드세요,둬 츠댄 
243,4,일상생활,"음식,식생활",매운것도 잘 먹을 수 있어요?,넝츠 라더마 ?
244,4,일상생활,"음식,식생활",맥주 한잔 할까요?,라이 이베이 피쥬마 ?
245,4,일상생활,"음식,식생활",맵다,라
246,4,일상생활,"음식,식생활",먹고 싶은게 있으면 말씀하세요.,샹츠선머 진관숴
247,4,일상생활,"음식,식생활",무엇이 먹고 싶습니까 ?,샹츠선머 ?
248,4,일상생활,"음식,식생활",물 드세요 ,칭 허 쉬이
249,4,일상생활,"음식,식생활",밥 많이 먹었어요?,츠 둬러마 ?
250,4,일상생활,"음식,식생활",배가 고프신가요?,어러마 ?
251,4,일상생활,"음식,식생활",소주를 좋아하세요?,시환 허 소우쥬마 ?
252,4,일상생활,"음식,식생활",쇠고기 먹습니까?,넝츠 뉴러우마 ?
253,4,일상생활,"음식,식생활",수저가 여기에 있습니다.,소우 허 콰이즈 짜이 쩌벤
254,4,일상생활,"음식,식생활",식사 후 설거지를 깨끗하게 해주세요,판허우 칭 시찡 완콰이
255,4,일상생활,"음식,식생활",식사는 제대로 해 먹고 있나요?,쯔지 쭤저츠 하이 호우바 ?
256,4,일상생활,"음식,식생활",식사를 거르지 않도록 하세요,칭 안스 츠판
257,4,일상생활,"음식,식생활",식사를 더 하고 싶은 분은 말씀하세요 ,베더 하이 쉬요우 츠선머
258,4,일상생활,"음식,식생활",싱겁다,칭딴
259,4,일상생활,"음식,식생활",쓰다,쿠 
260,4,일상생활,"음식,식생활",아주 잘 먹었습니다.,츠 바오러
261,4,일상생활,"음식,식생활",아침 식사 하셨습니까?,츠 자오찬러마 ?
262,4,일상생활,"음식,식생활",양이 부족합니까 ?,꺼우러마 ?
263,4,일상생활,"음식,식생활",어떤 반찬을 좋아하십니까?,시환 츠 선머 차이 ?
264,4,일상생활,"음식,식생활",어떤 요리를 잘하시나요 ?,쭈이 싼창더 랴오리스 ?
265,4,일상생활,"음식,식생활",여러분 스스로 음식을 해드십시오. ,칭 따쟈 뚱서우 쯔지 쭤저츠
266,4,일상생활,"음식,식생활",오늘 반찬은 ~~ 입니다.,찐탠더 차이요스 ~~
267,4,일상생활,"음식,식생활",요리할줄 아시나요 ?,니 후이 쭤판마 ?
268,4,일상생활,"음식,식생활",우리 오늘 저녁 외식하는게 어때요?,진탠 워먼 추취츠 루허 ?
269,4,일상생활,"음식,식생활",음식을 남기면 안됩니다. ,칭 부요우 썽판
270,4,일상생활,"음식,식생활",이 음식이 몸에 좋아요,츠 쩌거 뚜이 선티호
271,4,일상생활,"음식,식생활",전통음식입니다.,쩌스 촨퉁인스
272,4,일상생활,"음식,식생활",점심 같이 먹어요.,중우 이치 츠판바 
273,4,일상생활,"음식,식생활",제가 맛있는거 해드릴께요.,워 게이니 쭤 호츠더
274,4,일상생활,"음식,식생활",좋아하는 음식이 있어요?,유니 시환 츠더마 ?
275,4,일상생활,"음식,식생활",짜다,샌
276,4,일상생활,"음식,식생활",한국 음식 중 좋아하는 것이 있습니까 ?,한궈 료우리중 유 시환츠더마 ?
277,4,일상생활,"은행,송금",가까운 은행 통장으로 새로 만듭시다.,또우 쮸이찐 인항 카이퉁 짱후
278,4,일상생활,"은행,송금",같이 은행에 갑시다.,이치 취 인항바 
279,4,일상생활,"은행,송금",교육장에서 만든 통장이 있으면 저에게 보여주세요.,"루궈 짜이 쬬위창 빤리러 춘저, 칭 게이워 칸이쌰"
280,4,일상생활,"은행,송금",다른 외국인근로자에게 송금을 부탁하지 마세요 ,칭부요우 웨이퉈 치타 와이궈런 라오뚱저 찐싱 후이콴
281,4,일상생활,"은행,송금",도박장 출입하면 월급 하루에 다 날립니다. ,"추루 두창, 유커넝 후이 이예잰 스취 챈차이"
282,4,일상생활,"은행,송금",돈을 낭비하지 마십시오. ,칭 부요우 랑페이 찐챈
283,4,일상생활,"은행,송금",돈을 전부 본국으로 송금하지 마세요 ,부요우 쟝 쵄부 찐어 후이또우 번궈
284,4,일상생활,"은행,송금",돈을 펑펑 쓰지 마세요,칭 부요우 수이뺀 화챈
285,4,일상생활,"은행,송금","본국에 송금하려면 은행코드, 받는 사람 및 주소를 정확히 알려주셔야 합니다.","샹 번궈 후이콴스, 쉬요우 티궁 쩡췌더 인항 따이마, 써우콴런 씽밍 지 띠즈"
286,4,일상생활,"은행,송금",본인 생활비를 고려해서 송금하세요.,코오뤼 쯔지더 썽훠페이 즈허우 짜이 찐싱 후이콴 
287,4,일상생활,"은행,송금",비밀번호는 무엇입니까?,미마스 둬사오 ?
288,4,일상생활,"은행,송금",송금 수수료가 ㅇㅇ원 입니다. ,후이콴 서우쒸페이웨이 OO 한왠
289,4,일상생활,"은행,송금",송금수수료가 비싸요,후이콴 서우쒸페이 꾸이
290,4,일상생활,"은행,송금",수수료는 ㅇㅇ 입니다.,서우쒸페이웨이 OO
291,4,일상생활,"은행,송금",얼마를 송금할거예요 ?,니 요우 후이 둬사오 챈 ?
292,4,일상생활,"은행,송금",열심히 힘들게 일해서 번 돈 귀하게 쓰세요. ,칭 쩐시 신쿠 쫜라이더 챈 
293,4,일상생활,"은행,송금",월급 본국 송금을 사장님이 대신해 주시길 원하세요?,니 시왕 써장 따이티 니 쟝 궁즈 후이루 번궈마 ?
294,4,일상생활,"은행,송금",월급날 술마시고 유흥업소에 가지 마세요,"링궁즈르, 칭 부요우 취 위러창숴 인쥬쭤러"
295,4,일상생활,"은행,송금",은행업무를 가르쳐 줄게요.,죠니 인항예우
296,4,일상생활,"은행,송금",은행에 계좌를 개설하세요.,칭 카이퉁 인항 짱호우
297,4,일상생활,"은행,송금",은행에서 돈 찾을 수 있나요?,커이 짜이 인항 취콴마 ?
298,4,일상생활,"은행,송금",은행에서는 먼저 번호표를 뽑으세요,취 인항 샌 링취 호마파이 
299,4,일상생활,"은행,송금",이 서류를 작성하세요 ,칭 탠세 쩌거 원짼
300,4,일상생활,"은행,송금",이 은행은 여기서 너무 멀리 있습니다.,쩌거 인항 리더 타이 왠러
301,4,일상생활,"은행,송금",이 통장으로 월급을 송금해 줄게요.,옹 쩌거 짱호우 후이루 궁즈
302,4,일상생활,"은행,송금",인터넷뱅킹은 수수료가 더 쌉니다.,왕쌍인항더 서우쒸페이 껑 팬이
303,4,일상생활,"은행,송금",자동이체로 하겠습니다.,워 쇈저 쯔뚱 좐짱
304,4,일상생활,"은행,송금",저축을 하세요 ,칭 춘콴
305,4,일상생활,"은행,송금",절약해야합니다.,칭 제성 융챈
306,4,일상생활,"은행,송금",통장 계좌번호를 알고 싶습니다.,칭 까오쑤 워 니더 짱호우
307,4,일상생활,"은행,송금",현금은 분실할 위험이 있습니다.,쌘진 후이유 뜌스 펑샌
308,4,일상생활,"은행,송금",현금을 가지고있으면 소비하기 쉽습니다.,나저 쌘진더화 헌룽이 화뚀우
309,4,일상생활,"은행,송금",현금을 찾기가 불편하니 카드를 신청하세요,"티취 쌘진 부팡밴, 칭 선칭 쩨찌카"
310,4,일상생활,기타,10월,스웨
311,4,일상생활,기타,11월,스이웨
312,4,일상생활,기타,12월,스얼웨
313,4,일상생활,기타,1월,이웨
314,4,일상생활,기타,2월,얼웨
315,4,일상생활,기타,3월,산웨
316,4,일상생활,기타,4월,쓰웨
317,4,일상생활,기타,5월,우웨
318,4,일상생활,기타,6월,류웨
319,4,일상생활,기타,7월,치웨
320,4,일상생활,기타,8월,바웨
321,4,일상생활,기타,9월,쥬웨
322,4,일상생활,기타,가족과 상의해 보셨나요?,위 쟈런 상량호러마 ?
323,4,일상생활,기타,가족들에게 줄 선물은 많이 샀나요.,마이호 쑹게이 쟈런더 리우러마 ?
324,4,일상생활,기타,가족은 몇 명입니까 ?,쟈유 지커우 런 ?
325,4,일상생활,기타,각서를 쓰세요,칭 세 뻬이왕루
326,4,일상생활,기타,개인 소지품을 잘 관리하세요 ,칭 바오관호 꺼런 세따이핀
327,4,일상생활,기타,개인사정으로 본국에 돌아가고 싶습니까 ?,인 꺼런 쓰유 샹후이 번궈마 ?
328,4,일상생활,기타,걱정하지 마세요,부융 딴씬
329,4,일상생활,기타,결정하셨습니까?,줴띵러 마 ?
330,4,일상생활,기타,결혼했습니까 ?,제훈러 마 ?
331,4,일상생활,기타,경치가 아름답습니다.,펑징 헌메이
332,4,일상생활,기타,고국에 돌아가면 편지하세요 ,후이궈허우 커이 세씬 게이워
333,4,일상생활,기타,고장이 나면 A/S 를 부르시면 됩니다.,파성 꾸장스 커이 선칭 A/S
334,4,일상생활,기타,고향에 가면 이제 무엇을 할 건가요?,후이궈허우 다쏸 쭤선머 ?
335,4,일상생활,기타,공장에 같이 일하는 친구들은 몇 명이에요?,짜이 궁창 이치 궁쭤더 펑유 유 지웨이 ?
336,4,일상생활,기타,과음해서는 안됩니다. ,부요우 인쥬 꿔뚜 
337,4,일상생활,기타,괜찮아요,메이꽌시
338,4,일상생활,기타,국제운전면허증이 있나요?,유 궈찌 쨔쪼우마 ?
339,4,일상생활,기타,국제통화를 자주하면 요금이 많이 나와요,징창 다 궈찌창투 후이 헌뀌이
340,4,일상생활,기타,궁금한점이 무엇입니까?,유 이원마 ?
341,4,일상생활,기타,그래요. 무슨일인가요?,"호더, 유선머 쓰 ?"
342,4,일상생활,기타,글쎄요,워 부 칭추
343,4,일상생활,기타,금요일,싱치 우
344,4,일상생활,기타,기분이 좋아졌습니까?,신칭 호우둬러마 ?
345,4,일상생활,기타,기술이 있으십니까?,유 찌쑤마 ?
346,4,일상생활,기타,기억하세요,칭 찌쭈
347,4,일상생활,기타,나는 그것을 모릅니다.,워 부즈따오 나거
348,4,일상생활,기타,나는 당신때문에 화났습니다. ,뻬이 니 치스러
349,4,일상생활,기타,나는 화가 났습니다.,워 썽치러
350,4,일상생활,기타,나에게 말을 해 주세요.,칭 까오쑤워
351,4,일상생활,기타,나이가 어떻게 됩니까?,둬따 낸찌러 ?
352,4,일상생활,기타,내가 그것을 주겠습니다.,워 게이 니
353,4,일상생활,기타,내리십시오,쌰처바
354,4,일상생활,기타,내일은 일찍 일어나야 합니다.,밍탠 요우 조우치
355,4,일상생활,기타,내일을 생각하세요,샹샹 쟝라이
356,4,일상생활,기타,너무 늦게 다니지 마세요.,자오댄 후이취 
357,4,일상생활,기타,넷 4,쓰
358,4,일상생활,기타,누가 당신에게 욕을 했습니까 ?,쑤이 마 니러 ?
359,4,일상생활,기타,누가 당신을 때렸습니까 ?,쑤이 다 니러 ?
360,4,일상생활,기타,누구와 함께 사세요?,허 쑤이 이치 성훠 ?
361,4,일상생활,기타,누구한테서 편지를 받았습니까?,쑤이 게이니 세더씬 ?
362,4,일상생활,기타,누나 ,제제 
363,4,일상생활,기타,눈치껏 잘 하십시요.,쭤쓰 요오유 얜리짼
364,4,일상생활,기타,다섯 5,우
365,4,일상생활,기타,다음 날을 위해 술을 조금만 드세요 ,웨이러 밍탠 소오허이댄
366,4,일상생활,기타,다음에 다시 말해주세요,쌰츠 짜이 까오쑤워
367,4,일상생활,기타,다음은 당신 차례입니다,룬따오 니러
368,4,일상생활,기타,담배는 흡연실에서 피우세요,칭 짜이 시얜추 시얜
369,4,일상생활,기타,당신 전공은 무엇인가요?,니더 쫜예 쓰선머 ?
370,4,일상생활,기타,당신 전공은 무엇인가요?,니더 터창 쓰선머 ?
371,4,일상생활,기타,당신과 이야기하고 싶습니다. ,워 샹 허니 탄탄 
372,4,일상생활,기타,당신에게 전화가 왔습니다.,유런 게이니 다땐화러
373,4,일상생활,기타,당신은 부지런합니다. ,니헌 친펀
374,4,일상생활,기타,당신은 예쁩니다 ,니헌 퍄오량
375,4,일상생활,기타,당신은 이일을 이해했습니까?,니 랴오제 쩌짼 쓰러마 ?
376,4,일상생활,기타,당신은 참 잘생겼네요,니 장더 쩐쏴이
377,4,일상생활,기타,당신은 참 좋은 사람입니다 ,니 쩐쓰 이거 호우런
378,4,일상생활,기타,당신은 화가 났습니까?,니 썽치러마 ?
379,4,일상생활,기타,당신을 위한겁니다.,떠우쓰 웨이러 니
380,4,일상생활,기타,당신의 꿈은 무엇인가요?,니더 멍샹 쓰선머 ?
381,4,일상생활,기타,당신의 전화번호와 주소를 알려주시겠습니까?,넝 까오쑤워 니더 땐화호마허 띠즈마 ?
382,4,일상생활,기타,당신이 원한다면 본국으로 돌아갈 수 있습니다. ,"루궈 니 왠이, 니 커이 후이 번궈"
383,4,일상생활,기타,더 열심히 연습하세요.,짜이제짜이리
384,4,일상생활,기타,도박은 하면 안됩니다.,뿌넝 두붜
385,4,일상생활,기타,도와드릴 일이 있나요 ?,유선머 커이 방니더마 ?
386,4,일상생활,기타,도움을 받을만한 친구가 있습니까?,유 방쭈 니더 펑유마 ?
387,4,일상생활,기타,도움이 필요하다면 아무 때나 전화하세요.,"쉬요우 방망더화, 쉬이스 다땐화"
388,4,일상생활,기타,도움이 필요하면 언제든 연락해주세요,"쉬요우 방망더화, 진관 랜씨"
389,4,일상생활,기타,동료들 지내는 건 괜찮습니까?,허 퉁쓰먼 샹추더 전머양 ?
390,4,일상생활,기타,동생,띠띠(남동생) / 메이메이(여동생)
391,4,일상생활,기타,동요하지 마십시요.,부요우 뚱요우
392,4,일상생활,기타,동행 해 주세요,칭 퉁싱
393,4,일상생활,기타,둘 2,얼
394,4,일상생활,기타,뒤로 가십시요.,왕 허우벤 저우
395,4,일상생활,기타,딸인가요?,쓰 뉘얼마 ?
396,4,일상생활,기타,떠날 준비는 다 됐어요?,준베이 호우 추파러마 ?
397,4,일상생활,기타,똑같아요,이양
398,4,일상생활,기타,마음이 불편합니까?,씬리 부쑤푸마 ?
399,4,일상생활,기타,만 10000,이완
400,4,일상생활,기타,메모해 두세요,찌루이쌰
401,4,일상생활,기타,몇 시에 도착합니까?,지댄또우 ?
402,4,일상생활,기타,몇시에 일어나십니까?,지댄 치촹 ?
403,4,일상생활,기타,모르면 모른다고 해주세요.,루궈 부즈따오 쮸숴 부즈따오
404,4,일상생활,기타,목요일,싱치 쓰
405,4,일상생활,기타,무슨 말인지 못 알아듣겠어요,워 부밍바이 니더 이쓰
406,4,일상생활,기타,문을 닫아주세요,칭 관먼
407,4,일상생활,기타,문을 열어주세요,칭 카이먼 
408,4,일상생활,기타,물을 한잔 주세요.,라이 이베이 수이 
409,4,일상생활,기타,미리 표를 사야합니다.,퍄오 쉬요우 티챈마이
410,4,일상생활,기타,미혼입니까 ?,쓰 웨이훈마 ?
411,4,일상생활,기타,밤,예완
412,4,일상생활,기타,배를 타면 멀미를 할 수도 있습니다.,커넝 후이 윈촨
413,4,일상생활,기타,백 100,이바이
414,4,일상생활,기타,부모님과는 서로 연락을 하십니까?,징창 허 푸무 랜씨마 ?
415,4,일상생활,기타,부모님께 어떤 선물을 하고 싶으세요?,샹 게이 푸무 마이 선머양더 리우 ?
416,4,일상생활,기타,부모님은 건강하신가요?,푸무 떠우 헌 짼캉바 ?
417,4,일상생활,기타,부모님은 무슨 일을 하시나요?,푸무 쭤 선머 궁쭤 ?
418,4,일상생활,기타,불법체류자들과 어울려서는 안됩니다. ,뿌넝 허 페이파 쯔류저 라이왕
419,4,일상생활,기타,불법체류자로부터 접촉이 있으면 OO로 신고하세요,"유 펑또우 페이파 쯔류저, 칭 썅 OO 쥐뽀우"
420,4,일상생활,기타,불편한 점이 있다면 말씀해보세요. ,"루유 부뺀즈추, 칭 숴추라이"
421,4,일상생활,기타,빨리,콰이댄
422,4,일상생활,기타,사람들이 많고 매우 복잡합니다.,런둬훈자
423,4,일상생활,기타,사장님과 같이 가길 원하세요?,시왕 허 써장 이치취마 ?
424,4,일상생활,기타,상관없습니다.,메이꽌시
425,4,일상생활,기타,서로 사이좋게 지내세요,호호샹추
426,4,일상생활,기타,설명을 이해하셨습니까?,리제 숴밍러마 ?
427,4,일상생활,기타,셋 3,산
428,4,일상생활,기타,수요일,싱치 산
429,4,일상생활,기타,술집에 가지 마십시오. ,부요우 취 쥬빠
430,4,일상생활,기타,쉽게 스트레스를 받습니다.,헌 룽이 써우따오 야리
431,4,일상생활,기타,스트레스를 많이 받으셨나요?,야리 헌따마 ?
432,4,일상생활,기타,시간을 두고 기다려보세요.,짜이 덩덩 칸바
433,4,일상생활,기타,시간이 있으십니까?,유 스잰마 ?
434,4,일상생활,기타,시간있으면 ㅇㅇ 으로 오세요,"유 쿵더화, 라이 OO"
435,4,일상생활,기타,시험 준비를 하세요 ,쭤호 카오쓰 쭌베이
436,4,일상생활,기타,심심하십니까?,우랴오마 ?
437,4,일상생활,기타,ㅇㅇ 앞에서 만나기로 해요,짜이 OO챈맨 짼바
438,4,일상생활,기타,아기가 참 귀엽네요,쇼할 쩐 커아이
439,4,일상생활,기타,아들인가요?,쓰 얼즈마 ?
440,4,일상생활,기타,아래에 있습니다.,짜이 쌰맨
441,4,일상생활,기타,아무것도 아니예요,메이 선머쓰
442,4,일상생활,기타,아버지,푸친
443,4,일상생활,기타,아이가 있습니까?,유 하이즈마 ?
444,4,일상생활,기타,아이가 자고 있으니 조용히 해주세요,"하이즈 짜이 쑤이쨔오, 칭 안찡이댄"
445,4,일상생활,기타,아직 연락 하지 못했습니다.,하이 메이유 랜씨쌍
446,4,일상생활,기타,아홉 9,쥬
447,4,일상생활,기타,앉으세요.,칭 쭤
448,4,일상생활,기타,앞으로 가십시요.,왕챈 저우
449,4,일상생활,기타,약속을 하셨습니까?,웨 호러마 ?
450,4,일상생활,기타,약속이 몇시입니까?,웨 지댄 짼맨러 ?
451,4,일상생활,기타,어느것이 가장 좋아요?,나거 쭈이호 ?
452,4,일상생활,기타,어떤 문제인지 말씀해보세요. ,숴추라이 팅팅
453,4,일상생활,기타,어머니,무친
454,4,일상생활,기타,언니,제제 
455,4,일상생활,기타,언어통역이 필요합니다,쉬요우 판이
456,4,일상생활,기타,언제 출발하세요?,선머스허우 추파 ?
457,4,일상생활,기타,언제 한국에 왔어요?,선머스허우 라이더 한궈 ?
458,4,일상생활,기타,여권과 외국인등록증을 분실하지 않도록 잘 보관하세요,"칭 보관호 후짜오 허 와이궈런 떵루쩡, 이맨뜌스"
459,4,일상생활,기타,여권을 다른 사람에게 맡기면 안됩니다. ,뿌넝 쟝 후짜오 쬬게이 치타런 라이 관리
460,4,일상생활,기타,여기에 타십시오.,쭤 쩌거
461,4,일상생활,기타,여덟 8,바
462,4,일상생활,기타,여러분이 한국에 오신 목적은 무엇인가요?,따쟈 라이 한궈더 무디쓰 ?
463,4,일상생활,기타,여섯 6,류
464,4,일상생활,기타,연락 하셨습니까?,다땐화러마 ?
465,4,일상생활,기타,열 10,스
466,4,일상생활,기타,열심히 일하면 돈을 벌 수 있어요.,"누리 쭤쓰더화, 커이 쩡따오 챈"
467,4,일상생활,기타,열심히 해줘서 고마워요.,쎄쎄니 런쩐 궁쭤
468,4,일상생활,기타,오늘 근무후에 OO에 갑시다,진탠 쌰반허우 취 OO
469,4,일상생활,기타,오늘 아침 기분이 좋으신가 봐요,진탠 조우쌍 씬칭 헌호아
470,4,일상생활,기타,오늘도 힘내십시오,진탠 예 쨩
471,4,일상생활,기타,오늘은 며칠입니까?,진탠 쓰 지호우 ?
472,4,일상생활,기타,오늘은 무슨 요일입니까?,진탠 쓰 싱치지 ?
473,4,일상생활,기타,오늘은 ㅇㅇ 월 ㅇㅇ일 입니다.,진탠 쓰 OO웨 OO르
474,4,일상생활,기타,오른쪽으로 가십시요.,왕 유벤 저우
475,4,일상생활,기타,오빠,거거
476,4,일상생활,기타,오전,쌍우
477,4,일상생활,기타,오타를 수정해 주세요,칭 쓔가이 춰베쯔
478,4,일상생활,기타,오해하지 마세요,칭 부요우 우후이
479,4,일상생활,기타,오후,쌰우
480,4,일상생활,기타,왜 집에 가지 않습니까?,웨이선머 부 후이쟈 ?
481,4,일상생활,기타,왼쪽으로 가십시요.,왕 줘벤 저우
482,4,일상생활,기타,요즘 ㅇㅇ이 유행입니다.,쭈이 찐 류싱 OO
483,4,일상생활,기타,우리 집에 초대하겠습니다.,라이 워쟈 쭤커바
484,4,일상생활,기타,운전 시 사고가 나지 않도록 조심하세요.,카이처스 요우 쑈우신
485,4,일상생활,기타,움직이지 마세요 ,부요우 뚱요우
486,4,일상생활,기타,월요일,싱치 이
487,4,일상생활,기타,위에 있습니다.,짜이 허우벤
488,4,일상생활,기타,위험합니다.,웨이샌
489,4,일상생활,기타,유언비어에 속지 마세요 ,부요우 썅씬 류얜페이위
490,4,일상생활,기타,음주운전은 절대 안됩니다.,줴뚜이 뿌넝 쥬허우 쨔스
491,4,일상생활,기타,의견을 말씀해 주십시요,티티 니더 이짼
492,4,일상생활,기타,의사표현을 확실히 해주세요.,칭 쩡췌 뾰오다 니더 이짼
493,4,일상생활,기타,이 옷을 한번 입어 보세요,쓰이쌰 쩌짼 이푸
494,4,일상생활,기타,이 프로그램을 사용하실수 있습니까?,후이 스융 쩌거 청쒸마 ?
495,4,일상생활,기타,이것은 무엇입니까 ?,쩌쓰선머 ?
496,4,일상생활,기타,이것은 ㅇㅇ입니다 ,쩌쓰 OO
497,4,일상생활,기타,이것은 압수 입니다.,쩌거 요우 뭐써우
498,4,일상생활,기타,이것을 가지고 들어가면 안됩니다.,뿌넝 따이 쩌거 찐취
499,4,일상생활,기타,이것을 꼭 준비해 주세요,이띵 요우 준베이호우 쩌거
500,4,일상생활,기타,이곳에서 편히 쉬세요,짜이 쩌리 호호 쓔시
501,4,일상생활,기타,이곳은 무료입니다.,쩌리쓰 맨페이
502,4,일상생활,기타,이리 앉으세요.,라이 쩌벤 쭤
503,4,일상생활,기타,이번에 가면 또 한국에 올 수 있어요?,쩌츠 후이취 하이넝 후이 한궈마 ?
504,4,일상생활,기타,이번에 누구 차례죠,쩌후이 룬따오 쑤이러 ?
505,4,일상생활,기타,이분 소개로 오셨습니까?,쓰 쩌웨이 쩨싸오 라이더마 ?
506,4,일상생활,기타,이쪽으로 오세요,쩌벤 칭 
507,4,일상생활,기타,이해가 됩니까?,넝 리제마 ?
508,4,일상생활,기타,이해해주세요,칭 둬 량제
509,4,일상생활,기타,이해했으면 이해했다고 해주세요.,밍바이러 쮸 뵤오타이이쌰
510,4,일상생활,기타,이혼하고 싶습니까?,샹 리훈마 ?
511,4,일상생활,기타,익숙해지면 괜찮을거예요,수시러 쮸호러
512,4,일상생활,기타,일곱 7,치
513,4,일상생활,기타,일에 필요한 지식과 기술을 익히세요,수랜 장워 궁쭤 숴쉬더 쯔스허 찌쑤
514,4,일상생활,기타,일요일,싱치탠
515,4,일상생활,기타,일찍 일어나세요.,자오댄 치촹
516,4,일상생활,기타,자녀는 몇 명인가요?,즈뉘 유 지거 ?
517,4,일상생활,기타,자리에 앉아 주십시오,칭 쭤짜이 웨쯔상
518,4,일상생활,기타,자원봉사입니다.,쓰 쯔왠 푸우
519,4,일상생활,기타,잘 다녀오세요.,이루쑨펑
520,4,일상생활,기타,잘 모르겠습니다.,부타이 칭추
521,4,일상생활,기타,잘 모르겠어요,부타이 칭추
522,4,일상생활,기타,잠깐만 기다려주시겠습니까?,쏘오덩이쌰 호마 ?
523,4,일상생활,기타,잠시 제게 주목해 주십시요,칭 따쟈 꽌쭈 워 쩌벤
524,4,일상생활,기타,잠시만 기다리세요 ,칭 쏘오덩
525,4,일상생활,기타,장래 희망이 무엇인가요?,쨩라이더 씨왕 쓰선머 ?
526,4,일상생활,기타,저 옷은 어때요?,워더 이푸 전머양 ?
527,4,일상생활,기타,저도 한번 가본적이 있습니다.,워예 이츠 떠우메이 취꿔
528,4,일상생활,기타,저하고 이야기 할 수 있나요?,넝 허워 숴숴화마 ?
529,4,일상생활,기타,전문가의 도움이 필요합니다,쉬요우 쫜쟈더 빵쭈
530,4,일상생활,기타,전에 이야기한말이 기억나세요?,하이찌더 이챈 숴꿔더 화마 ?
531,4,일상생활,기타,전화 좀 해주세요.,라이거 땐화바
532,4,일상생활,기타,전화카드가 있습니까?,유 땐화카마 ?
533,4,일상생활,기타,전화카드를 구입해서 사용하세요,마이거 땐화카 융바
534,4,일상생활,기타,절약하세요,칭 제웨
535,4,일상생활,기타,정말 잘하네요,쭤더 쩐호우
536,4,일상생활,기타,정말로요! 참 안 됐네요.,쩐더마 ! 부호우이쓰
537,4,일상생활,기타,정말이예요,쩐더
538,4,일상생활,기타,제 말에 귀를 기울여 주세요,칭 즈씨 팅워쟝
539,4,일상생활,기타,제가 동행해드리겠습니다. ,워 건니 이치 취
540,4,일상생활,기타,제가 예를 하나 들어 보겠습니다,워 쥐거 리즈
541,4,일상생활,기타,조금 힘들어도 참으면 적응이 될 것입니다,"수이란 비쬬오레이, 이허우 만만 후이 쓰잉더"
542,4,일상생활,기타,조용히 하십시오 ,안찡이댄
543,4,일상생활,기타,좋아요,호더
544,4,일상생활,기타,좋은 생각이군요,샹 쑤이쬬우
545,4,일상생활,기타,주말에 기숙사에서 잠만 자지 마세요.,쩌우뭐 부요우 꽝 쑤이쬬우
546,4,일상생활,기타,주소가 어떻게 됩니까?,띠즈쓰 둬소오 ?
547,4,일상생활,기타,주의하세요,칭 쭈이 위팡 쟈싱 H1N1 류간
548,4,일상생활,기타,중간에 휴게소에서 잠시 쉴 수 있습니다.,중투 커이짜이 푸우취 쓔시
549,4,일상생활,기타,지금 무엇을 하고 있습니까?,쌘짜이 짜이 쭤선머 ?
550,4,일상생활,기타,지금 바쁘세요?,쌘짜이 망마 ?
551,4,일상생활,기타,지금 ㅇ시 ㅇ분입니다. ,쌘짜이 쓰 O댄O펀
552,4,일상생활,기타,지금 하는 말이 어렵습니까?,숴 쩌세 헌 난마 ?
553,4,일상생활,기타,지금 행복하신가요?,쌘짜이 씽푸마 ?
554,4,일상생활,기타,지금부터 시작하세요.,충 쌘짜이 카이스바
555,4,일상생활,기타,지금은 새벽입니다.,쌘짜이 쓰 링천
556,4,일상생활,기타,지금처럼 해주세요,썅 쌘짜이 쩌양쭤
557,4,일상생활,기타,직접하는게 낫겠어요,부루 쯔지쭤
558,4,일상생활,기타,질문이 있으면 언제든지 물어보세요 ,유선머 이원 진관원
559,4,일상생활,기타,집에 전화하고 싶습니까?,샹게이 쟈리 다땐화마 ?
560,4,일상생활,기타,집에 전화하세요 ,게이 쟈리 다땐화바
561,4,일상생활,기타,집에 편지를 쓰세요 ,게이 쟈리 세씬바
562,4,일상생활,기타,참 좋아요,쩐호우
563,4,일상생활,기타,처음 한국에 와서  적응하기 힘들죠?,깡라이 한궈 쓰부쓰 헌난 쓰잉 ?
564,4,일상생활,기타,천 1000,이첸 
565,4,일상생활,기타,천천히,만이댄
566,4,일상생활,기타,천천히 말해주세요.,만댄숴
567,4,일상생활,기타,취미가 무엇입니까?,아이호쓰 선머 ?
568,4,일상생활,기타,친구가 많으세요?,펑유 둬마 ?
569,4,일상생활,기타,친구를 만나러 갑니까 ,취 짼 펑유
570,4,일상생활,기타,컴퓨터는 하루에 ㅇㅇ 시간만 하세요,이탠 쌍 OO쑈오스 왕
571,4,일상생활,기타,컴퓨터를 하실줄 아십니까?,후이 스융 땐노우마 ?
572,4,일상생활,기타,크게 말씀하세요 ,따성이댄
573,4,일상생활,기타,토요일,싱치류
574,4,일상생활,기타,통역지원센터 전화번호는 ㅇㅇㅇ-ㅇㅇㅇㅇ입니다,판이쯔왠중씬더 땐화호마쓰 OOO-OOOO
575,4,일상생활,기타,통역할 수 있는 사람을 알고 있나요?,유 런쓰 커이 쭤 판이더마 ?
576,4,일상생활,기타,특기가 무엇입니까?,터창쓰 선머 ?
577,4,일상생활,기타,특별한 일이 생기면 사장님에게 전화하세요 ,유선머 터베더 쓰칭 커이 다땐화 게이 써장
578,4,일상생활,기타,파도가 치면 쉽니다.,치랑더화 쮸 쓔시
579,4,일상생활,기타,평소에 운동 열심히 하세요,핑스 둬쭤 윈뚱
580,4,일상생활,기타,필요한 것이 있으면 말씀하세요.,유선머 쉬요우더 진관숴
581,4,일상생활,기타,필요한게 무엇인가요?,쉬요우선머 ?
582,4,일상생활,기타,하나 1,이
583,4,일상생활,기타,한국 텔레비전을 보십니까?,칸 한궈 땐쓰쮜마 ?
584,4,일상생활,기타,한국말 공부가 어떻습니까?,쉐시 한위 전머양 ?
585,4,일상생활,기타,한국말은 어느정도 하나요?,한위 쉬이핑 다또오 선머 청뚜 ?
586,4,일상생활,기타,한국말을 하실줄 아십니까?,후이숴 한위마 ?
587,4,일상생활,기타,한국사람과 대화에 어려움이 있습니까 ?,허 한궈런 뚜이화 유 쿤난마 ?
588,4,일상생활,기타,한국사람과 문제가 있습니까 ?,위 한궈런 유선머 원티마 ?
589,4,일상생활,기타,한국어 공부는 하시나요?,쉐시 한위마 ?
590,4,일상생활,기타,한국어 공부를 열심히 하세요 ,호호 쉐 한위
591,4,일상생활,기타,한국어 능력시험이 있습니다.,유 한위넝리 코오쓰
592,4,일상생활,기타,한국어 수업에 참여하세요 ,선칭 한위커청바
593,4,일상생활,기타,한국어를 배우고 싶습니까?,샹 쉐 한위마 ?
594,4,일상생활,기타,한국에 가족이 있나요 ?,유 쟈런 짜이 한궈마 ?
595,4,일상생활,기타,한국에 몇 년 동안 있었어요?,짜이 한궈 따이러 둬쥬우 ?
596,4,일상생활,기타,한국에 아는 사람이 있습니까 ?,짜이 한궈 유 런스더 런마 ?
597,4,일상생활,기타,한국에 온지 얼마나 되셨습니까?,라이 한궈 둬쥬우러 ?
598,4,일상생활,기타,한국의 꿈을 이루기를 바래요.,시왕 넝꺼우 루왠이창
599,4,일상생활,기타,함께 갑시다.,이치저우바
600,4,일상생활,기타,핸드폰 번호가 어떻게 됩니까?,써우지호우 둬소오 ?
601,4,일상생활,기타,행복하세요?,씽푸마 ?
602,4,일상생활,기타,형 ,거
603,4,일상생활,기타,형제자매는 몇인가요?,유 지꺼 쓩디제메이
604,4,일상생활,기타,혼자서 인천공항까지 갈 수 있나요?,쯔지 넝취 런촨지창마 ?
605,4,일상생활,기타,화요일,싱치얼
606,4,일상생활,기타,회사에 불만이 무엇입니까?,뚜이 궁쓰 유선머 부만 ?
607,4,일상생활,기타,훌륭해요,헌빵
608,4,일상생활,기타,힘든 일이 있음 어려워하지 말고 말해 주세요.,유선머 쿤난 진관숴
609,4,작업지시,"근무시작,끝",00시부터  야간 근무가 시작됩니다.,OO댄 카이스 예반
610,4,작업지시,"근무시작,끝",간식시간입니다. ,쌘짜이스 댄신 스잰
611,4,작업지시,"근무시작,끝",근무시간이 끝나기 전에 작업장을 떠나지 마세요. ,"메이또오 쌰반댄, 뿌넝 리카이 궁쭤창숴"
612,4,작업지시,"근무시작,끝",내일은 쉬는 날입니다 ,밍댄쓰 쓔시르
613,4,작업지시,"근무시작,끝",내일은 연장근무가 있습니다. ,밍탠 쉬요 쨔반
614,4,작업지시,"근무시작,끝",내일은 일찍 출근하십시오. ,밍탠 조오댄 쌍반
615,4,작업지시,"근무시작,끝",다시 일합시다. ,취 꿍쭤바
616,4,작업지시,"근무시작,끝",수고했습니다 ,씬쿠러
617,4,작업지시,"근무시작,끝",순찰시간입니다.,쉰뤄스잰
618,4,작업지시,"근무시작,끝",ㅇ시까지 일을 끝내세요 ,짜이 O댄챈 제쑤 꿍쭤
619,4,작업지시,"근무시작,끝",오늘 작업은 끝났습니다. ,찐탠더 쭤예 제쑤러
620,4,작업지시,"근무시작,끝",오늘은 바쁜 날입니다 ,찐탠 후이 헌망
621,4,작업지시,"근무시작,끝",오늘은 야간 작업을 해야 합니다. ,찐탠 요우 쨔반
622,4,작업지시,"근무시작,끝",오늘은 이만 끝냅시다,찐탠 쮸 또오츠 웨이즈바
623,4,작업지시,"근무시작,끝",오늘은 이만 쉬세요 ,찐탠 쮸 쭤또오 쩌얼바
624,4,작업지시,"근무시작,끝",오늘은 일이 많습니다 ,찐탠더 쓰칭 비쬬오둬
625,4,작업지시,"근무시작,끝",오늘은 일이 적습니다.,찐탠더 쓰칭 비쬬오사오
626,4,작업지시,"근무시작,끝",일을 아직 끝내지 못했습니다.,궁쭤 하이메이 완청
627,4,작업지시,"근무시작,끝",작업하던 것은 마무리하고 퇴근해주세요.,서우스서우스 쌰반바
628,4,작업지시,"근무시작,끝",좀 쉬었다 합시다.,세 후얼바
629,4,작업지시,"근무시작,끝",지금은 퇴근시간입니다. ,쌘짜이 쓰 쌰반스잰
630,4,작업지시,"근무시작,끝",지금은 휴식시간입니다. ,쌘짜이 쓰 쓔시스잰
631,4,작업지시,"근무시작,끝",퇴근전 주위 정리정돈 잘 해주세요 ,"쌰반챈, 호호 정뚠이쌰"
632,4,작업지시,근무태도,간단하네요.,잰딴
633,4,작업지시,근무태도,그러면 자가 발전기가 가동됩니다.,"나양더화, 후이 치뚱 쯔뚱 파땐지"
634,4,작업지시,근무태도,근무시간 중 핸드폰을 사용하지 마세요 ,궁쭤치잰 칭 부요우 스융 서우지
635,4,작업지시,근무태도,근무시간에 자리를 비울 경우 꼭 말씀하십시요.,궁쭤치잰 짠스 리카이스 숴이성
636,4,작업지시,근무태도,근무중에는 잡담을 하지 마세요.,궁쭤치잰 칭 부요우 샌탄
637,4,작업지시,근무태도,나를 도와주세요.,빵워거망
638,4,작업지시,근무태도,내려 놓으세요 ,팡쌰라이바
639,4,작업지시,근무태도,내리세요 ,팡쌰바
640,4,작업지시,근무태도,닫아요 ,관러바 
641,4,작업지시,근무태도,당신의 실수입니다. ,쓰 니더 쓰우
642,4,작업지시,근무태도,당신이 근무시간에 늦어 유감입니다. ,"헌 이한, 니 츠따오러"
644,4,작업지시,근무태도,만지지 마세요 ,칭 부요우 펑
645,4,작업지시,근무태도,멈추세요 ,칭 짠팅
646,4,작업지시,근무태도,무거우니 같이 들어주세요,"천, 취 빵이쌰"
647,4,작업지시,근무태도,무급휴가입니다.,우창쓔쨔
648,4,작업지시,근무태도,무단으로 회사전화를 사용해서는 안됩니다 ,뿌넝 싼쯔 스융 궁쓰 땐화
649,4,작업지시,근무태도,묶으세요 ,칭 짜치라이
650,4,작업지시,근무태도,벗으세요 ,칭 퉈뚀오
651,4,작업지시,근무태도,불량품이 나오지 않도록 주의하세요 ,누리쭤따오 메이유 츠핀
652,4,작업지시,근무태도,사료를 줄 시간이에요.,웨이 쓰랴오더 스잰 따오러
653,4,작업지시,근무태도,상사의 말을 잘 들으세요.,호호 팅 써장더화
654,4,작업지시,근무태도,상자에 차곡차곡 넣으세요,정치더 팡찐 썅즈리
655,4,작업지시,근무태도,새로운 환경에 적응하세요.,칭 쓰잉 씬환찡
656,4,작업지시,근무태도,서두르세요 ,쫘진
657,4,작업지시,근무태도,서로 서로 도와서 합시다.,후썅빵쭈
658,4,작업지시,근무태도,성실하게 일해주세요,청스더 궁쭤
659,4,작업지시,근무태도,순서대로 작업을 해야합니다.,칭 안 쑨쉬 쭤예
660,4,작업지시,근무태도,시간을 꼭 지키세요,칭 이띵요우 서우스
661,4,작업지시,근무태도,실수하지 않도록 하세요.,칭 부요우 스우
662,4,작업지시,근무태도,아프거나 죽은 돼지/소/닭이 없는지 확인해주세요.,췌런이쌰 유메이유 스더 훠저 성삥더 쭈/뉴우/지
663,4,작업지시,근무태도,앉으세요 ,칭쭤
664,4,작업지시,근무태도,앞으로 시간을 잘 지켜주세요. ,이허우 칭 쭌서우 스잰
665,4,작업지시,근무태도,앞으로 실수하지 않도록 주의해주세요. ,이허우 둬 쭈이세
666,4,작업지시,근무태도,여기 좀 보세요.,칭 칸 쩌벤
667,4,작업지시,근무태도,여기서 나가주십시요.,칭 리카이 쩌리
668,4,작업지시,근무태도,여기서는 규칙과 질서를 잘 지켜야합니다.,짜이 쩌리 이띵요우 쭌서우 구이저 위 쯔쉬
669,4,작업지시,근무태도,여기에 놓으세요.,칭 팡짜이 쩌벤
670,4,작업지시,근무태도,여기에 들어오지 마세요.,쩌리 뿌넝 찐
671,4,작업지시,근무태도,여직원들에  성적인 농담을 하지 마세요,뿌넝 썅 뉘즈왠 카이 황써 쑈오화
672,4,작업지시,근무태도,열어요,칭 다카이
673,4,작업지시,근무태도,온도를 체크해주세요.,칭 잰차 원뚜
674,4,작업지시,근무태도,올리세요 ,썅쌍투이
675,4,작업지시,근무태도,이 가축은 예민한 동물입니다.,쩌거 쨔추쓰 민루이더 뚱우
676,4,작업지시,근무태도,이리 좀 와 보세요.,또오 쩌벤 라이 칸칸
677,4,작업지시,근무태도,일과 휴식을 구분하여 근무를 하세요,칭 취펀 궁쭤 위 쓔시
678,4,작업지시,근무태도,일을 마치면  청소와 정리정돈을 철저히 하세요,"궁쭤 제쑤허우, 칭 처디 찐싱 칭소우 허 정뚠"
679,4,작업지시,근무태도,일을 빨리 해주세요,쭤쓰 콰이댄
680,4,작업지시,근무태도,일을 할때는 다른 생각 하지마세요.,궁쭤더 스허우 부요우 후스롼샹
681,4,작업지시,근무태도,입으세요 ,촨상
682,4,작업지시,근무태도,작동시키세요 ,치뚱바
683,4,작업지시,근무태도,작업 전 반드시 소독/방역 작업을 하십시오.,쭤예챈 우삐 쭤호우 쑈두/팡이 궁쭤
684,4,작업지시,근무태도,작업 중에는 잡담을 삼가세요 ,쭤예스 칭 부요우 샌탄
685,4,작업지시,근무태도,작업 중에는 장난치지 마세요 ,쭤예스 칭 부요우 노우저완
686,4,작업지시,근무태도,작업복으로갈아 입으세요.,칭 환상 궁쭤푸
687,4,작업지시,근무태도,작업태도를 바르게 하세요,칭 가이싼 궁쭤 타이뚜
688,4,작업지시,근무태도,작업할 때 한 눈을 팔지 마세요 ,쭤예스 칭 부요우 류선
689,4,작업지시,근무태도,잘 보고 따라하세요 ,건저 워쭤
690,4,작업지시,근무태도,잠깐만 멈추세요 ,짠스 팅이쌰
691,4,작업지시,근무태도,장시간 근무 장소를 비울때는 OO부서로 신고를 하십시요,창스잰 쿵저 웨즈스 썅 OO뿌먼 선칭
692,4,작업지시,근무태도,저를 도와주세요.,빵워이쌰
693,4,작업지시,근무태도,저쪽으로 가세요,취나벤
694,4,작업지시,근무태도,정리를 자주 하세요,찡창 정리
695,4,작업지시,근무태도,정전이 됐는지 확인해 주세요.,췌런이쌰 쓰부쓰 팅땐
696,4,작업지시,근무태도,정전이 되면 이 버튼을 눌러야 합니다.,"팅땐더화, 쉬요우 안 쩌거 안뉴우"
697,4,작업지시,근무태도,제가 하는대로 따라하세요,칭 짜오워 쭤더 취쭤
698,4,작업지시,근무태도,조금 복잡한 일입니다.,쩌짼쓰 쏘우웨이 푸자
699,4,작업지시,근무태도,조용히 하시고 제 말씀을 들어보세요,찡쌰라이 팅워쟝
700,4,작업지시,근무태도,좀 힘을 내서 열심히 일합시다.,짜이제 짜이리
701,4,작업지시,근무태도,지각하면 안됩니다.,뿌넝 츠따오
702,4,작업지시,근무태도,지금 일하는게 적응이 됩니까?,쌘짜이더 궁쭤 하이 쓰잉마 ?
703,4,작업지시,근무태도,지금은 회사 일이 바빠서 어려워요.,"뿌하오이쓰, 궁쓰 쌘짜이 헌망"
704,4,작업지시,근무태도,집어요 ,잰이쌰
705,4,작업지시,근무태도,책상위에 갖다 놓으세요.,팡또오 쭤즈상
706,4,작업지시,근무태도,트럭에 물건을 실으세요.,빤또오 훠처리
707,4,작업지시,근무태도,포장을 잘 해야합니다.,요우 호호 뽀오좡
708,4,작업지시,근무태도,하시는 일에 최선을 다해 주세요,칭 찐신찐리 쭤쓰
709,4,작업지시,근무태도,항상 웃으면서 생활하세요,칭 보우츠 웨이쑈오
710,4,작업지시,근무태도,화재가 발생하지 않았는지 확인해 보세요.,췌런이쌰 유메이유 파성 훠짜이
711,4,작업지시,근무태도,화재가 발생할 수 있습니다.,헌커넝 후이 인치 훠짜이
712,4,작업지시,근무태도,회사 비밀을 유출해서는 안됩니다. ,뿌넝 쨩 궁쓰 미미 쎄러우추취
713,4,작업지시,근무태도,회사를 이탈하지 마십시오 ,칭 부요우 퉈리 궁쓰
714,4,작업지시,근무태도,회사의 규칙은 반드시 지키세요,칭 우삐 쭌서우 궁쓰 꾸이띵
715,4,작업지시,근무태도,힘들면 이야기 하세요,레이더화 티추라이
716,4,작업지시,근무태도,힘을 좀 더 쓰세요.,짜이 스찐댄
717,4,작업지시,작업공구,기계가 고장났습니다.,찌쎄 추 꾸장러
718,4,작업지시,작업공구,기계가 고장입니까 ?,찌쎄 추 꾸장러마 ?
719,4,작업지시,작업공구,기계장비를 점검중입니다,찌쎄 써베이 쩡짜이 잰차중
720,4,작업지시,작업공구,나사가 빠졌네요.,뤄쓰 뚀오러
721,4,작업지시,작업공구,물건의 원료를 조심해서 다뤄주세요.,칭 쑈오씬 추리 우핀 왠료우
722,4,작업지시,작업공구,부품을 교체해야해요,쉬요우 껑환 뿌짼
723,4,작업지시,작업공구,ㅇ 을 찾아 오십시오 ,칭따오O
724,4,작업지시,작업공구,ㅇㅇ은 어디 있나요?,OO짜이 나리 ?
725,4,작업지시,작업공구,작업도구를 어디에다 두었나요?,쭤예 궁쮜 팡짜이 날러 ?
726,4,작업지시,작업공구,전원을 끄십시요.,칭 꽌 땐왠
727,4,작업지시,작업공구,전원을 켜세요 ,칭 카이 땐왠
728,4,작업지시,안전규칙,건강에 좋지 않으니 작업 시 필요한 장비를 꼭 착용하세요.,"뚜이 썬티 뿌하오, 쭤예스 이띵요우 페이따이 쫭뻬이"
729,4,작업지시,안전규칙,기계 작동순서를 잘 익혀야 합니다.,이띵요우 수랜 장워 찌쎄 윈쭤 쑨쒸
730,4,작업지시,안전규칙,기계가 갑자기 정지되면 공장장에게 즉시 보고하세요. ,"찌쎄 투란 팅윈스, 리지 썅 궁창 창장 뽀오까오"
731,4,작업지시,안전규칙,기계가 완전히 멈추었는지 확인해야합니다.,쉬요우 췌런 찌쎄 쓰포우 완쵄 팅즈 윈싱
732,4,작업지시,안전규칙,기계에 손이 다치치 않도록 주의하세요.,"초오쭤 찌쎄스 칭 쌰오신, 이맨써우상"
733,4,작업지시,안전규칙,기계장비 사용시 주의를 집중하세요,"스융 찌쎄 쫭뻬이스, 칭 지중찡선"
734,4,작업지시,안전규칙,꼼꼼하게 살펴보세요.,칭 즈씨 차칸
735,4,작업지시,안전규칙,도장 작업시 주변의 화기 작업 금지,"쭤 펀쏴 쭤예스, 쩌우웨이 찐즈 융훠 쭤예"
736,4,작업지시,안전규칙,마스크를 착용해주세요,칭 세따이 커우짜오
737,4,작업지시,안전규칙,모르는 기계를 작동시 반드시 관리자에게 문의하세요,"초오쭤 뿌수씨더 찌쎄스, 우삐 썅 관리왠 쯔쉰"
738,4,작업지시,안전규칙,발로 차거나 때리지 마십시오.,부요우 융쟈오 티 훠 다
739,4,작업지시,안전규칙,보행이나 작업중에는 흡연금지할 것,쭤예 훠 싱저우스 찐즈 씨얜
740,4,작업지시,안전규칙,부상위험이 있으므로 조심하세요 ,"칭 쌰오신, 유 써우쌍더 웨이샌"
741,4,작업지시,안전규칙,분진발생 작업시 분진마스크 착용할 것,"추리 펀천스, 칭 따이쌍 펀천커우짜오"
742,4,작업지시,안전규칙,사고에 주의하세요.,칭 쌰오신 쓰꾸
743,4,작업지시,안전규칙,산업재해를 당하지 않도록 주의하세요. ,"칭 쌰오신, 이맨 파성 궁예쓰꾸"
744,4,작업지시,안전규칙,서두르지 마세요.,베 짜오지
745,4,작업지시,안전규칙,안전규칙을 잘 지켜주세요 ,칭 쭌서우 안쵄 귀이저
746,4,작업지시,안전규칙,안전보호장구를 주세요,칭 게이 워 안쵄 팡후 쫭뻬이
747,4,작업지시,안전규칙,올이 풀리지 않도록 주의하세요.,"칭 쭈이, 부요우랑 쌘터우 쑹카이"
748,4,작업지시,안전규칙,용접시에는 용접면을 착용한다.,"한제스, 칭 따이쌍 한궁맨짜오"
749,4,작업지시,안전규칙,위험해요,웨이샌
750,4,작업지시,안전규칙,이 곳에서 담배를 피우시면 안됩니다. ,뿌넝 짜이 쩌리 처우얜
751,4,작업지시,안전규칙,이 기계는 항상 주의 하세요,"차오쭤 쩌타이 찌쎄스, 스커 더우요우 진썬"
752,4,작업지시,안전규칙,작업 종료시에는 반드시 전원 스위치를 내리세요 ,"쭤얘 제쑤냐, 칭 이띵요우 꽌삐 땐왠"
753,4,작업지시,안전규칙,작업 중 안전모를 착용하세요 ,"쭤얘스, 칭 따이쌍 안쵄마오"
754,4,작업지시,안전규칙,작업 중 안전에 유의하세요 ,"쭤얘스, 칭 쭈이 안쵄"
755,4,작업지시,안전규칙,작업에 필요한 도구를 확인하세요.,"쭤얘스, 칭 췌런 숴쉬 궁쮜"
756,4,작업지시,안전규칙,작업장내에서는 뛰지마세요.,칭 부요우 짜이 쭤얘창네이 뻔파오
757,4,작업지시,안전규칙,작업장에서 물건을 함부로 던지지 마세요,짜이 쭤예쌘창 부요우 쉬이뺀 렁둥시
758,4,작업지시,안전규칙,"작업전 산소 농도, 가스 유무를 확인하세요 ","쭤얘챈, 칭 췌런 양치미뚜 허 유치치티"
759,4,작업지시,안전규칙,작업중 제품에 이상이 있을시 반드시 보고하세요,"쭤얘중 유 찬핀 이창스, 삐쉬 찐싱 빠오까오"
760,4,작업지시,안전규칙,작업화를 착용하고 일해야 합니다. ,칭 촨줘 궁쭤세 궁쭤
761,4,작업지시,안전규칙,장갑을 착용하고 소재를 운반해야 합니다. ,"빤윈 차이료우스, 칭 따이쌍 써우토우"
762,4,작업지시,안전규칙,재떨이가 있는 흡연장소에서 흡연할 것,칭 짜이 써유 얜후이깡더 씨얜추 씨얜
763,4,작업지시,안전규칙,전원이 다 꺼졌는지 확인하세요.,칭 췌런 숴유 땐왠 쓰퍼우 꽌삐
764,4,작업지시,안전규칙,조심하세요.,칭 쌰오신
765,4,작업지시,안전규칙,주머니 속에 손넣고 보행 금지,찐즈 써우차 쿠떠우 싱저우
766,4,작업지시,안전규칙,천천히 하세요.,만이댄
767,4,작업지시,안전규칙,청각보호를 위해 작업장에서 귀마개를 착용한다.,"웨이러 바오후 팅죄, 쭤얘스 칭 따이쌍 얼싸이"
768,4,작업지시,안전규칙,청소 시에는 분진이 발생되므로 항상 마스크를 착용하세요 ,"다아사오스 후이 파성 양천, 인츠 스스커커 떠우요우 따이쌍 커우짜오"
769,4,작업지시,안전규칙,프레스기계에 손을 넣을때 주의하세요,쨩 서우 팡루 야리지스 칭 쌰오신
770,4,작업지시,안전규칙,허락없이 기계를 작동해서는 안됩니다. ,메이유 윈쉬 저 뿌넝 윈싱 찌쎄
771,4,작업지시,안전규칙,허락없이 함부로 기계를 작동하는 것은 위험합니다.,뿌징 윈쉬 싼쯔 차오쭤 찌쎄 후이 헌 웨이샌
772,4,작업지시,안전규칙,화학약품이 묻지 않도록 주의하세요.,"칭 쌰이신, 베짠따오 화쉐요우핀"
773,4,작업지시,안전규칙,환기를 잘 시키세요.,쭤호우 퉁펑
774,4,작업지시,작업규칙등기타,거래처 사람이 왔어요,커후 라이러
775,4,작업지시,작업규칙등기타,곧 회의를 시작합니다.,후이 마쌍 쮸요우 카이스러
776,4,작업지시,작업규칙등기타,그만 가보세요 ,후이취바
777,4,작업지시,작업규칙등기타,깨끗하게 사용하십시오. ,"스융스, 이띵요우 보오츠깐찡"
778,4,작업지시,작업규칙등기타,나를 따라 오십시오 ,건워라이
779,4,작업지시,작업규칙등기타,너무 무리하지는 마세요,부요우 타이 맨챵러
780,4,작업지시,작업규칙등기타,너무 일이 많습니까?,쓰칭 타이 둬러마 ?
781,4,작업지시,작업규칙등기타,다른 업무를 해보고 싶습니까?,샹 쓰이쌰 베더 예우마 ?
782,4,작업지시,작업규칙등기타,당신이 이 작업에 큰 도움이 되었습니다 ,니 뚜이 쩌썅 궁쭤 빵쭈 헌따
783,4,작업지시,작업규칙등기타,많이 연습하세요,둬둬 랜시
784,4,작업지시,작업규칙등기타,모르면 ㅇㅇ님에게 물어보세요 ,"뿌둥더화, 원 OO "
785,4,작업지시,작업규칙등기타,무겁습니다.,"천, 취 빵이쌰"
786,4,작업지시,작업규칙등기타,밤에도 일을 합니다.,완쌍 예후이 궁쭤
787,4,작업지시,작업규칙등기타,빨리 하십시오 ,간진쭤
788,4,작업지시,작업규칙등기타,식사후 일하기전에 충분한 휴식을 취하세요,판허우 궁쭤챈 칭 호호 쓔시
789,4,작업지시,작업규칙등기타,아직 할 일이 많습니다.,하이유 헌둬 쓰칭 요우쭤
790,4,작업지시,작업규칙등기타,여기는 많이 시끄럽습니다.,쩌리 헌차오
791,4,작업지시,작업규칙등기타,열심히 일해주셔서 감사합니다. ,쎄쎄 니 누리 궁쭤
792,4,작업지시,작업규칙등기타,오늘까지 작업을 마쳐야 합니다.,찐탠 요유 쭤완
793,4,작업지시,작업규칙등기타,오늘은 회식이 있습니다.,찐탠 유 후이찬
794,4,작업지시,작업규칙등기타,이 곳은 금연입니다. ,쩌리 찐즈 시얜
795,4,작업지시,작업규칙등기타,이 물건을 다른곳으로 옮겨주세요,바 쩌거 우핀 빤따오 베추
796,4,작업지시,작업규칙등기타,이 사항은 꼭 기억하십시오,칭 밍찌 쩌이댄
797,4,작업지시,작업규칙등기타,이곳을 사용후 항상 깨끗하게 뒷 정리 해주세요,"스융허우, 칭 칭리 간찡"
798,4,작업지시,작업규칙등기타,이리로 오시오 ,칭 따오 쩌벤라이
799,4,작업지시,작업규칙등기타,일을 참 잘했습니다. ,쭤더 헌하오
800,4,작업지시,작업규칙등기타,일이 너무 많습니까?,쓰칭 타이 둬러마 ?
801,4,작업지시,작업규칙등기타,일하는곳에 불편함은 없으신가요?,궁쭤 창숴 유선머 부뺀즈추마 ?
802,4,작업지시,작업규칙등기타,작업 환경이 위험합니까 ?,쭤예 환찡 웨이샌마 ?
803,4,작업지시,작업규칙등기타,작업장안은 매우 시끄럽습니다.,쭤예창 네이 헌차오
804,4,작업지시,작업규칙등기타,잘 보고 따라하세요 ,호호 쉐저쭤
805,4,작업지시,작업규칙등기타,잘 아시겠습니까 ?,즈따오러마 ?
806,4,작업지시,작업규칙등기타,잠시 후에 봅시다.,이후얼 잰
807,4,작업지시,작업규칙등기타,잠시만 기다려주세요.,싸오 덩이후얼
808,4,작업지시,작업규칙등기타,저리로 가십시오 ,따오 나벤
809,4,작업지시,작업규칙등기타,전화받으세요.,제 땐화
810,4,작업지시,작업규칙등기타,즉시 들리세요.,마쌍 라이 이탕
811,4,작업지시,작업규칙등기타,천천히 하세요,만댄쭤
812,4,작업지시,작업규칙등기타,큰 소리로 말씀해 보세요,칭 따성 이댄
813,4,작업지시,작업규칙등기타,특별한 일 있으면 즉시 전화하세요,유선머 쓰칭 마쌍 다땐화 랜씨
814,4,작업지시,작업규칙등기타,파란색 작업복입니다.,쓰 란써 궁쭤푸
815,4,작업지시,작업규칙등기타,현장에서 꼭 필요한 한국어도 가르쳐 드립니다.,짜이 쌘창 예후이 쨔오 삐쉬더 한위
816,4,작업지시,작업규칙등기타,혹시 일하시면 힘든일 없습니까?,궁쭤중 유선머 쿤난마 ?
817,4,작업지시,작업규칙등기타,회사사정이 좋지 않네요,궁쓰 찡찌 부징치
818,4,작업지시,작업규칙등기타,회의중에 좋은 의견을 제시해 주세요,후이중 칭 티추 하오더 짼이
819,4,기숙사및식당,기숙사안내,~까지 기숙사에서 나가주세요 ,"제즈따오~, 칭 리카이 쑤써"
820,4,기숙사및식당,기숙사안내,가스를 아껴 쓰십시오 ,칭 잰사오 메이치 융량
821,4,기숙사및식당,기숙사안내,기숙사 관리 책임자는 ㅇㅇ입니다. ,쑤써 관리 푸저런쓰 OO
822,4,기숙사및식당,기숙사안내,기숙사 관리비용은  ㅇㅇ원 까지 회사에서 보조합니다,쑤써더 관리페이융 궁쓰 부쭈 OO한왠
823,4,기숙사및식당,기숙사안내,기숙사 관리비용은 근로자와 회사에서 공동부담하니 아껴쓰세요,"쑤써더 관리페이융쓰 라우뚱저 위 궁쓰 궁퉁푸단, 칭 제성 스융"
824,4,기숙사및식당,기숙사안내,기숙사 관리비용은 ㅇㅇ원부터 근로자부담입니다 ,쑤써더 관리페이융 OO한왠이쌍 유 라우뚱저 푸단
825,4,기숙사및식당,기숙사안내,기숙사 비용은 근로자와 회사에서 공동부담하니 아껴쓰세요,"쑤써페이융쓰 라우뚱저 위 궁쓰 궁퉁푸단, 칭 제성 스융"
826,4,기숙사및식당,기숙사안내,기숙사 입소를 원합니까?,샹 쭈찐 쑤써마 ?
827,4,기숙사및식당,기숙사안내,냉장고는 공동으로 사용하시면 됩니다,삥썅쓰 궁융
828,4,기숙사및식당,기숙사안내,다른 근로자와 함께 쓸 방입니다.,허 치타 라우뚱저 이치 스융더 팡잰
829,4,기숙사및식당,기숙사안내,당신방은 2층입니다,니더 팡잰 짜이 얼어우
830,4,기숙사및식당,기숙사안내,룸메이트에게 피해를 주지 않도록 하세요.,칭 부요우 게이 쓰유 탠마판
831,4,기숙사및식당,기숙사안내,룸메이트와 잘 상의하세요.,허 쓰유 호호 상량이쌰
832,4,기숙사및식당,기숙사안내,물건을 잘 정리합니다,호호 정리 우핀
833,4,기숙사및식당,기숙사안내,물을 아껴쓰세요.,칭 제웨 융쉬이
834,4,기숙사및식당,기숙사안내,보일러가 고장 났나봐요,궈루 하오썅 추 꾸자읻                                                                                                                                                                                                                                                                                                                                                                                                                                                                                                                                                                                                                                                                                                                                                                                                                                                                                                                                                                                                                                                   
835,4,기숙사및식당,기숙사안내,보증금 ㅇㅇ 입니다.,바오쩡진 웨이 OO
836,4,기숙사및식당,기숙사안내,불편한 점은 이곳에 적어주세요,칭 바 부뺀즈추 찌짜이 쩌리
837,4,기숙사및식당,기숙사안내,비상용 구급약은 여기에 있습니다. ,뻬이융 지쮸요우 짜이 쩌리
838,4,기숙사및식당,기숙사안내,빨래는 빨래 비누로 하는 겁니다.,시이푸 칭융 시이짜오
839,4,기숙사및식당,기숙사안내,생필품이 필요하면 말씀하세요…,루쉬 성훠융핀 칭 숴이성
840,4,기숙사및식당,기숙사안내,세탁기는 사용은 할 수 있습니까?,후이 스융 시이지마 ?
841,4,기숙사및식당,기숙사안내,여기가 당신이 사용할 숙소입니다.,쩌리쓰 니요우 쭈더 쑤써
842,4,기숙사및식당,기숙사안내,옆방하고 사이좋게 지내세요.,허 거삐 팡잰 호호 썅추
843,4,기숙사및식당,기숙사안내,오늘은 기숙사 대청소날입니다,찐탠쓰 쑤써 따칭소더 르즈
844,4,기숙사및식당,기숙사안내,월세는 ㅇㅇ 입니다.,웨주페이 웨이 OO
845,4,기숙사및식당,기숙사안내,이번달 관리비는 얼마입니다.,쩌거 웨더 관리페이쓰 OO
846,4,기숙사및식당,기숙사안내,이불을 햇볕에 말립니다.,뻬이즈 커이 싸이타이양
847,4,기숙사및식당,기숙사안내,자신의 물건은 스스로 챙깁니다.,칭 보우관하오 쯔지더 우핀
848,4,기숙사및식당,기숙사안내,전기를 아껴쓰십시요,칭 제웨 융땐
849,4,기숙사및식당,기숙사안내,전화번호를 잘 적어 가세요,칭 찌하오 땐화호마
850,4,기숙사및식당,기숙사안내,화장실을 깨끗이 사용하세요,칭 바츠하오 시서우잰더 제찡
851,4,기숙사및식당,기숙사규칙,가스 밸브를 꼭 잠가주세요,칭 이띵요우 꽌하오 치파
852,4,기숙사및식당,기숙사규칙,기숙사 규칙을 준수해주세요,칭 쭌서우 쑤써 뀌이저
853,4,기숙사및식당,기숙사규칙,기숙사 복도나 계단도 깨끗하게 사용합시다.,칭 바오츠하오 쑤서 저우랑 허 제티더 제찡
854,4,기숙사및식당,기숙사규칙,기숙사 시설물의 파손을 발견시 즉시 관리자에게 보고하세요,"파쌘 쑤써 써스 뻬이 순화이스, 리찌 썅 관리왠 빠오까오"
855,4,기숙사및식당,기숙사규칙,기숙사 외부로 오물 투기를 금합니다,찐즈 쟝 라지 뜌썅 와이맨
856,4,기숙사및식당,기숙사규칙,기숙사내 외부인 면회는 O시까지입니다,와이라이런왠 후이맨 제즈따오 OO댄
857,4,기숙사및식당,기숙사규칙,기숙사내 조리기구의 사용을 금합니다,쑤써네이 찐즈 스융 펑런 치쮜
858,4,기숙사및식당,기숙사규칙,기숙사내 주류 반입을 금합니다,찐즈 쟝 쥬레이 따이루 쑤써
859,4,기숙사및식당,기숙사규칙,기숙사내 질서를 잘 지키세요.,호호 쭌서우 쑤써네이 쯔쒸
860,4,기숙사및식당,기숙사규칙,기숙사내에서는 고성방가를 금합니다,쑤써네이 찐즈 까오성팡거
861,4,기숙사및식당,기숙사규칙,기숙사는 1개월에 1회 점검을 합니다,쑤써 메이웨 찐싱 이츠 칭댄
862,4,기숙사및식당,기숙사규칙,"기숙사는 아침, 저녁을 제공합니다",쑤써 티궁 자오찬 허 완찬
863,4,기숙사및식당,기숙사규칙,기숙사를 깨끗이 관리하십시오. ,칭 바오츠하오 쑤써더 제찡
864,4,기숙사및식당,기숙사규칙,기숙사에 외부인을 데려오면 안됩니다. ,뿌넝 쨩 와이뿌 런왠 따이루 쑤써 
865,4,기숙사및식당,기숙사규칙,기숙사에 O시까지 입실하십시요,칭 짜이 O댄 즈챈 후이따오 쑤써
866,4,기숙사및식당,기숙사규칙,기숙사에서 담배를 피우면 안됩니다.,쑤써네이 찐즈 씨얜
867,4,기숙사및식당,기숙사규칙,기숙사에서 도박을 해서는 안됩니다,뿌넝 짜이 쑤써 찐싱 두붜
868,4,기숙사및식당,기숙사규칙,기숙사에서 소란을 피우면 안됩니다. ,뿌넝 짜이 쑤써 쌰나오
869,4,기숙사및식당,기숙사규칙,기숙사에서 음주 하시면 안됩니다.,뿌넝 짜이 쑤써 인쥬
870,4,기숙사및식당,기숙사규칙,기숙사의 안전을 위하여  ㅇㅇ은 금지합니다.,"웨이러 쑤써 안쵄, 찐즈 OO"
871,4,기숙사및식당,기숙사규칙,꼭 노크 하세요,칭 챠오먼
872,4,기숙사및식당,기숙사규칙,나갈 때에는 항상 전기를 끄십시오. ,"추먼스, 칭 꽌 땐왠"
873,4,기숙사및식당,기숙사규칙,너무 늦게까지 밖에다니지 마세요.,칭 부요우 짜이 와이맨 떠우류 타이완
874,4,기숙사및식당,기숙사규칙,담배는 건물밖에서 피우세요.,칭 따오 와이벤 씨얜
875,4,기숙사및식당,기숙사규칙,매일매일 청소해 주세요,칭 메이탠 찐싱 칭싸오
876,4,기숙사및식당,기숙사규칙,머리를 감으세요 ,칭 시터우
877,4,기숙사및식당,기숙사규칙,물 사용 후 수도를 꼭 잠그세요 ,"융완쉬이허우, 칭 꽌하오 쉬이룽터우"
878,4,기숙사및식당,기숙사규칙,방을 깨끗이 관리해야해요.,칭 바오츠하오 팡잰더 제찡
879,4,기숙사및식당,기숙사규칙,방을 깨끗이 치우셔야 합니다.,칭 정리하오 팡잰
880,4,기숙사및식당,기숙사규칙,불조심하세요.,샤오신 훠주
881,4,기숙사및식당,기숙사규칙,빨래를 자주 하세요 ,칭 징창 시이
882,4,기숙사및식당,기숙사규칙,사용 후 수도꼭지를 꼭 잠가주세요,"스융허우, 칭 꽌하오 쉬이룽터우"
883,4,기숙사및식당,기숙사규칙,생필품을 아껴 쓰십시오. ,칭 제웨 스융 성훠융핀
884,4,기숙사및식당,기숙사규칙,서로 싸우지 마세요 ,칭 부요우 다쨔
885,4,기숙사및식당,기숙사규칙,세수하세요 ,칭 시쑤
886,4,기숙사및식당,기숙사규칙,손발을 깨끗이 씻으세요 ,칭 호호 칭시 서우허 쟈오
887,4,기숙사및식당,기숙사규칙,ㅇㅇ시까지 기숙사로 돌아오세요,칭 짜이 OO댄 즈챈 후이따오 쑤써
888,4,기숙사및식당,기숙사규칙,외출 시에는 반드시 허락을 받으세요 ,"추먼스, 삐쉬 더따오 쉬커"
889,4,기숙사및식당,기숙사규칙,외출시 문을 잘 잠그세요,"추먼스, 꽌하오 먼"
890,4,기숙사및식당,기숙사규칙,외출시에는 목적지를 알리고가세요,"추먼스, 까오쑤 무띠띠허우 짜이 리카이"
891,4,기숙사및식당,기숙사규칙,외출하실때는 반드시 허락을 받으세요,"추먼스, 삐쉬 더따오 쉬커"
892,4,기숙사및식당,기숙사규칙,용변 후 반드시 물을 내려주세요 ,따쇼뺀허우 칭충쉬이
893,4,기숙사및식당,기숙사규칙,음식물 쓰레기를 분리수거하세요 ,펀레이 후이서우
894,4,기숙사및식당,기숙사규칙,이번이 마지막 경고 입니다.,쩌쓰 쮜허우 이츠 징까오
895,4,기숙사및식당,기숙사규칙,잠자기 전 문단속을 반드시 하세요,"쑤이쬬우챈, 칭 꽌하오 먼"
896,4,기숙사및식당,기숙사규칙,잠잘때는 선풍기를 끄고 잡니다.,"쑤이쬬우스, 칭 꽌쌍 땐펑싼"
897,4,기숙사및식당,기숙사규칙,장거리 외출전에 연락처를 남기세요,"창스잰 추먼스, 칭 류쌰 랜시팡쓰"
898,4,기숙사및식당,기숙사규칙,전기 난로를 켜고 잠들지 마십시오. ,"쑤이쬬우챈, 칭 꽌쌍 땐루"
899,4,기숙사및식당,기숙사규칙,전기난로,땐루
900,4,기숙사및식당,기숙사규칙,주말에 기숙사에서 잠만 자지 마세요.,쩌우뭐 부요우 꽝 짜이 쑤써 쑤이쬬우
901,4,기숙사및식당,기숙사규칙,촛불,라주
902,4,기숙사및식당,기숙사규칙,출근 및 외출시에는 반드시 문을 잠그세요,쌍반 지 와이추스 칭 숴하오 먼
903,4,기숙사및식당,기숙사규칙,취짐시간에 떠들지 마세요,쮸친 스잰 칭 부요우 차오나오
904,4,기숙사및식당,기숙사규칙,취침시간은 ~시 부터 ~시까지 입니다.,쮸친 스잰 웨이 ~댄 또오 ~댄
905,4,기숙사및식당,기숙사규칙,화재 예방을 위하여 실내에서는 음식을 조리할 수 없습니다.,"웨러 웨팡 훠짜이, 쓰네이 뿌넝 찐싱 펑런"
906,4,기숙사및식당,기숙사규칙,화재에 주의하세요,칭 쭈이 훠짜이
907,4,기숙사및식당,기숙사규칙,환기를 자주 시켜요.,찡창 퉁펑
908,4,기숙사및식당,기숙사규칙,tv를 켜고 잠들지 마십시오. ,칭 부요우 카이저 땐쓰 쑤이쨔오
909,4,기숙사및식당,기숙사환경,겨울철 난방 적정온도는 18~20C 입니다,둥찌 궁놘 쓰이 원뚜 웨이 18~20뚜
910,4,기숙사및식당,기숙사환경,기숙사 근처에 버스정류장이 있습니다. ,쑤써 푸찐 유 궁죠처짠
911,4,기숙사및식당,기숙사환경,기숙사 변기가 고장입니다,쑤써 마퉁 추 꾸장러
912,4,기숙사및식당,기숙사환경,기숙사 생활은 어떻습니까?,쑤써 성훠 전머양 ?
913,4,기숙사및식당,기숙사환경,기숙사 주변에 마트가 있습니다,쑤써 쩌우벤 유 차오쓰
914,4,기숙사및식당,기숙사환경,기숙사가 너무 덥습니까 ?,쑤써 헌러마 ?
915,4,기숙사및식당,기숙사환경,기숙사가 너무 춥습니까 ?,쑤싸 헌렁마 ?
916,4,기숙사및식당,기숙사환경,기숙사에 필요한 것이 무엇입니까?,쑤써 더우 쉬요우세 선머 ?
917,4,기숙사및식당,기숙사환경,기숙사의 냉/난방에 신경쓰겠습니다. ,워먼 후이 류이 쑤써 렁/놘팡
918,4,기숙사및식당,기숙사환경,내일까지 수리하겠습니다. ,밍탠 즈네이 쓔리완
919,4,기숙사및식당,기숙사환경,너무 덥게 난방을 하지 마세요,궁놘 칭 부요우 툐우더 타이고우
920,4,기숙사및식당,기숙사환경,불편한 점은 없나요 ?,유 부뺀즈추마 ?
921,4,기숙사및식당,기숙사환경,여름철 냉방 적정온도는 26~28C 입니다.,쌰찌 쿵탸오 쓰이 원뚜 웨이 26~28뚜
922,4,기숙사및식당,기숙사환경,온수가 나오지 않나요 ?,뿌추 러쉬이마 ?
923,4,기숙사및식당,기숙사환경,정전이 되었어요,팅땐러 
924,4,기숙사및식당,기숙사환경,항상 청결하게 사용하여 주세요,칭 바오츠 칭제
925,4,기숙사및식당,식당안내,먹는 물은 정수기를 이용하세요,인융쉬이 칭 스융 찡쉬이치 
926,4,기숙사및식당,식당안내,못먹는 음식이 있으면 말씀하세요 ,유 뿌넝츠더 스우 칭 숴이성
927,4,기숙사및식당,식당안내,식단에 어떤 불만이 있나요 ?,뚜이 차이푸 유선머 뿌만 ?
928,4,기숙사및식당,식당안내,식당에서 조리 가능합니다.,커이 짜이 스탕 찐싱 펑런
929,4,기숙사및식당,식당안내,식당은 이곳에 있습니다.,스탕 짜이 쩌밴
930,4,기숙사및식당,식당안내,식비는 얼마입니다.,찬페이쓰 OO
931,4,기숙사및식당,식당안내,식비는 월급에서 공제합니다. ,찬페이 충 궁즈 커우추
932,4,기숙사및식당,식당안내,오늘 메뉴는 OO입니다,찐탠더 차이딴쓰 OO
933,4,기숙사및식당,식당안내,원하는 메뉴가 있으면 말씀하세요 ,유 샹츠더 차이 칭 숴이성
934,4,기숙사및식당,식당안내,일하면서 요리까지 하려면 힘들거에요.,망완 궁쭤 하이요우 쭤판 후이 헌 레이더
935,4,기숙사및식당,식당규칙,물을 끓여 드세요,싸오쉬이 허바
936,4,기숙사및식당,식당규칙,설거지는 본인이 해야 합니다. ,시완 쉬요우 유 번런 라이쭤
937,4,기숙사및식당,식당규칙,식사전에는 손을 씻고 식사하세요,판챈 칭 칭시 쐉서우
938,4,기숙사및식당,식당규칙,신종플루 예방을 위해 손을 깨끗이 씻어요,"웨이러 위팡 쟈싱 H1N1 류간, 칭 칭시 쐉서우"
939,4,기숙사및식당,식당규칙,조리후에 깨끗이 치워주세요.,"펑런허우, 칭 서우스 깐찡"
940,4,근로관련,"급여,수당",가불은 안됩니다.,뿌넝 위즈
941,4,근로관련,"급여,수당",규정 위반에 의한 사고발생시 급여에서 공제가 됩니다,"인 위이판 꾸이띵 얼 파성 쓰꾸스, 쟝 후이 짜이 궁즈리 커우추"
942,4,근로관련,"급여,수당",근로계약 중간에 임금인상은 불가능합니다,라오뚱 허퉁 치잰 뿌넝 장 궁즈
943,4,근로관련,"급여,수당",급여 이체일자가 O일로 변경됩니다,궁즈 좐짱르치 뺀껑 웨이 OO
944,4,근로관련,"급여,수당",급여 통장 변경시 알려주세요,뺀껑 궁즈 짱하오스 칭 까오즈
945,4,근로관련,"급여,수당",급여는 현금으로 주겠습니다. ,이 쌘진 즈푸 궁즈
946,4,근로관련,"급여,수당",다른 사람에게 급여 통장을 맡기지 마세요,부요우 쟝 궁즈 춘저 좐쬬우게이 타런
947,4,근로관련,"급여,수당",다음달에 나머지를 계산하여 지급하겠습니다. ,썽위더 찐어 쟝 짜이 쌰거웨 즈푸
948,4,근로관련,"급여,수당",당신의 월급 계산이 틀렸습니다. ,니더 궁즈 쏸춰러
949,4,근로관련,"급여,수당",당신의 월급이 적다고 생각합니까 ?,니 줴더 궁즈 타이 디러마 ?
950,4,근로관련,"급여,수당",매년 월급을 새롭게 갱신합니다,메이낸 더우후이 찐싱 궁즈 탸오정
951,4,근로관련,"급여,수당",명절에 상여금이 지급됩니다.,제르 후이 즈푸 쟝진
952,4,근로관련,"급여,수당",보너스 입니다.,쓰 쟝진
953,4,근로관련,"급여,수당",상여금은 지급안되지만 선물을 드립니다.,메이유 쟝진 딴쓰 후이유 리우
954,4,근로관련,"급여,수당",수당 계산이 잘못되었습니까 ?,쟝진 쏸춰러마 ?
955,4,근로관련,"급여,수당",수습기간에는 급여가 적습니다.,쓰융치 궁즈 후이 비쬬오 디
956,4,근로관련,"급여,수당",시급은 ㅇㅇ원입니다. ,찌스 궁즈 웨이 OO
957,4,근로관련,"급여,수당",실업급여를 받을 수 없습니다 ,뿌넝 링취 스예부테
958,4,근로관련,"급여,수당",실업급여를 받을 수 있습니다,커이 링취 스예부테
959,4,근로관련,"급여,수당",ㅇㅇㅇ원은 인센티브로 지급을 합니다,쟝리 즈푸 찐어 웨이 OO한왠
960,4,근로관련,"급여,수당",ㅇㅇ월간 감봉입니다.,OO웨 잰씬
961,4,근로관련,"급여,수당",ㅇㅇ을 부담하겠습니다.,푸단 OO
962,4,근로관련,"급여,수당",ㅇㅇ통장에 입금되었으니 확인해 보세요,"후이콴쯔 OO춘저, 칭 찐싱 췌런"
963,4,근로관련,"급여,수당",야근수당은 시간당 ㅇㅇ원입니다. ,예잰부테 웨이 메이쑈오스 OO한왠
964,4,근로관련,"급여,수당",연장근무시 시간당 ㅇㅇㅇ원을 받습니다.,쨔반스 메이쇼오스 OO한왠
965,4,근로관련,"급여,수당",오늘 월급 입금되니까 통장 확인해 보세요,"찐탠 후이 파궁즈, 칭 췌런 춘저"
966,4,근로관련,"급여,수당",원한다면 주급으로 주겠습니다. ,"루 유 쉬요우더화, 안 쩌우궁즈 즈푸"
967,4,근로관련,"급여,수당",월급 계산에 착오가 있었습니다. ,웨 궁즈 찌쏸 유우
968,4,근로관련,"급여,수당",월급 계산이 잘못 되었습니까 ?,웨 궁즈 찌쏸 유우마 ?
969,4,근로관련,"급여,수당",월급 날은 ㅇ월 d일 입니다. ,궁즈르 웨이 O웨 O르
970,4,근로관련,"급여,수당",월급 받을 통장을 보여주세요.,칭 추쓰 궁즈 춘저
971,4,근로관련,"급여,수당",월급날이 휴일이면 휴일전날 급여가 지급됩니다.,"루 궁즈르 웨이 쓔시르, 저 후이짜이 쓔시르 챈이탠 찐싱 즈푸"
972,4,근로관련,"급여,수당",월급명세서 입니다.,쓰 궁즈 밍씨
973,4,근로관련,"급여,수당","월급에 식비,기숙사비가 포함되어 있습니다","궁즈 바오쿼 찬페이, 쭈쑤페이"
974,4,근로관련,"급여,수당",월급에서 ㅇㅇ% 의 돈이 빠집니다.,충 궁즈리 커우추 OO%더 찐어
975,4,근로관련,"급여,수당",월급에서 ㅇㅇ가 공제됩니다 ,충 궁즈리 커우추 OO
976,4,근로관련,"급여,수당",월급으로 지나치게 비싼 물건을 사지마세요,부요우 융 궁즈라이 꺼우마이 앙뀌더 우핀
977,4,근로관련,"급여,수당",월급은 꼬박꼬박 저축하세요.,메이웨더 궁즈 더우요우 춘치라이
978,4,근로관련,"급여,수당",월급은 어느 정도로 생각하고 있습니까?,니 치왕더 씬처우 쓰 둬사오 ?
979,4,근로관련,"급여,수당",월급은 통장으로 송금됩니다 ,궁즈 쟝 후이루 춘저
980,4,근로관련,"급여,수당",월급을 아껴쓰세요,칭 제이성 융챈
981,4,근로관련,"급여,수당",월급을 타면 가족에게 송금합니까?,링 궁즈허우 후이게이 쟈런 후이이콴마 ?
982,4,근로관련,"급여,수당",월급이 늦어서 미안합니다.,"궁즈 파완러, 헌 빠오챈"
983,4,근로관련,"급여,수당",월급이 매년 조금씩 인상됩니다.,궁즈 메이낸 더우후이 탸오까오 이댄
984,4,근로관련,"급여,수당",이달 월급이 체불되었습니다,번웨더 궁즈 뻬이 퉈챈러
985,4,근로관련,"급여,수당",이번달 급여가 입금되었습니다,번웨더 궁즈 이 루짱러
986,4,근로관련,"급여,수당",이번달 월급은 감봉 되었습니다.,번웨더 궁즈 뻬이 잰신러
987,4,근로관련,"급여,수당",이번달 월급은 인상 되었습니다.,번웨더 궁즈 장러
988,4,근로관련,"급여,수당",이번달 임금은 ㅇㅇ원입니다.,번웨더 궁즈 쓰 OO한왠
989,4,근로관련,"급여,수당",이번달에 보너스를 지급합니다.,번웨 후이 즈푸 쟝진
990,4,근로관련,"급여,수당",일 성실히 하면 보너스 지급하겠습니다.,누리 궁쭤더화 후이유 쟝진
991,4,근로관련,"급여,수당",일을 열심히 하면 내년에 월급을 올려주겠습니다. ,누리 궁쭤더화 밍낸 게이장 궁즈
992,4,근로관련,"급여,수당",일을 하지 않은 날은 월급에 계산되지 않습니다,궁즈 후이 커우추 메이유 궁쭤더 탠쑤
993,4,근로관련,"급여,수당",임금 관련 사항은 ㅇㅇ에게 문의하세요,궁즈 썅관 쓰이 칭 쯔쉰 OO
994,4,근로관련,"급여,수당",임금 통장을 변경하겠습니다. ,뺀껑 궁즈 춘저
995,4,근로관련,"급여,수당",임금은 근로계약서에 명시된 것과 동일합니다.,궁즈 위 라오뚱허퉁상 찌자이더 찐어 이쯔
996,4,근로관련,"급여,수당",임금이 이번달 적게 나왔어요,쩌거 웨더 궁즈 게이사오러
997,4,근로관련,"급여,수당",잔업수당은 월급이외에 별도로 추가 지급됩니다,쨔반페이 링쏸
998,4,근로관련,"급여,수당",잔업수당입니다.,쓰 쨔반페이
999,4,근로관련,"급여,수당",재계약시 근무상태에 따라 임금인상이 가능합니다,쒸챈 허퉁스 커 껀쮜 궁쭤 칭쾅 장 궁즈
1000,4,근로관련,"급여,수당",주급으로 받을 수 없습니다. ,뿌넝 안 쩌우 궁즈 제쏸
1001,4,근로관련,"급여,수당",최저임금은 ㅇㅇ원입니다. ,쭈이디 궁즈 웨이 OO한왠
1002,4,근로관련,"급여,수당",타인의 월급과 본인의 월급을 비교하지 마십시오. ,부요유 허 타런 비쬬오 궁즈
1003,4,근로관련,"급여,수당",퇴직금은 ㅇ원입니다. ,튀이즈찐 웨이 OO한왠
1004,4,근로관련,"급여,수당",회사 사정이 좋지 않아 임금을 줄 수 없어요,"궁쓰 찡찌 부징치, 뿌넝 파 궁즈"
1005,4,근로관련,"급여,수당",회사사정으로 임금지급이 연기됩니다,"궁쓰 찡찌 부징치, 쟝 얜츠 즈푸 궁즈"
1006,4,근로관련,"회사,근무규칙",계약기간은 ㅇㅇ개월 입니다. ,허퉁치잰 웨이 OO거웨
1007,4,근로관련,"회사,근무규칙",계약서 사항을 준수해야 합니다. ,쉬요우 쭌서우 허퉁 쓰썅
1008,4,근로관련,"회사,근무규칙",계약을 연장하고 싶습니다.,샹 얜창 허퉁
1009,4,근로관련,"회사,근무규칙",근로계약서를 다시 확인해 보세요,칭 충신 췌런 라오뚱허퉁
1010,4,근로관련,"회사,근무규칙",근무시간은 계절에 따라 조정됩니다.,궁쭤 스잰 커 건쮜 찌제 찐싱 탸오정
1011,4,근로관련,"회사,근무규칙",근무일을 변경하고 싶으세요 ?,샹 뺀껑 궁쭤 스잰마 ?
1012,4,근로관련,"회사,근무규칙",다른 회사로 옮기고 싶나요 ?,샹 환이쟈 궁쓰마 ?
1013,4,근로관련,"회사,근무규칙",보고없이 회사에 출근하지 않을 경우 이탈신고를 할 수도 있습니다.,"뿌징 빠오까오 싼쯔 쾅궁스, 커넝 후이 쥐빠오 퉈리"
1014,4,근로관련,"회사,근무규칙",복장을 단정히 하십시오. ,촨줘 요우 정제
1015,4,근로관련,"회사,근무규칙",산재처리를 해 드릴께요,추리 궁상 보오샌
1016,4,근로관련,"회사,근무규칙",수습기간이 있습니다.,유 쓰융치
1017,4,근로관련,"회사,근무규칙",아직 식사시간이 아닙니다 ,쌘짜이 하이메이따오 우판 스잰
1018,4,근로관련,"회사,근무규칙",야간 근무가 가능합니까?,커이 쌍 예반마 ?
1019,4,근로관련,"회사,근무규칙",업무시간은 ㅇ시 까지입니다 ,궁쭤 스잰 제즈따오 O댄
1020,4,근로관련,"회사,근무규칙",오늘은 야간근무입니다. ,찐탠 쌍 예반
1021,4,근로관련,"회사,근무규칙",오늘은 주간근무입니다. ,찐탠 쌍 바이반
1022,4,근로관련,"회사,근무규칙",우리직장은 OO을 만듭니다,워먼 치예 쯔쭤 OO
1023,4,근로관련,"회사,근무규칙","우리회사는 2교대(3교대,4교대)입니다.","워먼 궁쓰 량반도우(산반도우, 쓰반도우)"
1024,4,근로관련,"회사,근무규칙",우리회사는 근무여건이 좋습니다,워먼 궁쓰더 궁쭤 툐우짼 하오
1025,4,근로관련,"회사,근무규칙",재계약을 원하나요?,시왕 충씬 챈 허퉁마 ?
1026,4,근로관련,"회사,근무규칙",조퇴 하고 싶습니까?,시왕 조우튀이마 ?
1027,4,근로관련,"회사,근무규칙",좋아요. 2주일간 휴가를 주겠어요.,"하오더, 게이니 량저우더 쨔치"
1028,4,근로관련,"회사,근무규칙",퇴직하길 원하나요?,시왕 리즈마 ?
1029,4,근로관련,"회사,근무규칙",하루에 몇시간 일하십니까?,이탠 궁쭤 지꺼 쇼우스 ?
1030,4,근로관련,"회사,근무규칙",회사 규칙을 잘 따라주세요 ,칭 쭌서우 궁쓰 뀌이저
1031,4,근로관련,"회사,근무규칙",회사 사정으로 당신을 해고해야 합니다 .,인 궁쓰 쓰유 쉬요우 제꾸니
1032,4,근로관련,"회사,근무규칙",휴가는 ~~ 부터 ~~까지 입니다 ,쨔치 웨 ~~따오~~
1033,4,근로관련,"회사,근무규칙",휴가는 연 ㅇㅇ일입니다. ,이낸더 쨔치 웨이 OO탠
1034,4,근로관련,"회사,근무규칙",휴가를 사용하고 싶나요 ?,샹 선칭 쨔치마 ?
1035,4,근로관련,"회사,근무규칙",휴일 근무가 가능 합니까?,쓔시르 넝 궁쭤마 ?
1036,4,근로관련,채권채무,계약서 내용을 잘 확인해보세요,칭 췌런 하오 허퉁 내이룽
1037,4,근로관련,채권채무,"돈이 부족할 테니까, 그동안 맡아두었던 돈을 일부 돌러주겠어요.","챈쑤 후이 부꺼우, 쩌 치잰 보관더 이뿌펀 챈 쟝 튀이환"
1038,4,근로관련,채권채무,보증을 서실껀가요?,쭤 단바오마 ?
1039,4,근로관련,고용허가서등,3년의 취업기간 종료후에 체류기간 연장이 가능합니다. ,싼낸더 쮸예치잰 제쑤허우 커 얜창 쯔류스잰
1040,4,근로관련,고용허가서등,계약된 사업장에서만 일해야 합니다.,즈넝 짜이 챈웨 딴웨이 궁쭤
1041,4,근로관련,고용허가서등,계약서입니다.,쓰 허퉁수
1042,4,근로관련,고용허가서등,고용계약기간은 1년입니다. ,허퉁치잰 웨이 이낸
1043,4,근로관련,고용허가서등,고용계약기간은 연장할 수 있습니다. ,허퉁치잰 커 얜창
1044,4,근로관련,고용허가서등,그동안 사업장을 이탈해서는 안됩니다.,쩌똰 스잰 뿌넝 퉈리 딴웨이
1045,4,근로관련,고용허가서등,근로계약 조건을 숙지해야 한다.,쉬요우 수즈 라오뚱 허퉁 탸오잰
1046,4,근로관련,고용허가서등,"근로기준법 제 61조의 농림, 축산, 양잠, 수산사업의 경우동법상의 근로시간, 휴게휴일에 관한 규정은 적용받지 아니함.","라오뚱 뾰오준파 띠61탸오 눙린, 쒸찬, 양찬, 쉬이찬 쓰예더 칭쾅, 부쓰융 퉁 파뤼쌍더 라오뚱 스잰, 쓔시르 썅관 뀌이띵"
1047,4,근로관련,고용허가서등,근무시 1년마다 근로계약을 갱신해야 합니다,"궁쭤스, 메이이낸 껑씬 라오뚱 허퉁"
1048,4,근로관련,고용허가서등,근무시 1년마다 체류기간연장 허가를 받아야 합니다,"궁쭤스, 메이이낸 제써우 쯔류치쌘 얜창 쉬커"
1049,4,근로관련,고용허가서등,농축산업에서 제조업종으로 사업장변경은 불법입니다.,궁쭤 딴웨이 유 농쒸찬예 좐환청 쯔짜오예 쓰 웨이파더
1050,4,근로관련,고용허가서등,불법체류자 취업알선은 불법입니다.,웨이 페이파 쯔류저더 쩨싸오 궁쭤 쓰 웨이파더
1051,4,근로관련,고용허가서등,비자는 E-9입니다.,챈쩡 웨이 E-9
1052,4,근로관련,고용허가서등,외국인고용허가제로 한국에 왔습니다.,퉁꿔 와이궈런 쮸우예 쉬커쯔 라이따오 한궈
1053,4,근로관련,고용허가서등,체류기간은 연장하지 못합니다. ,뿌넝 얜창 쯔류치잰
1054,4,근로관련,고용허가서등,체류기간이 ㅇ월 ㅇ일까지입니다. ,쯔류치쌘 웨이 O웨 O르
1055,4,근로관련,고용허가서등,한국의 노동자와 동등한 권리와 의무를 갖고 있다.,쮜유 위 한궈 라오뚱저 퉁덩더 쵄리 허 이우
1056,4,근로관련,고용허가서등,회사를 마음대로 바꿀 수는 없다.,뿌넝 싼쯔 환 궁쭤
1057,4,근로관련,각종보험,가입한 보험에 대하여 알고 있나요?,랴오제 쨔루더 바오샌마 ?
1058,4,근로관련,각종보험,건강 보험이 적용됩니다. ,쓰융 짼캉 바오샌
1059,4,근로관련,각종보험,건강보험료는 사업주와 근로자 각각1/2씩 부담해야 합니다,짼캉 바오샌 유 치예주 위 라오뚱저 꺼 펀단 1/2
1060,4,근로관련,각종보험,결재통장에 잔액이 부족하여 보험가입이 지연되고 있습니다,"인 제쏸 짱후 위어 뿌주, 쨔루 바오샌 츠얜"
1061,4,근로관련,각종보험,고용보험 ,꾸융 바오샌
1062,4,근로관련,각종보험,국민건강보험 ,궈민 짼캉 바오샌
1063,4,근로관련,각종보험,국민연금에 가입되어 있습니다. ,이 쨔루 궈민낸찐
1064,4,근로관련,각종보험,귀국비용보험,후이궈 페이융 바오샌
1065,4,근로관련,각종보험,귀국비용보험 금액은   0000 원입니다.,후이궈 페이융 바오샌 찐어 웨이 OOOO한왠
1066,4,근로관련,각종보험,귀국비용보험은   한국에서 곤란한 일을 당했을시 본국으로 돌아갈수 있도록 비행기표를 살 수 있는 안전장치 입니다.,후이궈 페이융 바오샌 쓰 당 짜오위 쿤난스 게이위 찡찌 부창더 안쵄 바오짱
1067,4,근로관련,각종보험,귀국비용보험은  본인의 통장에서 인출됩니다.,후이궈 페이융 바오샌 즈넝 충 번런 춘저중 취추
1068,4,근로관련,각종보험,귀국비용보험은  체류기간을 마치고 본국으로 귀국시에  지급됩니다.,후이궈 페이융 바오샌 쟝 짜이 쯔류치쌘 따오치 얼 후이 번궈스 즈푸
1069,4,근로관련,각종보험,귀국비용보험은 의무입니다. ,후이궈 페이융 바오샌 쓰 이우
1070,4,근로관련,각종보험,"귀국시 출국만기보험,귀국비용보험을 신청해야 합니다","후이궈스, 쉬요우 선칭 추궈따오치 바오샌, 후이궈 페이융 바오샌"
1071,4,근로관련,각종보험,당신국가는 국민연금 적용 제외국가입니다,귀궈 우파 쓰융 궈민낸찐
1072,4,근로관련,각종보험,보험금은 ㅇ원 입니다.,바오샌 찐어 웨이 O한왠
1073,4,근로관련,각종보험,보험에 가입하려면 통장사본이 필요하니 통장을 보여 주세요,쨔루 바오샌 쉬요우 춘저 푸번
1074,4,근로관련,각종보험,보험은 들었습니까?,쨔루 바오샌러마 ?
1075,4,근로관련,각종보험,산재보험 ,궁상 바오샌
1076,4,근로관련,각종보험,삼성화재 연락처는 02-2119-2400 입니다 ,산싱훠짜이 랜씨 팡쓰스 02-2119-2400
1077,4,근로관련,각종보험,상해보험,이와이샌
1078,4,근로관련,각종보험,상해보험 가입 금액은 0000원입니다.,이와이샌 쨔루 찐어 웨이 OOOO한왠
1079,4,근로관련,각종보험,상해보험 문의는 OO번입니다,이와이샌 쯔쉰 쓰 O짼
1080,4,근로관련,각종보험,상해보험은  일과 후 또는 휴일에  다쳤을때  보상을 받습니다.,이와이샌 페이창 쌰반허우 지 쓔시르 짜오써우더 쌍하이
1081,4,근로관련,각종보험,상해보험은 외국인근로자가 의무적으로 가입해야 합니다.,와이궈런 라오뚱저 유 이우 쨔루 이와이샌
1082,4,근로관련,각종보험,ㅇㅇㅇ로 보험금 지급을 청구하세요,썅 OOO선칭 즈푸 바오샌찐
1083,4,근로관련,각종보험,여러분은 고용허가제 보험을 가입해야 합니다. ,따쟈 쉬요우 쨔루 쮸예 쉬커쯔 바오샌
1084,4,근로관련,각종보험,여러분은 귀국비용보험과 상해보험료에 가입해야 합니다. ,따쟈 쉬요우 쨔루 후이궈 페이융 바오샌 위 이와이샌
1085,4,근로관련,각종보험,외국인근로자가 반드시 가입해야 되는 보험이 있습니다.,유 와이궈런 라오뚱저 챵쯔 바오샌
1086,4,근로관련,각종보험,임금체불보증보험,퉈챈 궁즈 바오쩡 바오샌
1087,4,근로관련,각종보험,출국만기보험 ,추궈 따오치 바오샌
1088,4,근로관련,각종보험,출국만기보험과 보증보험은 회사에서 가입합니다. ,짜이 궁쓰 쨔루 추궈 따오치 바오샌 허 바오쩡 바오샌
1089,4,근로관련,각종보험,출국만기보험은 1년이상 근무하시면 받을수 있습니다.,궁쭤 이낸 이상스 커이 링취 추궈 따오치 바오샌
1090,4,근로관련,각종보험,출국만기보험은 퇴직금과 비슷합니다. ,추궈 따오치 바오샌 건 튀즈찐 차부둬
1091,4,근로관련,기타,"2009년 최저임금은 904,000입니다.","2009낸 쮜디 궁즈 뾰오준 웨이 904,000"
1092,4,근로관련,기타,같이 해결 방안을 찾아봅시다.,이치라이 쉰자오 제줴 팡안
1093,4,근로관련,기타,고정적인 일자리를 원합니다.,시왕 넝 자오따오 원띵더 궁쭤
1094,4,근로관련,기타,그리고 비행기표는 우리가 알아서 예매해 줄께요.,워먼 빵니 위띵 지퍄오
1095,4,근로관련,기타,다시 이곳으로 복귀 하세요,칭 후이따오 궁쓰
1096,4,근로관련,기타,당신은 생활보호 대상자 입니다.,니쓰 성훠 바오후 뛰이썅
1097,4,근로관련,기타,당신의 요청을 들어주지 못해 미안합니다. ,"뛰이부치, 워예 우넝웨리"
1098,4,근로관련,기타,면접을 한번 봅시다,맨쓰 이쌰바
1099,4,근로관련,기타,사장님은 오늘 출장중입니다,써장 찐탠 추차이러
1100,4,근로관련,기타,세금은 ㅇㅇ원입니다. ,쒸이찐 웨이 OO한왠
1101,4,근로관련,기타,세금은 원천징수됩니다.,위커우 쒸이찐
1102,4,근로관련,기타,시급 4천원*8시간해서 하루 3만 2천원이 최저임금입니다.,찌스 궁즈 쓰챈 한왠 * 바샤오스  이탠 쮜이디 궁즈 웨이 싼완 량챈 한왠
1103,4,근로관련,기타,시범적으로 시행합니다,쓰 윈싱
1104,4,근로관련,기타,아르바이트를 하고 있습니다.,짜이 쭤 짼즈
1105,4,근로관련,기타,앞으로 이런 일이 없도록 노력해주세요. ,칭 부요우 랑 쩌어중 쓰칭 짜이츠 파성
1106,4,근로관련,기타,애로사항을 말씀해보세요,칭 바 쿤난 숴추라이
1107,4,근로관련,기타,어려운 점 있으면 OO 에게 말씀하세요,유선머 쿤난 까오쑤 OO
1108,4,근로관련,기타,여기서 일 할 수 있겠습니까?,넝 쭤하오 궁쭤마 ?
1109,4,근로관련,기타,열심히 일해주세요 ,호호 궁쭤
1110,4,근로관련,기타,외국인 등록증 번호가 어떻게 됩니까?,와이궈런 떵루쩡 하오 쓰 둬사오 ?
1111,4,근로관련,기타,외국인등록증을 90일 안에 발급해 줄게요 ,와이권런 떵루쩡 쨩후이 짜이 90탠 네이 파팡
1112,4,근로관련,기타,이 일이 힘듭니까 ?,쭈쓰 레이마 ?
1113,4,근로관련,기타,이번 달  야간 근무 시간은 총 00시간입니다,번웨더 예빤 스잰 꿍 OO샤오스
1114,4,근로관련,기타,이번달  공휴일 의 특근 시간은 총 00시간입니다.,번웨 궁쓔르더 쨔반 스잰 꿍 OO샤오스
1115,4,근로관련,기타,이전 회사에서는 어떤 일을 하셨습니까?,왠라이 궁쓰 쭤더쓰 선머 쓰 ?
1116,4,근로관련,기타,이전 회사에서는 왜 퇴사하셨습니까?,웨이선머 리카이 왠라이더 궁쓰 ?
1117,4,근로관련,기타,이전 회사에서는 월급을 얼마정도 받았습니까?,왠라이 궁쓰더 궁즈 유 둬사오 ?
1118,4,근로관련,기타,임금체불에 관한 신고는 노동부로 하세요,유관 퉈챈 궁즈더 원티 썅 라오뚱뿌 쥐빠오
1119,4,근로관련,기타,최저임금은 ㅇㅇ입니다.,쮜이디 궁즈 웨이 OO한왠
1120,4,근로관련,기타,해외구직표를 작성하십시요.,칭 탠세 하이와이 츄즈뱌오
1121,4,근로관련,기타,회사 사정을 이해해주시기 바랍니다 ,칭 둬둬 리제 궁쓰더 칭쾅
1122,4,근로관련,기타,회사 사정이 안좋습니다.,궁쓰 찡찌 부찡치
1123,4,근로관련,기타,회사가 부도가 났습니다.,궁쓰 풔찬러
1124,4,근로관련,기타,회사생활에 만족하십니까?,만이 궁쓰더 성훠마 ?
1125,4,근로관련,기타,회사에서 야유회를 갑니다.,궁쓰 쟝 주즈 예유후이
1126,4,고용관련신고,입사,이곳에 취업을 원해요?,샹 짜이 쩌리 쮸예마 ?
1127,4,고용관련신고,퇴사,계약이 만료되었습니다.,허퉁 이 따오치
1128,4,고용관련신고,사업장변경,당신을 재고용하고 싶어요?,샹 짜이츠 꾸융니 ?
1129,4,고용관련신고,사업장변경,재고용자는 귀국후 주재사무소를 방문하셔야 합니다,짜이 쮸예저 후이궈허우 쉬야오 팡원 쭈와이 빤쓰추
1130,4,고용관련신고,사업장변경,"직장을 변경시 반드시 노동부,법무부에 신고해야 합니다","뺀껑 궁쭤 딴웨이 스 , 이띵 요우 썅 라오뚱뿌, 파우뿌 선빠오"
1131,4,고용관련신고,출입국,"1. 비행기표 예약(출국, 입국)","1. 위웨지퍄오(추궈, 루찡)"
1132,4,고용관련신고,출입국,2. 재입국허가 동의서,2. 짜이 루징 쉬커 퉁이수
1133,4,고용관련신고,출입국,3. 신청서,3. 선칭수
1134,4,고용관련신고,출입국,3년 취업기간 종료후 귀국시 외국인등록증을 반드시 공항 출입국관리사무소에 반납해야 합니다,"싼낸더 쮸예치잰 제쑤허우 후이궈스, 삐쉬 바 와이궈런 떵루쩡 쨔오게이 찌창 추루찡 관리 쓰우쒀"
1135,4,고용관련신고,출입국,4. 수수료 3만원,4. 써우쒸 페이 싼완 한왠
1136,4,고용관련신고,출입국,5. 외국인 등록증,5. 와이궈런 떵루쩡
1137,4,고용관련신고,출입국,6. 여권,6. 챈쩡 
1138,4,고용관련신고,출입국,귀국날짜와 항공편을 알려주세요,칭 까오쑤 후이궈르치 위 항반하오
1139,4,고용관련신고,출입국,"대리인이 할 경우 재직증명서, 신분증, 위임장이 필요합니다.","위이퉈 따이런 스, 쉬요우 짜이즈 쩡밍, 썬펀쩡, 웨이런 쫭"
1140,4,고용관련신고,출입국,인터넷으로도 신청가능합니다.,커이 퉁궈 왕뤄 찐싱 선칭
1141,4,고용관련신고,출입국,일시출국을 할 때는 다음의 서류를 준비해야합니다.,린스 추궈스 쉬요우 이쌰 쯔랴오
1142,4,고용관련신고,출입국,재입국을 하실껍니까?,후이 짜이츠 루찡마 ?
1143,4,고용관련신고,출입국,체류기간연장을 해야합니다.,쉬요우 얜창 쯔류치쌘
1144,4,고용관련신고,출입국,체류연장 하고 싶으세요?,샹 얜창 쯔류치쌘마 ?
1145,4,고용관련신고,출입국,출국당일 출발시간 5시간전에 공항에서 출입국사무소에 서류를 제출합니다.,"추궈 땅탠 추파 우샤오스 챈, 썅 찌창 추루찡 관리 쓰우쒀 티쨔오 쯔랴오"
1146,4,고용관련신고,출입국,출입국 관리 사무소는 여기 입니다.,추루찡 관리 쓰우쒀 짜이 쩌벤
1147,4,고용관련신고,출입국,출입국사무소에 변경사항을 신고하여야 합니다,썅 추루찡 쓰우쒀 선빠오 뺀껑 쓰썅
1148,4,고용관련신고,고용지원센터,고용지원센터는 ㅇㅇ에 있습니다. ,꾸융 즈왠 중씬 짜이 OO
1149,4,고용관련신고,고용지원센터,고용지원센터에 변경사항을 신고하여야 합니다,썅 꾸융 즈왠 중씬 선빠오 뺀껑 쓰썅
1150,4,고용관련신고,고용지원센터,"신고서, 신청서를 작성하셨나요?","세하오 선빠오수, 선칭수러마 ?"
1151,4,고용관련신고,기타사항, 주재원사무소 약도는 받으셨나요?,써우따오 파이쭈런왠 빤쓰추 뤠투러마 ?
1152,4,고용관련신고,기타사항,1. 고용허가제 재고용 근로자 귀국신고서,1. 쮸예 쉬커쯔 짜이 꾸융 라오뚱저 후이궈 선빠오수
1153,4,고용관련신고,기타사항,2. 취업기간 만료자 재입국 취업활동확인서,2. 쮸예 치잰 따오치저 짜이 루찡 쮸예 훠뚱 췌런수
1154,4,고용관련신고,기타사항,3. 사증 발급번호(종이사증),3. 챈쩡 파팡 호오마(즈쯔 챈쩡)
1155,4,고용관련신고,기타사항,4. 여권,4. 챈쩡
1156,4,고용관련신고,기타사항,5. 항공권,5. 지퍄오
1157,4,고용관련신고,기타사항,6. 사증발급수수료(5만원정도),6. 챈쩡 파팡 서우쒸페이(우완 한왠 줘유)
1158,4,고용관련신고,기타사항,7. 사증신청서(해외 주재사무소 비치) 입니다.,7. 챈쩡 선칭수(써유 쭈와이 빤츠추)
1159,4,고용관련신고,기타사항,각종 신청 또는 신고시 허위사실을 보고하지 마십시요,찐싱 꺼중 선칭 훠 선빠오스 부요우 티궁 쉬쟈 씬시
1160,4,고용관련신고,기타사항,국적귀화 하고 싶으세요?,샹 귀화 궈지마 ?
1161,4,고용관련신고,기타사항,귀국신고서를 작성하세요.,칭 탠세 후이궈 선빠오수
1162,4,고용관련신고,기타사항,귀국신고시 제출서류안내입니다.,쩌쓰 후이궈 선빠오스 숴쉬더 쯔랴오
1163,4,고용관련신고,기타사항,귀국 후 공단 주재원사무소에 반드시 신고하세요. ,"후이궈허우, 우삐 썅 궁퇀 파이쭈런왠 빤쓰추 찐싱 선빠오"
1164,4,고용관련신고,기타사항,문제가 생기면 ㅇㅇ에게 말씀해주세요,루 파성 원티 썅 OO티추
1165,4,고용관련신고,기타사항,사증발급이 신청되었습니다.,이 선칭관 챈쩡 파팡
1166,4,고용관련신고,기타사항,ㅇㅇ 서류가 필요합니다.,쉬요우 OO쯔랴오
1167,4,고용관련신고,기타사항,ㅇㅇ 을 추천 합니다.,튀이짼 OO
1168,4,고용관련신고,기타사항,ㅇㅇㅇ로 전화하시면 상담을 해드립니다.,커이 붜다 땐화 OOO 찐싱 즈쉰
1169,4,고용관련신고,기타사항,여권 재발급은 O일이 걸립니다,충씬 파팡 챈쩡 쉬요우 O탠
1170,4,고용관련신고,기타사항,"여권, 반명함 칼라사진, 만원, 사업자등록증 사본이 필요해요","쉬요우 후짜오, 량춘 차이써 짜오팬, 이완한왠, 잉예즈짜오 푸번"
1171,4,고용관련신고,기타사항,여권분실에 대비하여 여권사본을 보관하세요,"웨이러 잉뛰이 후짜오 뜌스 칭쾅, 칭 바오관하오 후짜오 푸번"
1172,4,고용관련신고,기타사항,여권을 복사하세요,칭 푸인 후짜오
1173,4,고용관련신고,기타사항,여권을 분실했습니까?,뜌스 후짜오러마 ?
1174,4,고용관련신고,기타사항,외국인 근로자 등록증은 입국후 90일이내 발급받아야합니다.,루찡허우 90탠 네이 선칭 파팡 와이궈런 라오뚱저 떵루쩡
1175,4,고용관련신고,기타사항,외국인 근로자 지원센터 연락처를 기억하세요,칭 찌쭈 와이궈런 라오뚱저 즈왠 중씬 랜씨 팡쓰
1176,4,고용관련신고,기타사항,외국인등록사항의 변경시 반드시 신고를 해야 합니다,"뺀껑 와이궈런 떵루 쓰썅스, 삐쉬 찐싱 선빠오"
1177,4,고용관련신고,기타사항,외국인등록증 발급일은 입국한 날부터 90일 이내에 등록해야 한다.,와이궈런 떵루쩡 파팡르치 웨이 루찡허우 90탠 네이 떵루
1178,4,고용관련신고,기타사항,"외국인등록증(여권,통장,알선장)을 복사하고 드리겠습니다.","푸인 와이궈런 떵루쩡(후짜오, 춘저, 쩨싸오숴)허우 게이 니"
1179,4,고용관련신고,기타사항,외국인등록증을 갖고 있나요?,유 와이궈런 떵루쩡마 ?
1180,4,고용관련신고,기타사항,외국인등록증을 반납하세요,칭 판환 와이궈런 떵루쩡
1181,4,고용관련신고,기타사항,외국인등록증을 보여주십시요.,칭 추쓰 와이궈런 떵루쩡
1182,4,고용관련신고,기타사항,외국인등록증을 복사하세요.,칭 푸인 와이궈런 떵루쩡
1183,4,고용관련신고,기타사항,외국인등록증을 잘 관리하세요,칭 바오관하오 와이궈런 떵루쩡
1184,4,고용관련신고,기타사항,외국인등록증을 항상 소지하고 다니셔야 합니다,칭 쉬스 세따이 와이궈런 떵루쩡
1185,4,고용관련신고,기타사항,이곳에 도장을 찍어주세요,짜이 쩌리 까이장
1186,4,고용관련신고,기타사항,이곳에 서류를 접수하세요,짜이 쩌리 빤리 예우
1187,4,고용관련신고,기타사항,재고용근로자 안내문을 잘읽어보세요.,칭 류란 짜이 쮸예 라오뚱저 즈난
1188,4,고용관련신고,기타사항,재발급을 원합니다.,샹 충신 파팡
1189,4,고용관련신고,기타사항,체류기간 연장을 해야 합니다. ,쉬요우 얜창 쯔류치쌘
1190,4,고용관련신고,기타사항,체류기간이 만료되었습니다.,쯔류치쌘 따오치
1191,4,고용관련신고,기타사항,체류지 변경시 반드시 전입신고를 해야 합니다,"뺀껑 쯔류띠스, 쉬요우 찐싱 좐루 선빠오"
1192,4,고용관련신고,기타사항,출국시 외국인등록증은 공항 출입국관리사무소에 반납해야 합니다. ,"추궈스, 칭 바 와이궈런 떵두쩡 쨔오게이 찌창 추루찡 관리 쓰우쒀"
1193,4,고용관련신고,기타사항,출국예정일 변경 또는 재입국을 포기하고자할때는 한국산업인력공단 해외주재사무소로반드시 연락하여야합니다.,"뺀껑 추궈 위띵르 훠 팡치 짜이 루찡스, 삐쉬 랜씨 한궈 찬예 런리 궁퇀 쭈와이 빤쓰추"
1194,4,고용관련신고,기타사항,한국체류기간이 얼마나 남았습니까?,한궈 쯔류치쌘 하이썽 둬사오 탠 ?
