楷锅,措盒幅内靛,措盒幅,家盒幅,茄惫绢,虐福虐令胶藕绢  (憩猬袁憩 洮诂莠) ,惯澜
1,4,老惑积劝,"牢荤,家俺",绊缚嚼聪促.,铂熏绗蕃熏,扼儒咐
2,4,老惑积劝,"牢荤,家俺",弊悼救 荐绊窍继嚼聪促 ,惮戡瀣 瀣椰熏墁憩 椰喱 噩熏墁戡 诂戡洮脂宅诂诂,快蒋 快官 焊蜡 磊农浆 捞浆抛叼聪令
3,4,老惑积劝,"牢荤,家俺",促澜俊 肚 浩夸,楷蕃墁诂宅 宅熏袁 噩喱莠瀣袁熏莠,骏虐单 促弊 凉风哎福
4,4,老惑积劝,"牢荤,家俺",促澜俊 坷摆嚼聪促. ,楷蕃墁诂宅 墁脂莠脂,骏虐单 奶方
5,4,老惑积劝,"牢荤,家俺",寸脚阑 镭瘤 给且 巴 涝聪促 ,超诂佻宅 瀣攥瀣洮 熏莠椰熏郜,矫令叼 快穿鸥 舅官烙
6,4,老惑积劝,"牢荤,家俺",寸脚狼 惑荤绰 ししし 涝聪促.,瀣 墁诂戡 _______ 悻诂佻宅诂 戡脂娆诂诂,阂 虐浆 ____ 矫令凋 浆俊厚聪令
7,4,老惑积劝,"牢荤,家俺",寸脚狼 己傍阑 扁盔钦聪促 ,超诂佻袁 诂郜袁诂莠诂 墁熏熏莠熏郜,矫令霸 捞捞辨腐 墨舅扼烙
8,4,老惑积劝,"牢荤,家俺",悼丰 ,喱莠莠脂袁 ,妮饭啊
9,4,老惑积劝,"牢荤,家俺",父唱辑 馆癌嚼聪促.,ì喱莠瀣墁墁熏攥憩椰憩佻袁 墁瀣椰熏攥憩楝洮熏蕃憩,凉风墨蠢宏令啊 捻官蠢摹鸥谷
10,4,老惑积劝,"牢荤,家俺",咐乐霸 靛技夸 ,船熏蕃熏袁憩憩 洮熏洮洮瀣 椰喱莠悻瀣,鸥付弊蠢令 鸥捧 杭鉴
11,4,老惑积劝,"牢荤,家俺",刚 辨 坷矫蠢扼绊 荐绊窍继嚼聪促.,惮佻熏 噩喱 噩猬 楝 诂 墁憩莠宅憩憩,快累 凉 林缝 辆 捞浆 努靛蠢令
12,4,老惑积劝,"牢荤,家俺",固救钦聪促 ,脂楝诂猬诂诂,纳瘤府聪令
13,4,老惑积劝,"牢荤,家俺",固救钦聪促. ,脂楝诂猬诂诂,纳瘤府聪令
14,4,老惑积劝,"牢荤,家俺",规秦秦辑 固救钦聪促. ,ì喱莠洮喱 墁憩莠袁熏攥憩蕃 墁脂楝诂猬诂诂,凉配 努啊蠢付 纳瘤府聪令
15,4,老惑积劝,"牢荤,家俺",荤苞甫 罐酒林技夸 ,ì喱莠洮喱 墁憩莠袁熏攥憩蕃 墁脂楝诂猬诂诂,皋囱 纳瘤府挂叼 墨喉 舅福蠢令
16,4,老惑积劝,"牢荤,家俺",荤苞窍技夸.,脂楝诂猬诂 悻瀣猬熏憩,纳瘤覆 荐扼蠢令
17,4,老惑积劝,"牢荤,家俺",荤厘丛 ,ガ诂猬脂墁洮喱,叼泛磐福
18,4,老惑积劝,"牢荤,家俺",侥荤窍继嚼聪鳖 ,船熏蕃熏墁洮熏攥宅憩憩佻椰,鸥阜藕靛蠢令宏
19,4,老惑积劝,"牢荤,家俺",侥荤钦矫促 ,脂莠袁诂莠 洮熏蕃熏墁洮熏攥熏莠憩,奶辨饭 鸥阜鸥朝袱
20,4,老惑积劝,"牢荤,家俺",救崇窍技夸 ししし涝聪促. ,"超熏莠熏蕃熏洮悻憩佻椰, 蕃脂攥诂 熏洮憩 _________",混儿胶令宏 皋囱 酒拼 _______
21,4,老惑积劝,"牢荤,家俺",救崇洒 啊技夸 ,ì熏墁戡 椰熏猬憩憩,蠼 官福蠢令
22,4,老惑积劝,"牢荤,家俺",救崇洒 拌技夸,ì熏墁戡 墁熏莠憩憩,蠼 漠福蠢令
23,4,老惑积劝,"牢荤,家俺",菊栏肺 亮篮 包拌甫 蜡瘤且 荐 乐扁甫 官而聪促. ,诂郜诂 宅熏袁 噩熏墁戡 蕃熏蕃诂莠脂宅 墁熏莠憩戡憩椰憩佻宅 墁熏熏莠熏郜,虐牢 促弊 蠼 付剐饭单 漠福浆厚令靛 墨舅扼烙
24,4,老惑积劝,"牢荤,家俺",距加阑 瘤虐瘤 给秦 了价钦聪促.,超佻蕃 熏洮墁熏猬 熏莠椰熏袁熏攥憩 楝 墁脂楝诂猬诂诂,家淋滴 狙墨扼 舅官啊雌 快冕 纳摹府聪令
25,4,老惑积劝,"牢荤,家俺",快府 雀荤俊 坷脚 巴阑 券康钦聪促 ,诂佻宅诂 娆诂猬蕃熏袁 墁喱 墁脂莠诂诂,厚令凋 乔福付啊 内浆 奶府聪令
26,4,老惑积劝,"牢荤,家俺",快府客 窃膊 肋 秦壕矫促.,宫喱袁瀣 噩熏墁戡 诂戡洮脂戡墁脂攥袁 熏猬熏墁脂 墁憩莠熏莠憩 ,炼备 蠼 捞浆抛浆乃霸 酒扼南 努饿福农
27,4,老惑积劝,"牢荤,家俺",捞盒甸俊霸 牢荤靛府技夸 ,瀣 墁诂戡诂莠脂 蕃脂攥脂 瀣楝瀣猬熏戡憩憩,阂 虐蒋饭福 皋迟 快眠扼浆聪令
28,4,老惑积劝,"牢荤,家俺",捞盒篮 窃膊 老窍霸 瞪 ししし涝聪促. ,瀣 ______ 悻诂莠脂 蕃脂攥脂 楝喱袁瀣 诂戡洮脂 洮瀣猬袁熏 墁诂戡,阂 _____ 角饭福 皋迟 檬备 捞荐抛捞 捧福埃 虐浆
29,4,老惑积劝,"牢荤,家俺",捞盒阑 家俺钦聪促.,瀣 墁诂戡诂攥 洮熏熏攥憩戡洮憩猬熏,阂 虐浆聪 鸥酒蠢浆飘恩
30,4,老惑积劝,"牢荤,家俺",牢荤 唱穿技夸,诂猬 椰诂猬诂诂佻宅脂 蕃脂攥脂 瀣楝瀣猬熏戡憩憩佻宅熏,厚府 厚府聪令单福 皋迟 快眠扼浆栏蠢令促福
31,4,老惑积劝,"牢荤,家俺",老嘛 林公技夸,楷猬洮 噩熏洮憩憩,俊福抛 磊飘蠢令
32,4,老惑积劝,"牢荤,家俺",磊扁家俺甫 秦焊技夸,佻佻 洮熏熏攥憩戡洮憩猬憩憩,坷林穿令滴 鸥酒蠢浆飘福蠢令
33,4,老惑积劝,"牢荤,家俺",肋 促赤坷绞矫坷. ,ì熏墁戡 椰熏猬憩 墁脂莠诂诂,蠼 官辅 奶府聪令
34,4,老惑积劝,"牢荤,家俺",肋 何殴靛赋聪促.,脂攥 噩熏墁戡 墁熏椰憩 熏莠憩戡憩憩佻宅 悻瀣猬熏攥熏,皋聪 蠼 墨喉 舅福浆蠢令靛 荐扼巢
35,4,老惑积劝,"牢荤,家俺",肋 何殴钦聪促. ,脂攥 噩熏墁戡 墁熏椰憩 熏莠憩憩,皋聪 累浆 墨喉 舅福蠢令
36,4,老惑积劝,"牢荤,家俺",历绰 ししし雀荤狼 ししし涝聪促. ,脂 _____ 宅脂袁脂 娆诂猬蕃熏攥憩 ______ 墁诂戡诂悻诂蕃诂,膏______ 单罢 厚福付绰 _____ 虐浆矫刮
37,4,老惑积劝,"牢荤,家俺",傈拳秦林技夸 ,熏袁 洮脂莠脂娆喱 楝熏莠憩憩,付啊 炮饭迄 蔓福蠢令
38,4,老惑积劝,"牢荤,家俺",榴芭款 林富 焊郴绞矫坷 ,ì瀣蕃 墁攥宅猬 噩熏墁戡 洮墁猬,林付 娘档风滴 蠼 渴内风穿令
39,4,老惑积劝,"牢荤,家俺",流厘悼丰甫 父唱搁 亲惑 牢荤甫 窍技夸,宫喱袁瀣 诂戡洮脂戡墁脂 墁喱莠莠脂袁熏莠熏猬宅 墁猬袁攥 熏 宅熏郜憩 瀣楝瀣猬熏戡憩憩,檬备 捞浆抛浆乃 妮饭哎扼福靛 内福帮档 酒福 促烙 快眠扼浆聪令
40,4,老惑积劝,"牢荤,家俺",绵窍钦聪促.,瀣洮洮瀣墁洮熏郜,捏兑鸥烙
41,4,老惑积劝,"牢荤,家俺",模例窍霸 牢荤窍技夸,超憩莠憩 瀣楝瀣猬熏戡憩憩,浇福农 快林扼浆聪令
42,4,老惑积劝,"牢荤,家俺",祈洒 浆绞矫坷 ,ì熏墁戡 铿 熏莠憩憩,蠼 俊胶 舅福蠢令
43,4,老惑积劝,"牢荤,家俺",拳甫 郴辑 固救钦聪促. ,‖楝瀣瀣莠熏攥袁熏攥憩 楝 墁脂楝诂猬诂诂,酒免鄂啊雌 快冕 纳摹府聪令
44,4,老惑积劝,"‖椰-憩猬熏郜, 宅脂 熏莠瀣",啊阑,,捻快令
45,4,老惑积劝,"朝揪,咯啊",皑扁俊 吧府瘤 臼档废 蜡狼窍技夸,超熏悻憩 洮瀣蕃喱 椰喱莠瀣 喱猬瀣 墁熏莠椰熏 楝 熏椰熏郜莠熏憩,荤 捧赣 杭 坷缝 漠官浆 快冕 酒官老扼聪令
46,4,老惑积劝,"朝揪,咯啊",败匡,憩,农栏浆
47,4,老惑积劝,"朝揪,咯啊",朝揪啊 唱晦聪促. ,‖椰 憩猬熏郜 噩熏蕃熏,酒官 栏扼捞 磊父
48,4,老惑积劝,"朝揪,咯啊",朝揪啊 歹况夸,‖椰 憩猬熏郜 噩憩莠瀣瀣椰,酒官 栏扼捞 榴缝快何
49,4,老惑积劝,"朝揪,咯啊",朝揪啊 腹捞 揭揭秦 脸绢夸.,‖椰 憩猬熏郜 悻熏莠墁憩攥宅熏 墁脂洮洮,酒官 栏扼捞 混奴翠 南萍
50,4,老惑积劝,"朝揪,咯啊",朝揪啊 亮匙夸,‖椰 憩猬熏郜 噩熏墁戡 铿墁脂,酒官 栏扼捞 蠼 俊乃
51,4,老惑积劝,"朝揪,咯啊",朝揪啊 眠况夸,‖椰 憩猬熏郜 蕃瀣佻宅熏墁椰,酒官 栏扼捞 公令促农宏
52,4,老惑积劝,"朝揪,咯啊",郴老篮 傍绒老捞聪 扁槛荤俊辑 浆档废 秦夸,楷猬洮 蕃熏郜猬熏 椰喱莠袁喱攥宅瀣墁洮熏 噩熏洮熏墁熏攥熏宅 铿 熏莠憩憩,俊福刨 付捞恩 杭帮滴农藕 磊鸥墨唱促 俊胶 舅福蠢令
53,4,老惑积劝,"朝揪,咯啊",传捞 可聪促. ,熏 噩熏熏 噩熏洮熏,墨福 磊拘 磊趴
54,4,老惑积劝,"朝揪,咯啊",寸脚狼 秒固绰 公均涝聪鳖,超诂佻宅诂 绗喱椰椰诂诂 铿蕃攥,矫令凋 龋厚聪令 骏匙
55,4,老惑积劝,"朝揪,咯啊",悼惑俊 吧府瘤 臼档废 炼缴窍技夸,戡 墁熏莠椰熏 洮瀣猬袁熏攥宅熏 熏椰熏郜莠熏憩,快奖 漠官捞 捧福埃促捞 酒官老扼蠢令
56,4,老惑积劝,"朝揪,咯啊",滴波款 渴捞 鞘夸钦聪鳖 ,熏莠 墁诂郜诂 墁脂猬脂墁椰,漠釜 虐烙 纳泛厚
57,4,老惑积劝,"朝揪,咯啊",官恩捞 褐聪促. ,含熏蕃熏 椰喱莠瀣 噩熏洮熏,箕富 杭缝 磊趴
58,4,老惑积劝,"朝揪,咯啊",航,ì熏,磊胶
59,4,老惑积劝,"朝揪,咯啊",厚啊 可聪促 ,ì熏蕃袁憩 噩熏熏 噩熏洮熏,泪弊福 磊拘 磊趴
60,4,老惑积劝,"朝揪,咯啊",浆绰 朝俊绰 林肺 构秦夸,楷 熏莠袁熏 墁攥宅 铿蕃攥 墁憩莠熏悻憩,俊胶 舅埃 娘档风 骏匙 努扼胶令
61,4,老惑积劝,"朝揪,咯啊",浆绰朝俊 公均阑 窍绊 酵唱夸,楷 熏莠袁熏 墁攥宅 铿蕃攥 墁憩莠袁憩憩 墁脂莠脂,俊胶 舅埃 娘档风 骏匙 努弊蠢令 奶房
62,4,老惑积劝,"朝揪,咯啊","酒魔, 历翅栏肺 柯档瞒捞啊 腹捞吵聪促.",楷猬洮 蕃脂攥脂 墁脂楝墁诂悻诂 洮脂蕃岈脂猬熏洮瀣猬 熏瘳椰熏 佻袁猬 洮瀣猬熏,俊福呸 皋迟 纳摹虐脚 袍其扼捧扼 酒具官捞 坷林绊缝 捧儿
63,4,老惑积劝,"朝揪,咯啊",咯抚,ì熏,磊捞
64,4,老惑积劝,"朝揪,咯啊",坷疵篮 傍绒老涝聪促. ,袁 蕃熏郜猬熏 ,何焙 付捞恩
65,4,老惑积劝,"朝揪,咯啊",渴阑 蝶舵窍霸 涝栏技夸.,ì憩莠瀣 墁诂郜诂攥诂诂,榴风快 虐捞聪聪令
66,4,老惑积劝,"朝揪,咯啊",款悼阑 亮酒窍绞聪鳖,超岈喱猬 蕃脂攥脂 蕃熏戡憩墁墁熏攥宅 噩熏墁戡 墁猬悻佻,胶器福飘 皋迟 付沫靛 蠼 内肺荐令何
67,4,老惑积劝,"朝揪,咯啊",捞锅 林富俊 殿魂窍绰扒 绢痘嚼聪鳖,瀣 噩瀣蕃 墁攥宅 洮喱喱袁 椰熏猬悻熏 墁熏攥宅熏 宅脂郜悻诂,阂 林付 娘档风 配坷绊 官福荤农 沫促捞 单捞矫令
68,4,老惑积劝,"朝揪,咯啊",捞锅 林富俊绰 浆技夸.,瀣 噩瀣蕃 墁攥宅 铿 熏莠憩憩,阂 林付 娘档风 俊胶 舅福蠢令
69,4,老惑积劝,"朝揪,咯啊",老夸老俊绰 老捞 绝嚼聪促.,ì脂墁戡脂蕃椰 墁 噩瀣蕃瀣 噩喱,力农浆骏厚 捻穿 林公浆 炼农
70,4,老惑积劝,"朝揪,咯啊",粱 歹 俱篮 渴捞 鞘夸茄啊夸 ,ì瀣墁熏熏猬熏 墁诂郜诂 墁脂猬脂墁椰,林墨酒扼农 虐烙 纳泛厚
71,4,老惑积劝,"朝揪,咯啊",林富俊 构且波抗夸,ì瀣蕃 墁攥宅猬 铿蕃攥 墁憩莠熏郜憩 宅脂 噩熏洮熏悻憩,林付 娘档风滴 骏匙 努扼牢 氮 磊鸥胶令
72,4,老惑积劝,"朝揪,咯啊",林富俊 模备甸苞 咯青阑 窍技夸,ì瀣蕃 墁攥宅 宅喱悻洮喱猬瀣瀣 蕃脂攥脂 悻熏瘳墁熏洮墁 椰熏猬憩憩,林付 娘档风 档胶配风穿令 皋迟 荤具谋墨 官福蠢令
73,4,老惑积劝,"朝揪,咯啊",林富俊 OO甫 备版矫难 靛副膊夸,ì瀣蕃 墁 悻诂佻袁 ______ 墁猬悻洮蕃,林付 捻穿 矫令霸_____ 内福家配巩
74,4,老惑积劝,"朝揪,咯啊",林富俊绰 窃膊 背雀俊 啊搁 绢锭夸,ì瀣蕃 墁 楝喱袁瀣 楝诂猬墁 椰熏猬悻熏 墁熏攥宅熏 宅脂郜悻诂,林付 捻穿 檬备 摹福内绊 官福昏 沫促捞 单捞矫令
75,4,老惑积劝,"朝揪,咯啊",模备甸窍绊 绢叼肺 愁矾啊唱夸,ガ喱悻洮喱猬瀣瀣 蕃脂攥脂 墁熏瘳墁 椰熏猬熏悻憩,档胶配风穿令 皋匙 墨具墨 官扼胶令
76,4,老惑积劝,"朝揪,咯啊",茄惫俊辑 啊杭父茄 魂阑 舅妨临霸夸',喱猬脂瘳宅熏袁 椰熏猬悻 椰喱莠 洮瀣猬袁熏 噩熏墁戡 洮喱喱攥 熏郜洮憩 椰脂猬脂,内饭具促弊 官福荤 杭肺 捧福埃 蠼 配坷穿 酒酒频 海方
77,4,老惑积劝,"朝揪,咯啊",券例扁涝聪促.,ì憩 蕃脂佻袁诂莠 熏莠蕃熏戡憩 噩熏洮墁熏 墁脂,榴 皋令辨府 舅付奖 楞沫 纳瘤
78,4,老惑积劝,"熏佻熏, 熏蝇洮喱洮猬熏攥悻岈喱猬 ", 矫郴甫 啊妨搁  00锅 滚胶(瘤窍枚)甫 鸥具钦聪促.,脯脂攥洮猬袁 椰熏猬憩 楝 攥喱蕃脂 00 熏蝇洮喱椰瀣悻墁 (蕃脂洮猬喱袁) 喱洮瀣猬瀣 墁脂猬脂,季飘福霸 官福浆 快冕 畴皋福 00 酒宏配何胶墨(皋飘肺绊) 坷捧风浆 纳饭农
79,4,老惑积劝,"矫厘,背烹",啊傈力前, 洮诂猬诂楝诂莠诂袁诂攥 墁喱莠宅喱攥瀣莠瀣瀣楝 椰瀣瓞蕃宅熏,快困 萍府磨府扁匙 妮歹喘风快眠 何莱促福
80,4,老惑积劝,"矫厘,背烹",芭府俊 蝶扼 滚胶夸陛捞 促辅聪促. ,熏猬 洮瀣猬袁熏 熏猬熏莠憩墁墁 噩熏猬熏戡 熏蝇洮喱椰瀣悻洮瀣 椰熏熏悻 熏 墁熏攥宅熏 椰喱莠喱,官扼 捧福埃 酒饿福墨 磊扼箕 酒宏配何胶坯 官酒胶 酒福 沫促捞 杭吩
81,4,老惑积劝,"矫厘,背烹",芭府俊 蝶扼 瘤窍枚夸陛捞 促辅聪促. ,熏猬 洮瀣猬袁熏 熏猬熏莠憩墁墁 噩熏猬熏戡 蕃脂洮猬喱攥瀣 椰熏熏悻 熏 墁熏攥宅熏 椰喱莠喱,官扼 捧福埃 酒饿福墨 磊扼箕 皋飘肺传 官酒胶 酒福 沫促捞 杭吩
82,4,老惑积劝,"矫厘,背烹",背烹墨靛 面傈篮 しし俊辑 秦夸,ì喱 噩猬 墁熏猬洮喱楝墁熏袁 熏墁楝熏攥 ______ 噩脂猬宅脂 悻熏莠悻 椰喱莠喱,凉 林风快眠 墨福配明墨啊 酒农瞒蠢 ___ 力福掸 混荤 杭吩
83,4,老惑积劝,"矫厘,背烹",扁瞒,爆喱脂佻,器俊令靛
84,4,老惑积劝,"矫厘,背烹",付飘 ,熏袁熏佻诂,付啊柳
85,4,老惑积劝,"矫厘,背烹",归拳痢 ,惮攥诂蝇脂猬蕃熏,快聪海福付弊
86,4,老惑积劝,"矫厘,背烹",滚胶 ,‖蝇洮喱椰瀣,酒宏配何胶
87,4,老惑积劝,"矫厘,背烹",滚胶夸陛篮 しし盔涝聪促. ,ì喱 墁诂猬 ______ 蝇喱,凉 虐饭 ___ 盔
88,4,老惑积劝,"矫厘,背烹",厚皆聪促 ,憩蕃椰熏,怒瑰
89,4,老惑积劝,"矫厘,背烹",厚青扁钎绰 抗概沁绢夸,‖蝇诂 椰诂莠脂洮洮 佻熏墁熏 墁憩莠憩 墁喱郜宅瀣瀣佻椰,酒厚酒 呼房萍 磊墨令 努辅 内捞滴穿令何
90,4,老惑积劝,"矫厘,背烹",矫郴甫 啊妨搁 琶矫甫 鸥具钦聪促.,含熏熏猬袁 椰熏猬憩 楝 洮熏墁悻诂袁 喱洮瀣猬瀣 墁脂猬脂,荤酒福啊 官福浆 快冕 殴矫霸 坷捧风浆 纳泛
91,4,老惑积劝,"矫厘,背烹",矫郴滚胶 ししし锅阑 鸥技夸,含熏熏猬宅 噩猬 攥喱蕃脂 00 熏蝇洮喱椰瀣悻墁 喱洮瀣猬瀣瀣,荤酒福官 林风快眠 畴皋福 00 酒宏配何胶墨 坷捧风穿令
92,4,老惑积劝,"矫厘,背烹",矫厘 ,熏佻熏,官磊福
93,4,老惑积劝,"矫厘,背烹",矫厘篮 しし开俊 乐嚼聪促. ,熏佻熏 攥喱蕃脂 00 悻洮熏攥璎诂瘳宅 椰熏,官磊福 畴皋福 00 胶藕矫具促 官福
94,4,老惑积劝,"矫厘,背烹",侥丰前,船熏蕃熏 熏 洮喱蝇熏猬莠熏猬,鸥阜 酒浆 配官甫扼福
95,4,老惑积劝,"矫厘,背烹",脚侩墨靛,猬脂宅诂洮洮诂 墁熏猬洮喱楝墁,农饭调J 墨福配明墨
96,4,老惑积劝,"矫厘,背烹",脚龋甫 怖 瘤虐技夸,脂莠袁诂莠脂猬宅 悻熏墁洮熏憩,骇辨饭福叼 杜复懒
97,4,老惑积劝,"矫厘,背烹",皆聪促. ,‖猬佻熏,酒福儡
98,4,老惑积劝,"矫厘,背烹",しし开 し锅 免备俊 乐嚼聪促. ,攥喱蕃脂 00 悻洮熏攥璎诂瘳攥憩 攥喱蕃脂 00 楝憩袁憩戡憩攥宅 洮瀣猬熏,畴皋福 00 胶藕胶具绰 畴皋福 00 明弊浆篮促 捧恩
99,4,老惑积劝,"矫厘,背烹",しし开俊辑 し龋急栏肺 哎酒鸥技夸,攥喱蕃脂 00 悻洮熏攥璎诂瘳攥憩 攥喱蕃脂 00 莠诂攥诂瘳悻憩攥 墁熏郜猬 喱洮瀣猬瀣 墁脂莠诂诂,畴皋福 00 胶藕胶具绰 畴皋福 00 府聪具胶鸥 墨捞扼 坷捧缝 奶府聪令
100,4,老惑积劝,"矫厘,背烹",绢叼肺 啊绞聪鳖 ,熏瘳墁 椰熏猬 噩熏洮熏悻憩,墨具墨 官扼 磊鸥胶令
101,4,老惑积劝,"矫厘,背烹",绢痘霸 瘤阂窍矫摆嚼聪鳖 ,熏攥洮诂 洮莠郜悻,沫屏 喷肺捞荐令
102,4,老惑积劝,"矫厘,背烹",咯扁辑 啊鳖款 瘤窍枚开篮 しし 涝聪促,瀣 噩脂猬袁  噩熏墁憩 椰喱莠袁喱 蕃脂洮猬喱攥瀣 悻洮熏攥璎诂瘳悻 椰瀣 ______ ,阂 力福霸 卡 磊奴 杭帮 皋飘肺传 胶藕矫具胶 阂______
103,4,老惑积劝,"矫厘,背烹",坷弗率, 噩熏,克 磊农
104,4,老惑积劝,"矫厘,背烹",哭率,超喱 噩熏,贾 磊农
105,4,老惑积劝,"矫厘,背烹",篮青 ,熏攥,馆农
106,4,老惑积劝,"矫厘,背烹",捞巴篮 しし盔 涝聪促. ,瀣 ______  蝇喱,阂 _____盔
107,4,老惑积劝,"矫厘,背烹",捞巴阑 荤绊 酵嚼聪鳖 ,惮戡瀣攥 悻熏洮憩 熏莠袁憩憩 墁脂莠诂 噩熏洮熏椰,快浆快穿 荤频 舅弊蠢令 奶赋 磊鸥宏
108,4,老惑积劝,"矫厘,背烹",捞镑篮 矫郴客 钢府 冻绢廉 乐绢夸,瀣 噩脂 璎脂攥洮猬宅脂 熏莠憩 噩熏郜袁熏戡墁熏,阂 力福 季飘福掸 舅福胶 磊捞啊浆沫
109,4,老惑积劝,"矫厘,背烹",捞镑捞 锅拳啊涝聪促. ,瀣 噩脂猬宅 墁诂戡诂莠脂 墁 噩猬,阂 力福单 虐蒋饭福 倪 林吩
110,4,老惑积劝,"矫厘,背烹",老惑侩前,攥蕃 墁喱莠宅喱攥瀣莠瀣瀣楝 椰瀣瓞蕃宅熏,捻串捻 妮档喘风眠 何莱促福
111,4,老惑积劝,"矫厘,背烹",磊悼瞒啊 概快 腹嚼聪促.,熏戡诂攥熏莠熏 熏瘳椰熏 墁,付矫朝扼福 酒具官捞 倪
112,4,老惑积劝,"矫厘,背烹",瘤窍枚 ,脂洮猬,皋飘肺
113,4,老惑积劝,"矫厘,背烹",瘤窍枚 0龋急涝聪促.,脂洮猬喱攥瀣 ______  莠诂攥诂瘳悻,皋飘肺传 ______ 府聪具胶
114,4,老惑积劝,"矫厘,背烹",瘤窍枚 呕荐 乐绢夸,脂洮猬喱袁 喱洮瀣猬 熏莠熏悻憩椰,皋飘肺绊 坷捧扼 舅扼铰厚
115,4,老惑积劝,"矫厘,背烹",免硼辟捞 祈府钦聪促.,ì瀣蕃瀣戡墁 墁脂莠诂 墁脂洮诂戡 噩脂诂,林公浆墨 奶赋 纳萍浆聪令 镰老
116,4,老惑积劝,"矫厘,背烹",琶矫 ,船熏墁悻,殴矫
117,4,老惑积劝,"矫厘,背烹",琶矫夸陛篮 厚轿聪鳖 滚胶甫 捞侩窍技夸,船熏墁悻 墁憩蕃椰熏 椰喱莠袁喱攥宅瀣墁洮熏 熏蝇洮喱椰瀣悻墁 喱洮瀣猬瀣瀣,殴矫 怒瑰 杭帮滴农藕 酒宏配何胶墨 坷捧风穿令 
118,4,老惑积劝,"矫厘,背烹",祈狼痢篮 历率俊 乐嚼聪促.,熏袁熏佻诂 洮诂袁 噩熏墁洮 椰熏,付啊柳 萍扁 累鸥 官福
119,4,老惑积劝,"矫厘,背烹",鞘夸茄 拱扒捞 公均涝聪鳖 ,熏郜悻 椰瀣瓞 悻诂佻袁 墁脂猬脂 椰喱莠瀣 噩熏洮熏,墨捞胶 何莱 矫令霸 纳泛 杭缝 磊趴
120,4,老惑积劝,"矫厘,背烹",泅陛 ,熏墁洮熏莠熏 熏墁楝,唱农呕扼捞 酒农磊
121,4,老惑积劝,"矫厘,背烹",雀荤俊辑 啊鳖款 篮青篮 しし篮青涝聪促.,冬诂猬蕃熏袁 噩熏墁憩 椰熏攥 椰瀣 ______ ,乔福付啊 磊奴 规农 阂 ______
122,4,老惑积劝,"矫厘,背烹",染窜焊档甫 扒澄锭绰 脚龋殿阑 肋 焊技夸.,┈脂椰猬熏攥 洮猬 悻蝇脂洮喱娆喱猬宅 噩熏墁戡 墁熏猬熏憩,力宏扼蠢 坷配风档 胶海配器福滴 累浆 墨扼蠢令
123,4,老惑积劝,"矫厘,背烹",绒措迄,惮瓞莠宅瀣 洮脂莠脂娆喱,快啦迪 炮饭迄
124,4,老惑积劝,"矫厘,背烹",OO鳖瘤 滚胶夸陛捞 倔付牢啊夸,______  楝脂郜诂 熏蝇洮喱椰瀣 墁熏攥楝 熏莠熏,___ 眉牢 酒橇配何胶 沫瞒 舅儿
125,4,老惑积劝," 瀣莠瞵洮瀣猬, 瀣猬-熏宅熏洮洮熏",啊练甸俊霸 磊林 楷遏窍技夸,-椰莠佻 洮脂-洮脂 楝熏莠憩 洮瀣猬瀣瀣,快狼 阂肺穿令绊 抛令 抛令 肋辅 捧风穿令
126,4,老惑积劝,"巩拳,包嚼",傍傍厘家俊辑 栋甸搁 救登夸,楷 墁 噩脂猬宅 楝瀣瀣莠宅熏袁熏 椰喱莠椰喱郜,郡 倪 力福单 眠匡促埃 杭焊捞飘
127,4,老惑积劝,"巩拳,包嚼",陛侥扁埃涝聪鳖 ,‖佻憩 喱猬喱佻 瀣椰熏袁憩椰,酒令福 坷肺炼 快官弊宏
128,4,老惑积劝,"巩拳,包嚼",扁刀背,番猬诂悻洮诂熏攥悻洮蝇,儒府胶萍救胶飘焊
129,4,老惑积劝,"巩拳,包嚼",寸脚狼 唱扼俊绰 绢恫 疙例捞 乐嚼聪鳖,超诂佻宅诂 莠墁佻 墁熏攥宅熏 蕃熏郜猬熏蕃宅熏 椰熏,矫令凋 棵内穿令档 沫促捞 付捞恩促福 官福
130,4,老惑积劝,"巩拳,包嚼",疙例俊绰 何葛丛苞 啊练阑 规巩钦聪促.,熏郜猬熏蕃宅 熏洮-铿攥 蕃脂攥脂 -椰莠椰佻 椰熏猬熏椰憩,付捞恩促 酒鸥-俊匙 皋迟 快狼-阂肺穿令绊 官扼宏令
131,4,老惑积劝,"巩拳,包嚼",巩拳利 瞒捞啊 乐阑荐 乐嚼聪促.,熏宅熏攥诂瘳洮憩椰憩佻宅 熏郜猬憩蕃 椰熏 椰喱莠瀣戡 蕃蕃墁,付促聪具飘宏令促 酒捞福付 官福 杭风浆 钩娘
132,4,老惑积劝,"巩拳,包嚼",汲朝,ì熏 噩憩,厘栏 榴
133,4,老惑积劝,"巩拳,包嚼",汲朝俊绰 侗惫阑 冈嚼聪促.,ì熏 噩憩莠宅 洮喱墁墁瀣 噩脂郜椰诂,厘狼 榴促 侗惫 力捞叼令
134,4,老惑积劝,"巩拳,包嚼",剧仿,瀣 墁熏莠脂攥宅熏猬 ,娘 漠坊促福
135,4,老惑积劝,"巩拳,包嚼",绢栋茄 攫绢甫 荤侩窍矫唱夸,熏郜悻 洮诂莠宅 悻郜莠郜悻,墨捞胶 瓶单 荐廓肺捞荐令
136,4,老惑积劝,"巩拳,包嚼",快府绰 阿 唱扼狼 俺牢狼 辆背甫 促 粮吝秦夸.,诂 熏 椰诂 莠墁攥 宅诂攥诂 瀣猬蕃熏洮洮熏郜椰憩,厚令 酒福 厚福 棵内传 叼囱 快福咐鸥捞宏令
137,4,老惑积劝,"巩拳,包嚼",澜仿,‖ 墁熏莠脂攥宅熏猬,酒捞 漠坊促福
138,4,老惑积劝,"巩拳,包嚼",澜仿 8岿 15老篮 眠籍涝聪促.,‖ 墁熏莠脂攥宅熏猬 椰喱瓞攥楝 15 熏蝇袁瀣悻 宫瀣悻喱 蕃熏郜猬熏蕃,酒捞 漠坊促福 焊辣瞒 柯 海疆摹 酒宏备搅 眠籍 付捞扼骨
139,4,老惑积劝,"巩拳,包嚼",捞浇恩背,悻莠熏 宅诂攥 ,捞浇恩
140,4,老惑积劝,"巩拳,包嚼",捞浇恩背档涝聪鳖  ,ガ诂攥诂诂 诂悻莠熏蕃椰,叼醋捞令 捞浇恩宏
141,4,老惑积劝,"巩拳,包嚼",炼惑甸膊 力荤档 瘤忱聪促.,熏郜洮憩 椰喱莠袁喱攥宅喱猬袁 墁瀣猬熏攥宅熏袁 喱墁瀣洮熏椰憩,墨捞飘浆 杭帮档福绊 捻鄂 坷捻鸥宏令
142,4,老惑积劝,"巩拳,包嚼",辆背啊 公均涝聪鳖,ガ诂攥诂诂 铿蕃攥,叼醋捞令 骏匙
143,4,老惑积劝,"巩拳,包嚼",眠籍,宫瀣悻喱,眠籍
144,4,老惑积劝,"巩拳,包嚼",眠籍俊绰 价祈阑 冈嚼聪促.,宫瀣悻喱 蕃熏郜猬熏蕃憩攥宅 悻喱岈脂 噩脂郜椰诂,眠籍 付捞恩篮促 价乞 力捞厚令
145,4,老惑积劝,"巩拳,包嚼",墨喷腐,熏洮喱莠诂,墨喷腐
146,4,老惑积劝,"巩拳,包嚼",茄惫荤恩篮 颊啊遏龙 窍绰 巴阑 饺绢钦聪促.,喱猬脂郜莠脂 墁喱莠 蕃脂攥脂 墁猬悻洮墁攥 噩熏蕃熏 墁猬戡,内饭老饭甫 妮风 皋迟 内福稼能滴 磊父 内风浆均
147,4,老惑积劝,"巩拳,包嚼",茄惫俊 措秦辑 绢恫 积阿阑 啊瘤绊 乐唱夸,喱猬脂 噩攥攥 墁熏攥宅熏 喱郜宅喱悻瀣,内饭具 炼传档 沫促捞 坷捞歹荐令
148,4,老惑积劝,"ガ脂-悻喱喱莠瀣, 喱喱猬瀣墁熏攥 ",119绰 览鞭且锭 傈拳 窍技夸,船脂 噩熏猬宅熏 墁脂猬脂 椰喱莠袁喱攥宅 119 攥喱蕃诂猬诂攥 楝熏莠憩憩,抛令 磊福淬 纳房 杭帮歹 119 畴皋府匙 蔓福蠢令
149,4,老惑积劝,"扒碍,捍盔",啊娇捞 酒橇技夸,墁猬袁 喱喱猬瀣 噩熏洮熏椰,内捻肺泵快令 坷坷风宏 磊鸥宏
150,4,老惑积劝,"扒碍,捍盔",啊厘 啊鳖款 捍盔篮 しし捍盔涝聪促., 噩熏墁憩 椰喱莠瞵攥诂璎 ______ ,卡 磊奴 杭粗荤_____
151,4,老惑积劝,"扒碍,捍盔",皑扁俊 吧啡绢夸,超熏悻憩 洮瀣蕃喱 椰喱莠瀣 喱猬瀣 墁熏莠宅憩憩佻椰,荤 捧赣 杭缝 坷坷缝 漠靛蠢令宏
152,4,老惑积劝,"扒碍,捍盔",皑扁俊 吧府瘤 臼档废 炼缴窍技夸.,超熏悻憩 洮瀣蕃喱 椰喱莠瀣 喱猬瀣 墁熏莠椰熏 楝 熏椰熏郜莠熏憩,荤 捧赣 杭缝 坷坷缝 漠官浆 快冕 酒官老扼蠢令
153,4,老惑积劝,"扒碍,捍盔",俺牢困积阑 枚历洒 秦具 酒橇瘤 臼嚼聪促.,佻佻宅 洮熏佻熏莠憩袁憩憩佻宅 悻熏墁洮熏悻熏憩 喱猬瀣椰熏郜悻憩,坷吝快令敌 鸥肋福弊蠢令靛 荤农鸥惑栏令 坷坷风官捞令
154,4,老惑积劝,"扒碍,捍盔",扒碍八柳,ガ脂 悻喱喱莠瀣墁洮 洮脂墁戡脂猬,掸 家棵疯捧 咆浆俊福捧
155,4,老惑积劝,"扒碍,捍盔",扒碍篮 粱 绢栋技夸,ガ脂 悻喱喱莠瀣袁瀣瀣 墁熏攥宅熏,掸 家匡风备穿令 沫促捞
156,4,老惑积劝,"扒碍,捍盔",扒碍阑 积阿窍技夸,ガ脂 悻喱喱莠瀣袁瀣瀣佻宅 喱郜莠喱瀣,掸 家匡风备穿令滴 坷老肺幢快令
157,4,老惑积劝,"扒碍,捍盔",扒碍捞 公均焊促档 吝夸秦夸,ガ脂 悻喱喱莠瀣 熏瘳椰熏 蕃熏熏攥诂,掸 家匡风农 酒具官捞 付酒匆风
158,4,老惑积劝,"扒碍,捍盔",苞肺涝聪促, 噩瀣蕃瀣 墁憩莠憩 墁喱郜,内宏 林公浆 努辅 内捞蜡
159,4,老惑积劝,"扒碍,捍盔",痹蘑利栏肺 款悼阑 窍技夸,超岈喱猬 蕃脂攥脂 宅熏郜憩 蕃熏戡憩袁憩憩,胶配福飘 皋迟 促烙 付浆扁聪令
160,4,老惑积劝,"扒碍,捍盔",扁魔阑 窍技夸 ,ì洮莠 噩熏洮熏悻憩佻椰,炼喷缝 磊鸥胶令宏
161,4,老惑积劝,"扒碍,捍盔",郴苞,船脂猬熏岈脂蝇,抛扼其宏飘
162,4,老惑积劝,"扒碍,捍盔",促模 何困啊 绢叼技夸,熏郜悻憩 噩脂猬诂诂佻宅 墁喱墁瀣悻洮熏洮憩 熏莠宅憩憩,墨捞浇 力傅捞令叼 内捻胶鸥频 舅靛蠢令
163,4,老惑积劝,"扒碍,捍盔",淬硅甫 腹捞 乔快搁 扒碍俊 秦酚绊  捣阑 葛阑荐 绝嚼聪促.,船熏蕃脂墁 楝脂墁墁脂 宅脂 悻喱喱莠瀣墁墁 佻憩瘳 噩熏攥 宅熏袁 熏墁楝 楝喱袁瀣莠洮 熏莠椰熏郜悻憩,鸥皋虐 眉乃 捣 家棵风墨 令踞 磊唱 促弊 诼 檬奔鸥 舅官捞胶令
164,4,老惑积劝,"扒碍,捍盔",寸脚阑 捍盔俊 单妨啊摆嚼聪促. ,超诂佻宅 椰喱莠瞵攥诂璎熏袁 熏莠憩 椰熏猬熏,矫令叼 国粗荤啊 舅辅 官恩
165,4,老惑积劝,"扒碍,捍盔",殿捞 酒橇技夸,脂莠诂诂 喱喱猬瀣 噩熏洮熏椰,骇府聪令 坷坷缝 磊鸥宏
166,4,老惑积劝,"扒碍,捍盔",赣府啊  酒橇技夸,熏戡憩憩 喱喱猬瀣 噩熏洮熏椰,官浆聪令 坷坷缝 磊鸥宏
167,4,老惑积劝,"扒碍,捍盔",赣府啊 酒敲锭绰 滴烹距阑 冈绢夸,熏 喱喱猬瀣袁熏攥宅 椰熏 喱喱猬瀣攥瀣 宅熏猬憩悻憩 诂楝诂 墁脂猬脂,官浆 坷风埃促 官浆 坷坷风传 促福郊 捞摹浆 纳泛
168,4,老惑积劝,"扒碍,捍盔",格捞 何菌唱夸,船熏蕃熏袁憩憩 戡诂戡诂 墁熏莠袁熏攥椰,鸥付弊蠢令 矫绞 漠埃宏
169,4,老惑积劝,"扒碍,捍盔",个混俊 吧啡唱夸 ,ガ脂攥脂诂 楝熏猬楝熏 噩熏洮熏椰,单尺捞令 瞒福慢 磊鸥宏
170,4,老惑积劝,"扒碍,捍盔",公腑捞 酒橇技夸,船诂佻脂诂 喱喱猬瀣 噩熏洮熏椰,萍镰捞令 坷坷缝 磊鸥宏
171,4,老惑积劝,"扒碍,捍盔",公府窍瘤 付技夸,‖瘳椰熏 诂戡洮脂椰脂诂,酒具官捞 捞浆呸捞令
172,4,老惑积劝,"扒碍,捍盔",惯啊遏捞 酒橇技夸 ,瀣洮瀣瀣佻宅瀣 椰熏猬蕃熏袁 喱喱猬瀣 噩熏洮熏椰,何劈快令敌 官福付弊 坷坷缝 磊鸥宏
173,4,老惑积劝,"扒碍,捍盔",惯捞 酒橇技夸,瀣洮瀣瀣 喱喱猬瀣 噩熏洮熏椰,何劈快令 坷缝 磊鸥宏
174,4,老惑积劝,"扒碍,捍盔",广俊 酒敲锭绰 000肺 楷遏窍技夸,船攥 喱喱猬瀣悻 00 攥喱蕃脂猬袁 楝熏莠憩憩,坯歹 坷风荤 00 畴皋福霸 蔓釜栏令
175,4,老惑积劝,"扒碍,捍盔",硅啊  酒橇技夸,楝诂诂 喱喱猬瀣 噩熏洮熏椰,捞莫捞令 坷缝 磊鸥宏
176,4,老惑积劝,"扒碍,捍盔",捍盔俊 啊具 且 矫埃涝聪促.,喱莠瞵攥诂璎熏袁 椰熏猬 洮瀣猬袁熏 瀣椰熏墁憩 椰喱莠瀣 墁熏莠宅,国粗荤啊 官扼 捧福埃 快官 杭缝 漠靛
177,4,老惑积劝,"扒碍,捍盔",捍盔俊 鞍捞啊辑 摹丰秦 靛副膊夸,喱莠瞵攥诂璎熏袁 楝喱袁瀣 椰熏猬憩 宅熏猬憩莠熏 椰脂猬脂,杭粗荤啊 檬备 官辅 促甫而 海方
178,4,老惑积劝,"扒碍,捍盔",厚惑距篮 荤公角俊 乐嚼聪促.,船脂 墁脂猬脂 椰喱莠袁喱 宅熏猬 喱娆诂悻洮 椰熏,抛令 纳泛 杭帮 促福 坷乔胶抛 官福
179,4,老惑积劝,"扒碍,捍盔",魂何牢苞,が诂攥脂墁喱莠喱袁诂,扁匙妮矾扁具
180,4,老惑积劝,"扒碍,捍盔",家拳啊  救登技夸,船熏蕃熏袁憩憩 熏 椰喱莠椰喱 噩熏洮熏椰,鸥付弊蠢令 酒浆 杭焊捞 磊鸥宏
181,4,老惑积劝,"扒碍,捍盔",颊啊遏捞 酒橇技夸,喱莠瀣瀣佻宅瀣 椰熏猬蕃熏袁 喱喱猬瀣 噩熏洮熏椰,妮奉快令敌 官福付弊 坷缝 磊鸥宏
182,4,老惑积劝,"扒碍,捍盔",颊格阑 贿菌唱夸,喱莠瀣瀣佻宅 楝憩袁熏猬憩 熏莠宅憩憩佻椰,妮奉快令滴 明啊辅 舅靛蠢令宏
183,4,老惑积劝,"扒碍,捍盔",颊格捞 酒橇技夸,喱莠瀣瀣 喱喱猬瀣 噩熏洮熏椰,妮奉快令 坷缝 磊鸥宏
184,4,老惑积劝,"扒碍,捍盔",颊阑 柄昌捞 灸栏技夸,喱莠瀣瀣佻宅 洮熏佻 噩瀣瀣瀣,妮奉快令滴 鸥磊 林旷快令
185,4,老惑积劝,"扒碍,捍盔",荐贱 悼狼辑啊 鞘夸钦聪促.,艾岈脂猬熏璎诂瘳袁 蕃熏墁瀣莠宅瀣瀣莠瀣袁瀣瀣 墁脂猬脂,坷其儿矫具啊 付酿滴备穿令 纳泛
186,4,老惑积劝,"扒碍,捍盔",荐贱阑 秦具且巴 鞍酒夸,艾岈脂猬熏璎诂 墁憩莠憩 墁脂猬脂 喱墁戡喱郜,坷其儿矫具 努福浆 纳泛 坷农家困飘
187,4,老惑积劝,"扒碍,捍盔",贱阑 腹捞 冈栏搁 扒碍俊 秦酚嚼聪促.,‖猬熏 墁 诂楝悻脂诂 宅脂 悻喱喱莠瀣袁瀣瀣佻袁 佻憩瘳,酒扼农 倪 捞摹技聪令 掸 家棵风备穿令啊 令踞
188,4,老惑积劝,"扒碍,捍盔",脚辆敲风甫 炼缴窍技夸,超蝇诂攥攥喱 袁猬诂岈岈洮 熏椰熏郜莠熏憩,胶后呈捞 弊赋萍 酒官老尔栏令
189,4,老惑积劝,"扒碍,捍盔",酒橇搁 包府磊俊霸 馆靛矫 捞具扁 窍技夸,艾喱猬瀣悻熏憩 蕃脂攥脂宅噩脂猬袁 熏郜洮憩憩,坷风惑栏令 皋匙靛力福霸 酒捞飘蠢令
190,4,老惑积劝,"扒碍,捍盔",酒橇搁 捍盔俊 啊技夸,艾喱猬瀣悻熏憩 椰喱莠瞵攥诂璎熏袁 椰熏猬憩憩,坷风惑栏令 杭粗荤啊 官福蠢令
191,4,老惑积劝,"扒碍,捍盔",救苞,艾娆洮熏莠瞵蕃喱莠喱袁诂,坷橇呕隔肺扁具
192,4,老惑积劝,"扒碍,捍盔",距 靛技夸,ガ熏猬 诂楝诂诂,促福 捞隆捞令
193,4,老惑积劝,"扒碍,捍盔",距篮 矫埃俊 嘎眠绢  汗侩秦具 弧府 炒嚼聪促.,ガ熏猬憩攥 瀣椰熏袁憩攥宅 诂楝悻脂诂 洮脂 悻熏墁熏瘳悻憩 ,促福蠢 快官辟促 捞明寄捞令 抛令 荤墨具胶令
194,4,老惑积劝,"扒碍,捍盔",距篮 侥荤饶 30盒俊  拱苞 窃膊 怖 靛技夸,ガ熏猬憩攥 洮熏蕃熏墁洮熏 墁诂郜诂 30 蕃诂攥瀣洮 洮墁攥宅 墁诂郜诂 悻瀣 蕃脂攥脂 楝喱袁瀣 诂楝诂诂 ,促福蠢 鸥阜藕 虐牢 30 固穿鸥 渴牧带 虐牢 荐 皋迟 檬备 快莫捞令
195,4,老惑积劝,"扒碍,捍盔",距篮 距惫俊辑 荤具秦夸,ガ熏猬憩攥 熏岈洮脂墁熏宅熏 悻熏洮憩 熏莠憩 墁脂猬脂,促福蠢 酒橇抛墨窜 荤频 舅福浆 纳泛
196,4,老惑积劝,"扒碍,捍盔",绢柄啊 酒橇技夸,郜诂攥诂诂 喱喱猬瀣 噩熏洮熏椰,捞捞醋捞令 坷坷缝 磊鸥宏
197,4,老惑积劝,"扒碍,捍盔",绢叼啊 酒桥聪鳖,熏郜悻憩 噩脂猬诂诂 喱喱猬瀣 噩熏洮熏,墨捞浇 力傅捞令 坷缝 磊趴
198,4,老惑积劝,"扒碍,捍盔",倔奔捞 芒归秦 焊捞匙夸,脂椰脂洮脂诂 噩熏墁戡 铿蕃脂,纳海呸捞令 蠼 俊皋胶 
199,4,老惑积劝,"扒碍,捍盔",凯捞 乐唱夸,船脂蕃岈瀣猬熏洮瀣猬熏憩 椰熏猬椰,袍其扼捧尔栏令 官福宏
200,4,老惑积劝,"扒碍,捍盔",凯捞唱搁 谦 浆绢具 秦夸.,船脂蕃岈瀣猬熏洮瀣猬熏憩 椰熏 椰喱莠悻 铿 熏莠憩戡憩憩 墁脂猬脂,袍其扼捧尔栏令 官福 杭辑 俊胶 舅福匠捞令 纳泛
201,4,老惑积劝,"扒碍,捍盔",抗规立辆阑 窍技夸.,艾喱猬瀣椰熏 楝 熏莠宅憩 熏莠 蝇熏墁璎诂攥 熏莠憩 墁脂猬脂,坷风官浆 快冕 舅电 舅扼 冠矫唱 舅福浆 纳泛
202,4,老惑积劝,"扒碍,捍盔",坷疵何磐 涝盔窍寂具 钦聪促.,袁攥宅 椰熏戡洮熏 椰喱莠瞵攥诂璎熏袁 噩熏洮憩戡憩憩 墁脂猬脂 ,何焙带 官浆啪 国粗荤啊 磊飘浆蠢匠捞令 纳泛
203,4,老惑积劝,"扒碍,捍盔",坷疵何磐 烹盔摹丰甫 罐酒具 钦聪促.,袁攥宅 椰熏戡洮熏 喱椰氍诂 宅熏猬憩莠熏攥憩戡憩憩 墁脂猬脂 ,何焙带 官浆啪 坷宏浆捞 促甫扼蠢匠捞令 纳泛
204,4,老惑积劝,"扒碍,捍盔",寇苞,番诂猬瀣猬袁诂,洒风福扁具
205,4,老惑积劝,"扒碍,捍盔",澜林甫 临咯林技夸,‖猬熏墁洮 熏佻熏郜洮憩憩,酒扼农飘 酒磊捞v栏令
206,4,老惑积劝,"扒碍,捍盔",狼丰焊氰俊 啊涝窍看栏聪 捍盔俊 啊歹扼档 摹丰厚啊 利霸 唱可聪促,脂宅悻洮猬熏绗喱蝇墁 墁憩莠袁熏 楝 椰喱莠瞵攥诂璎熏袁 椰熏猬悻熏憩 宅 熏墁楝 熏 楝憩袁熏,皋靛 胶飘扼龋宏墨 臂埃 快冕 杭粗荤啊 官福惑栏令 促 酒农瞒 酒令 明矮
207,4,老惑积劝,"扒碍,捍盔",捞 拌谅肺 涝陛秦林技夸,惮戡瀣 悻楝脂洮墁 悻熏莠憩 墁喱瓞瀣,快贱 浆砍内 混辅 内蓝快令
208,4,老惑积劝,"扒碍,捍盔",捞 捍篮 傈堪捞 登聪 炼缴窍技夸,瀣 喱喱猬 诂攥娆脂墁璎诂 椰喱莠袁喱攥宅瀣墁洮熏 熏椰熏郜莠熏憩,阂 坷坷风 牢棋矫具 杭帮滴农藕 酒官老尔栏令
209,4,老惑积劝,"扒碍,捍盔",捞 距篮 伙老盒涝聪促.,瀣 宅熏猬 瀣 墁瀣攥宅瀣 宅熏猬,阂 促福 快明 娘b 促福
210,4,老惑积劝,"扒碍,捍盔",捞镑俊 轿牢阑 秦林技夸,瀣 噩脂猬袁 墁喱 墁喱瓞 椰脂猬诂诂,阂 力福霸 妮 内来 海傅捞令
211,4,老惑积劝,"扒碍,捍盔",捞厚牢饶苞,艾,肺福
212,4,老惑积劝,"扒碍,捍盔",烙脚沁唱夸,喱瓞宅熏悻憩憩佻椰,焊蜡穿林促 官福宏
213,4,老惑积劝,"扒碍,捍盔",泪矫父 啊父洒 乐栏技夸,诂 熏 墁 洮瀣猬瀣瀣,厚福 酒令 捻配 捧风穿林
214,4,老惑积劝,"扒碍,捍盔",泪矫父 见阑 曼酒林技夸,诂 熏 宅脂 熏莠椰熏 洮瀣猬瀣瀣,厚福 酒令 旦 舅官捞 捧风穿林
215,4,老惑积劝,"扒碍,捍盔",泪肋锭绰 怖 灸栏技夸,ì熏洮熏熏猬宅 悻佻悻 噩瀣椰瀣攥瀣瀣,磊鸥福促 家荐林 林快穿令
216,4,老惑积劝,"扒碍,捍盔",厘局啊 乐嚼聪鳖,攥蝇熏莠诂宅攥喱悻洮 椰熏猬椰,牢惯畴胶飘 官福宏
217,4,老惑积劝,"扒碍,捍盔",炼陛 酒敲荐 乐嚼聪促.,诂 熏 喱喱猬瀣戡 蕃蕃墁,厚福 酒令 坷风浆 钩娘
218,4,老惑积劝,"扒碍,捍盔",辆酒府啊 酒橇技夸,含憩郜猬熏袁憩憩 喱喱猬瀣 噩熏洮熏椰,浆捞福弊蠢令 坷缝 磊鸥宏
219,4,老惑积劝,"扒碍,捍盔",辆钦八荤甫 罐扁甫 鼻蜡钦聪促.,ガ脂 悻喱喱莠瀣袁瀣瀣佻宅 噩熏莠岈 洮脂墁戡脂猬洮诂诂,掸 贾风备穿林滴 肋橇 咆技福萍聪令
220,4,老惑积劝,"扒碍,捍盔",辆钦捍盔,爆喱莠诂墁莠诂攥诂墁,杭腐府聪墨
221,4,老惑积劝,"扒碍,捍盔",牧叼记篮 绢栋技夸,‖椰熏莠憩憩 墁熏攥宅熏,酒惯福蠢令 沫促捞
222,4,老惑积劝,"扒碍,捍盔",泥拱捞 儒福唱夸 ,瀣猬宅瀣瀣佻宅熏 楝诂蕃墁诂猬诂 熏袁憩 噩熏洮熏椰,公风滴穿林窜 魔虐腐 酒鞭 磊鸥宏
223,4,老惑积劝,"扒碍,捍盔",迫捞 酒橇技夸 ,喱莠瀣瀣 喱喱猬瀣 噩熏洮熏椰,妮风穿林 坷缝 磊鸥宏
224,4,老惑积劝,"扒碍,捍盔",乞家 瘤捍捞 乐唱夸,艾喱猬瀣袁熏 噩脂猬诂攥诂 椰熏猬椰,坷风埃 力府聪令 官福宏
225,4,老惑积劝,"扒碍,捍盔",谦 林公继唱夸,ì熏墁戡 瀣墁洮熏宅憩憩佻椰,累浆 宽鸥靛蠢令宏
226,4,老惑积劝,"扒碍,捍盔",乔帮窍绞聪鳖,宫熏猬楝熏宅憩憩佻椰,瞒福瞒靛蠢令宏
227,4,老惑积劝,"扒碍,捍盔",亲惑 扒碍俊 炼缴窍技夸,ガ脂 悻喱喱莠瀣袁瀣瀣佻袁 熏 宅熏郜憩 墁 椰瀣猬瀣瀣,掸 贾风备穿令啊 酒福 促烙 内喘 何风穿林
228,4,老惑积劝,"扒碍,捍盔",倾府啊 酒橇技夸,脂莠诂诂 喱喱猬瀣 噩熏洮熏椰,骇府聪令 坷缝 磊鸥宏
229,4,老惑积劝,"扒碍,捍盔",倾棍瘤啊 酒橇技夸,超熏攥憩憩 喱喱猬瀣 噩熏洮熏椰,荤蠢蠢令 坷缝 磊鸥宏
230,4,老惑积劝,"扒碍,捍盔",绒侥捞 鞘夸钦聪促.,楷 熏莠憩戡憩憩 墁脂猬脂,俊胶 舅福浆蠢令 纳泛
231,4,老惑积劝," 船熏蕃熏-熏, 洮熏蕃熏墁洮熏攥瀣 蕃熏宅熏攥诂瘳洮 ",拌鄂,ì瀣蕃瀣猬洮墁,林公福飘墨
232,4,老惑积劝,"澜侥,侥积劝",榜绊风 靛技夸.,熏猬宅憩袁憩攥熏 宅熏熏 洮熏洮憩憩,官福靛弊抄 促鞠 鸥飘蠢令
233,4,老惑积劝,"澜侥,侥积劝",苞老阑 靛绞矫夸,ì脂 噩脂蕃诂 噩脂诂,力福 力固浆 力聪胶
234,4,老惑积劝,"澜侥,侥积劝",苞老阑 亮酒窍绞聪鳖,ì脂 噩脂蕃诂 噩熏墁戡 墁猬悻佻,力福 力固浆 累浆 内肺荐林何
235,4,老惑积劝,"澜侥,侥积劝",惫阑 靛矫摆嚼聪鳖,含喱猬岈 诂楝脂悻诂佻椰,家福器 捞眉矫矫厚
236,4,老惑积劝,"澜侥,侥积劝",辫摹 冈阑 荐 乐绢夸,诂蕃楝 噩脂 熏莠熏悻憩佻椰,辫摹 力捞 舅扼胶令宏
237,4,老惑积劝,"澜侥,侥积劝",崔促,船熏洮洮瀣,鸥捧快
238,4,老惑积劝,"澜侥,侥积劝",寸脚篮 公郊 澜侥阑 亮酒窍绞聪鳖,超诂 墁熏郜悻 洮熏蕃熏墁洮 噩熏墁戡 墁猬悻,矫令 墨捞胶 鸥阜飘 累浆 内肺荐林
239,4,老惑积劝,"澜侥,侥积劝",蹬瘤绊扁 冈嚼聪鳖,宫喱楝墁喱攥瀣 铿洮诂 噩脂郜悻诂佻椰,檬檬内传 俊凭 力捞矫矫厚
240,4,老惑积劝,"澜侥,侥积劝",扼搁阑 亮酒窍技夸,铂熏蕃脂 噩熏墁戡 墁猬悻佻,扼搁 累浆 内肺林荐何
241,4,老惑积劝,"澜侥,侥积劝",阜吧府,熏墁墁喱莠,阜吧府
242,4,老惑积劝,"澜侥,侥积劝",腹捞 靛技夸, 噩脂诂,倪 力聪胶
243,4,老惑积劝,"澜侥,侥积劝",概款巴档 肋 冈阑 荐 乐绢夸,‖楝瀣 洮熏蕃熏墁洮 宅熏袁 噩脂 熏莠熏悻憩佻椰,酒眠 鸥阜飘 促弊 力捞 舅扼胶令宏
244,4,老惑积劝,"澜侥,侥积劝",钙林 茄儡 且鳖夸,爆诂蝇 诂楝悻脂墁椰,乔焊 捞秒冀厚
245,4,老惑积劝,"澜侥,侥积劝",甘促,‖楝瀣,酒眠
246,4,老惑积劝,"澜侥,侥积劝",冈绊 酵篮霸 乐栏搁 富靖窍技夸.,ì脂袁诂诂 墁脂莠袁脂 洮熏蕃熏墁洮 熏郜洮憩憩,力扁聪令 奶罢 鸥阜飘 酒捞飘蠢令
247,4,老惑积劝,"澜侥,侥积劝",公均捞 冈绊 酵嚼聪鳖 ,楷蕃攥 噩脂袁诂诂 墁脂莠脂,浚匙 力扁聪令 奶房 
248,4,老惑积劝,"澜侥,侥积劝",拱 靛技夸 ,超瀣 诂楝诂诂,荐 捞摹聪令
249,4,老惑积劝,"澜侥,侥积劝",逛 腹捞 冈菌绢夸,ì熏墁戡憩莠熏 洮熏蕃熏墁洮熏攥宅憩憩佻椰,磊U而 鸥阜藕靛蠢令宏
250,4,老惑积劝,"澜侥,侥积劝",硅啊 绊橇脚啊夸,瀣猬悻熏袁憩憩 熏楝洮憩椰,捻风荤弊蠢令 酒明飘宏
251,4,老惑积劝,"澜侥,侥积劝",家林甫 亮酒窍技夸,超喱宅噩 噩熏墁戡 墁猬悻佻,家林 累浆 内肺荐荐何
252,4,老惑积劝,"澜侥,侥积劝",艰绊扁 冈嚼聪鳖,惮郜宅瀣 铿洮诂 噩脂郜悻诂佻椰,快捞敌 俊凭 力捞矫胶厚
253,4,老惑积劝,"澜侥,侥积劝",荐历啊 咯扁俊 乐嚼聪促.,"熏戡憩, 蝇诂莠墁 椰瀣 噩脂猬宅","墨江, 呼墨 阂 力福单"
254,4,老惑积劝,"澜侥,侥积劝",侥荤 饶 汲芭瘤甫 柄昌窍霸 秦林技夸,船熏蕃熏墁洮熏 墁诂郜诂 诂宅诂戡洮脂猬宅 洮熏佻 噩瀣瀣 墁喱瓞瀣佻宅熏,鸥阜藕 扁牢 捞叼浆抛福叼 鸥磊 林矿 内蜡穿林促福 
255,4,老惑积劝,"澜侥,侥积劝",侥荤绰 力措肺 秦 冈绊 乐唱夸,船熏蕃熏墁洮 噩熏悻熏 噩脂 噩熏洮熏悻憩熏猬椰,鸥阜飘 磊火 莲 磊鸥胶唱福宏
256,4,老惑积劝,"澜侥,侥积劝",侥荤甫 芭福瘤 臼档废 窍技夸,船熏蕃熏墁洮 洮熏攥宅熏椰熏 噩脂袁脂攥袁 熏猬熏墁脂 墁憩莠憩憩佻宅熏,鸥阜飘 藕促官捞 力罢霸 酒饭百 撇福蠢令促福 
257,4,老惑积劝,"澜侥,侥积劝",侥荤甫 歹 窍绊 酵篮 盒篮 富靖窍技夸 ,诂 宅熏袁 洮熏蕃熏 噩脂袁诂悻 墁脂莠悻 熏郜洮悻憩,辫 促弊 鸥阜 力扁矫 奶技 酒捞飘郊
258,4,老惑积劝,"澜侥,侥积劝",教疤促,船瀣佻 噩喱,捧林 练
259,4,老惑积劝,"澜侥,侥积劝",静促,‖楝瀣,酒眠
260,4,老惑积劝,"澜侥,侥积劝",酒林 肋 冈菌嚼聪促.,ì熏墁戡 洮熏蕃熏墁洮熏攥宅憩,累浆 鸥阜藕惦 
261,4,老惑积劝,"澜侥,侥积劝",酒魔 侥荤 窍继嚼聪鳖,楷猬洮脂蕃脂攥墁 洮熏蕃熏袁憩憩佻宅 噩脂宅诂诂佻椰,俊福呸皋迟虐 鸥付弊蠢令靛 力叼聪瘤厚
262,4,老惑积劝,"澜侥,侥积劝",剧捞 何练钦聪鳖 ,船熏蕃熏 熏 铿蕃脂悻椰,鸥阜 酒胶 俊皋胶厚
263,4,老惑积劝,"澜侥,侥积劝",绢恫 馆蛮阑 亮酒窍绞聪鳖,熏郜悻 悻熏莠熏洮洮 噩熏墁戡 墁猬悻,墨捞浇 混扼飘 累浆 内肺荐林
264,4,老惑积劝,"澜侥,侥积劝",绢恫 夸府甫 肋窍矫唱夸 ,熏郜悻 洮熏蕃熏墁洮 噩熏墁戡 噩熏悻熏郜悻憩,墨捞浇 鸥阜飘 累浆 磊荤捞胶唱福
265,4,老惑积劝,"澜侥,侥积劝",咯矾盒 胶胶肺 澜侥阑 秦靛绞矫坷. ,佻佻宅 洮熏蕃熏 噩熏悻熏 噩脂诂佻宅脂,坷林穿林档风  鸥阜 磊火 力聪胶单府
266,4,老惑积劝,"澜侥,侥积劝",坷疵 馆蛮篮 ~~ 涝聪促.,袁攥 悻熏莠熏 椰瀣 ______,何焙捻 混儿 阂____
267,4,老惑积劝,"澜侥,侥积劝",夸府且临 酒矫唱夸 ,超诂 洮熏蕃熏 噩熏悻熏袁熏攥宅 椰诂莠脂悻诂佻椰,矫令 鸥阜 磊荤埃靛 呼饭矫矫厚
268,4,老惑积劝,"澜侥,侥积劝",快府 坷疵 历翅 寇侥窍绰霸 绢锭夸,诂 椰袁 铿戡诂墁洮脂 洮熏蕃熏墁洮熏攥悻熏 墁熏攥宅熏 宅脂郜悻诂,厚胶 何焙 俊侥刨 鸥阜藕昏 沫促捞 单捞矫令
269,4,老惑积劝,"澜侥,侥积劝",澜侥阑 巢扁搁 救邓聪促. ,船熏蕃熏墁洮 墁熏莠洮憩猬袁熏 椰喱莠椰喱郜,鸥阜飘 漠飘福埃 杭焊勒
270,4,老惑积劝,"澜侥,侥积劝",捞 澜侥捞 个俊 亮酒夸,瀣 洮熏蕃熏 宅脂 悻喱喱莠瀣墁墁 噩熏墁戡,阂 鸥阜 掸贾风墨 累浆 
271,4,老惑积劝,"澜侥,侥积劝",傈烹澜侥涝聪促.,瀣 椰诂佻宅诂 悻熏莠洮洮瀣 洮熏蕃熏袁憩椰憩,阂 厚瘤凋 混捧 鸥付弊宏令 
272,4,老惑积劝,"澜侥,侥积劝",痢缴 鞍捞 冈绢夸.,船戡 洮熏蕃熏墁洮 楝喱袁瀣 诂楝脂莠,捧浆捻 鸥阜飘 檬备 捞每府 
273,4,老惑积劝,"澜侥,侥积劝",力啊 咐乐绰芭 秦靛副膊夸.,脂 悻诂佻袁 宅熏熏蕃宅瀣 洮熏蕃熏 噩熏悻熏 椰脂猬脂,膏 矫令霸 泪滴 鸥阜 磊火 海方
274,4,老惑积劝,"澜侥,侥积劝",亮酒窍绰 澜侥捞 乐绢夸,ì熏墁戡 墁猬袁 洮熏蕃熏袁憩憩 椰熏猬椰,累浆 内风帮 鸥付弊蠢令 官福宏
275,4,老惑积劝,"澜侥,侥积劝",楼促,船瀣佻宅瀣,捧林滴 
276,4,老惑积劝,"澜侥,侥积劝",茄惫 澜侥 吝 亮酒窍绰 巴捞 乐嚼聪鳖 ,喱猬脂 洮熏蕃熏墁洮熏猬憩攥憩 诂楝诂攥脂 噩熏墁戡 墁猬袁 洮熏蕃熏袁憩憩 椰熏猬椰,墨饭捞 鸥阜鸥福绰 捞摹迟 累浆 内风帮 鸥付弊蠢令 官福宏
277,4,老惑积劝,"熏攥, 熏墁楝 墁喱洮喱猬瀣 ",啊鳖款 篮青 烹厘栏肺 货肺 父奠矫促.,ì熏墁憩攥墁 椰熏攥墁洮熏 悻诂佻袁 悻楝脂 熏楝洮憩猬熏莠憩,磊奴农 馆农藕 矫令霸 j 酒明飘饿袱
278,4,老惑积劝,"篮青,价陛",鞍捞 篮青俊 癌矫促.,宫喱袁瀣 椰熏攥墁墁 椰熏猬熏莠憩,檬备 馆墨 官饿袱
279,4,老惑积劝,"篮青,价陛",背腊厘俊辑 父电 烹厘捞 乐栏搁 历俊霸 焊咯林技夸.,艾墁瀣瀣洮 璎脂攥洮猬诂攥脂 噩熏悻熏袁熏 悻楝脂洮瀣瀣 椰熏 椰喱莠悻 蕃熏袁 墁猬悻洮,坷捻捧 季飘府迟 磊荤埃 剪快穿林 官福 杭家 付啊 内风家捧穿林
280,4,老惑积劝,"篮青,价陛",促弗 寇惫牢辟肺磊俊霸 价陛阑 何殴窍瘤 付技夸 ,熏戡墁 楝脂 莠墁莠 噩瀣蕃瀣戡楝瀣宅熏 熏墁楝 墁喱洮喱猬瀣瀣悻瀣 悻瀣猬熏攥椰熏憩,官浆墨 寐 棵妮疯 林公浆眠窜 厩瞒 内配风鉴 荐鄂官蠢令
281,4,老惑积劝,"篮青,价陛",档冠厘 免涝窍搁 岿鞭 窍风俊 促 朝赋聪促. ,瀣蕃熏 喱郜攥喱喱楝 噩脂猬袁 墁诂猬悻脂攥脂 椰诂 熏郜莠憩 熏郜莠憩墁洮 椰诂 墁瀣攥宅 噩喱 墁憩莠熏悻憩攥熏 ,捻付福 坷捞畴眠 力福霸 虐福技聪令 厚福 酒老袱 酒老袱飘 厚福 娘档 练 努扼胶唱福 
282,4,老惑积劝,"篮青,价陛",捣阑 扯厚窍瘤 付绞矫坷. ,‖墁楝熏攥 熏 墁熏攥宅熏 墁喱莠宅喱攥 椰脂猬椰脂诂,厩瞒蠢 酒福 沫促捞 妮档畴 海府海聪瘤
283,4,老惑积劝,"篮青,价陛",捣阑 傈何 夯惫栏肺 价陛窍瘤 付技夸 ,‖墁楝熏憩佻宅憩 椰熏熏猬憩 佻佻宅 莠墁佻 噩诂椰脂猬椰脂诂,舅瞒蠢令电 官弗 坷林穿林敌 棵内穿林绊 瘤海府海聪瘤
284,4,老惑积劝,"篮青,价陛",捣阑 沏沏 静瘤 付技夸,‖墁楝熏攥憩 椰熏熏猬憩 噩喱 墁憩莠椰熏憩,厩瞒绰 官弗 练 努官蠢令 
285,4,老惑积劝,"篮青,价陛","夯惫俊 价陛窍妨搁 篮青内靛, 罐绰 荤恩 棺 林家甫 沥犬洒 舅妨林寂具 钦聪促.","佻佻宅 莠墁佻 熏墁楝 墁喱洮喱猬瀣 楝 椰熏攥墁洮憩 墁喱宅瀣, 熏宅猬脂悻诂 洮熏 熏郜洮憩戡憩憩 墁脂猬脂","坷林穿林敌 棵内穿林绊 厩瞒 内配风浆 快冕 馆农瓢 内敌, 酒靛饭脚 殴 酒捞飘么懒 纳泛 "
286,4,老惑积劝,"篮青,价陛",夯牢 积劝厚甫 绊妨秦辑 价陛窍技夸.,佻佻 墁脂洮 洮瀣猬袁熏 熏墁楝熏攥 铿悻脂岈洮脂 熏莠憩 墁熏莠袁熏攥憩 佻佻宅 莠墁佻 墁喱洮喱猬瀣瀣,坷林穿林绊 纳抛 滴福埃 厩瞒蠢 俊剂跑 舅辅 漠啊绰 坷林穿林敌 棵内穿林绊 内配风穿林
287,4,老惑积劝,"篮青,价陛",厚剐锅龋绰 公均涝聪鳖,爆熏猬喱莠 墁熏攥宅熏,官费幅 官福宏
288,4,老惑积劝,"篮青,价陛",价陛 荐荐丰啊 しし盔 涝聪促. ,‖墁楝熏攥 墁喱洮喱猬袁喱 楝 墁喱蕃诂悻悻诂喱攥憩 00 蝇喱 熏莠憩攥熏,厩瞒蠢 内檬福帮 快冕 内固矫柯蠢捞 00 盔 舅福炒
289,4,老惑积劝,"篮青,价陛",价陛荐荐丰啊 厚轿夸,喱蕃诂悻悻诂喱攥攥憩 墁憩蕃椰熏 铿墁脂,墨固矫柯蠢捞 怒瑰 俊南
290,4,老惑积劝,"篮青,价陛",荐荐丰绰 しし 涝聪促.,喱蕃诂悻悻诂喱攥攥憩 00 蝇喱,墨固矫柯蠢捞 000 盔.
291,4,老惑积劝,"篮青,价陛",倔付甫 价陛且芭抗夸 ,熏攥楝 墁喱洮喱猬喱悻瀣,沫瞒 内配肺荐林
292,4,老惑积劝,"篮青,价陛",凯缴洒 塞甸霸 老秦辑 锅 捣 蓖窍霸 静技夸. ,憩郜攥熏莠憩 诂戡洮脂 洮熏岈墁熏 熏墁楝熏憩佻宅 熏墁憩 铿悻诂诂 蕃脂攥脂 墁喱莠宅喱攥瀣瀣,农捞朝辅 捞浆跑 啪沫 酒农瞒蠢令靛 酒努 俊矫聪瘤 皋匙 妮档穿穿林
293,4,老惑积劝,"篮青,价陛",岿鞭 夯惫 价陛阑 荤厘丛捞 措脚秦 林矫辨 盔窍技夸,‖郜莠憩袁憩憩佻宅 宅诂猬脂墁洮喱 悻诂佻宅诂 莠墁佻 墁喱洮喱猬瀣 椰脂猬诂戡诂诂佻宅 墁熏熏莠熏郜悻憩佻椰,酒老福弊蠢令靛 叼泛配福 矫瘤凋 棵内穿林绊 内配缝 海府疆 漠扼捞胶令宏
294,4,老惑积劝,"篮青,价陛",岿鞭朝 贱付矫绊 蜡蕊诀家俊 啊瘤 付技夸,‖郜莠憩 熏莠袁熏 墁 熏猬熏 诂楝诂 铿 熏莠 洮瀣猬袁熏 噩熏郜莠熏猬袁 椰熏猬椰熏憩,酒老袱 舅埃 捻穿 酒遏 捞抹 俊胶 舅扼 捧福埃 磊老扼福啊 官福官蠢令
295,4,老惑积劝,"篮青,价陛",篮青诀公甫 啊福媚 临霸夸.,熏攥墁洮熏 铿蕃攥 墁憩莠憩 墁脂猬脂 铿墁脂攥诂 郜猬洮 椰脂猬脂,馆农藕 骏匙 努福浆 纳泛 俊纳囱 快捞肺批 海饭刮
296,4,老惑积劝,"篮青,价陛",篮青俊 拌谅甫 俺汲窍技夸.,熏攥墁洮熏 悻楝脂 熏楝憩憩,馆农藕 剪 酒明蠢令
297,4,老惑积劝,"篮青,价陛",篮青俊辑 捣 茫阑 荐 乐唱夸,熏攥墁墁 椰熏猬憩 熏墁楝熏憩佻宅 熏莠 熏莠熏悻憩佻椰,馆墨 官弗 厩瞒蠢令靛 舅扼 舅扼胶令宏
298,4,老惑积劝,"篮青,价陛",篮青俊辑绰 刚历 锅龋钎甫 惶栏技夸,熏攥墁洮熏 椰诂猬诂攥楝 攥喱蕃脂猬喱 熏莠憩戡憩憩 墁脂猬脂,馆农藕 厚赴摹 畴皋废 舅府浆蠢令 纳泛
299,4,老惑积劝,"篮青,价陛",捞 辑幅甫 累己窍技夸 ,瀣 宅喱墁瀣蕃脂攥洮洮脂猬宅 洮喱莠洮瀣猬瀣瀣,阂 鸥捻膏抛福叼 喷捧风穿林
300,4,老惑积劝,"篮青,价陛",捞 篮青篮 咯扁辑 呈公 钢府 乐嚼聪促.,瀣 椰熏攥 椰瀣 噩脂猬宅脂 熏莠憩 噩熏郜袁熏戡墁熏,阂 馆农 阂 力福掸 舅福胶 磊捞啊浆沫 
301,4,老惑积劝,"篮青,价陛",捞 烹厘栏肺 岿鞭阑 价陛秦 临霸夸.,瀣 悻楝脂洮墁 熏郜莠憩袁憩熏猬宅 墁喱洮喱猬瀣 墁喱脂,阂 剪内 酒老福弊唱福靛 内配缝 内堪
302,4,老惑积劝,"篮青,价陛",牢磐齿桂欧篮 荐荐丰啊 歹 皆聪促.,攥洮脂猬攥脂 椰熏攥墁诂攥袁宅 墁喱蕃诂悻悻诂喱攥攥憩 熏猬佻熏,牢抛福齿 馆变霸 墨固矫攫蠢狼 酒福儡
303,4,老惑积劝,"篮青,价陛",磊悼捞眉肺 窍摆嚼聪促.,‖蝇洮喱蕃熏洮诂楝脂悻墁 墁喱洮喱猬瀣莠熏洮瀣猬袁熏攥宅熏 墁憩莠憩 墁喱脂,酒宏配付萍眉胶虐 内配逢埃促捞 努辅 内堪
304,4,老惑积劝,"篮青,价陛",历绵阑 窍技夸 ,‖墁楝熏攥 楝喱袁瀣莠洮瀣瀣,厩瞒蠢 檬奔捧穿林
305,4,老惑积劝,"篮青,价陛",例距秦具钦聪促.,楷墁喱攥喱蕃诂洮 铿洮诂 墁脂猬脂,俊内畴乖 俊抛浆 纳泛
306,4,老惑积劝,"篮青,价陛",烹厘 拌谅锅龋甫 舅绊 酵嚼聪促.,超楝脂洮瀣瀣佻宅瀣 攥喱蕃脂猬诂 椰诂莠袁诂 墁脂莠诂 噩熏洮熏,矫瘤凋 剪快穿林敌 畴皋赴 呼辫 奶赋 磊趴
307,4,老惑积劝,"篮青,价陛",泅陛篮 盒角且 困氰捞 乐嚼聪促.,熏墁洮熏莠熏 熏墁楝 噩喱袁喱洮瀣 熏莠憩戡憩憩 蕃蕃墁,倡呕扼捞 厩瞒 炼绊批 舅府浆蠢令 钩娘
308,4,老惑积劝,"篮青,价陛",泅陛阑 啊瘤绊乐栏搁 家厚窍扁 奖嚼聪促.,熏墁洮熏莠熏 熏墁楝 熏莠憩 噩猬袁攥 墁喱猬喱洮瀣 悻熏莠憩戡憩憩 喱喱,倡呕扼捞 厩瞒 舅辅 林风帮档 内肺批 混府浆蠢令 坷畴捞
309,4,老惑积劝,"篮青,价陛",泅陛阑 茫扁啊 阂祈窍聪 墨靛甫 脚没窍技夸,惮莠熏 熏墁楝熏攥 悻楝脂洮洮喱 熏莠 椰脂猬椰脂 墁熏猬洮喱楝墁 噩熏佻熏洮憩憩,倡呕扼捞 厩瞒蠢 剪沛 舅扼 海福海捞 墨福墨 磊荤飘蠢令
310,4,老惑积劝,ì熏攥 椰熏戡墁 ,10岿,艾墁洮瘳椰猬,苛潘宏福
311,4,老惑积劝,扁鸥,11岿,喱瘳椰猬,畴具宏福
312,4,老惑积劝,扁鸥,12岿,ガ脂墁熏椰猬,单墨宏福
313,4,老惑积劝,扁鸥,1岿,连攥蝇熏猬,踞官福
314,4,老惑积劝,扁鸥,2岿,冬脂蝇猬熏莠,其宏饿
315,4,老惑积劝,扁鸥,3岿,熏猬,付福飘
316,4,老惑积劝,扁鸥,4岿,‖岈猬脂莠,酒橇芳
317,4,老惑积劝,扁鸥,5岿,熏,付捞
318,4,老惑积劝,扁鸥,6岿,瓞攥,捞辣
319,4,老惑积劝,扁鸥,7岿,瓞莠,捞啦
320,4,老惑积劝,扁鸥,8岿,‖蝇袁瀣悻,酒宏备胶飘
321,4,老惑积劝,扁鸥,9岿,超脂攥洮瘳椰猬,季潘宏福
322,4,老惑积劝,扁鸥,啊练苞 惑狼秦 焊继唱夸,-椰莠 蕃脂攥脂 悻郜莠戡 墁猬宅佻,快捞-阂肺穿林 皋迟 荐匡肺 内风滴穿林何
323,4,老惑积劝,扁鸥,啊练甸俊霸 临 急拱篮 腹捞 或唱夸.,-椰莠佻 椰脂猬 洮瀣猬袁熏 椰脂莠脂墁洮 宅熏瘳猬宅熏宅憩憩佻椰,快捞-阂肺穿林绊 海饭 捧福埃 骇泛萍 促具福促靛蠢令宏
324,4,老惑积劝,扁鸥,啊练篮 割 疙涝聪鳖 ,-椰莠佻 墁熏攥楝 墁诂戡,快捞-阂肺穿林 沫瞒 虐浆
325,4,老惑积劝,扁鸥,阿辑甫 静技夸,瀣 蕃诂莠宅脂洮洮脂攥蕃脂袁 墁喱 墁喱瓞 椰脂猬诂诂,阂 剐但单皋霸 妮 内来 海府聪瘤
326,4,老惑积劝,扁鸥,俺牢 家瘤前阑 肋 包府窍技夸 ,佻猬宅 椰瀣瓞蕃瀣熏猬宅 噩熏墁戡憩莠熏 墁熏猬熏袁憩莠,坷林畴风敌 何蜡公唱福靛 累蒋而 墨扼臂扼 
327,4,老惑积劝,扁鸥,俺牢荤沥栏肺 夯惫俊 倒酒啊绊 酵嚼聪鳖 ,佻佻宅 戡熏猬洮洮熏猬憩憩 楝 莠墁悻 椰熏猬袁憩憩 墁脂莠诂 噩熏洮熏椰,坷林穿林敌 箕福鸥福蠢令 快冕 棵内穿荐内 官福弊蠢令 奶赋 磊鸥宏
328,4,老惑积劝,扁鸥,捌沥窍瘤 付技夸,脂郜诂椰脂诂,纳捞海聪瘤
329,4,老惑积劝,扁鸥,搬沥窍继嚼聪鳖,宫脂楝洮诂诂佻椰,眉摹萍聪瘤厚
330,4,老惑积劝,扁鸥,搬去沁嚼聪鳖 ,郜莠攥宅 椰脂莠,快老沸滴穿林 骇饭
331,4,老惑积劝,扁鸥,版摹啊 酒抚翠嚼聪促.,爆脂郜佻熏噩 悻瀣莠瀣 铿墁脂,海捞磊令 贱风 俊乃
332,4,老惑积劝,扁鸥,绊惫俊 倒酒啊搁 祈瘤窍技夸 ,莠墁佻 椰熏猬袁熏攥宅 墁熏 噩熏佻憩 洮瀣猬瀣瀣,棵配穿林绊 官福埃促 谋 磊馏 捧风穿林
333,4,老惑积劝,扁鸥,绊厘捞 唱搁 A/S 甫 何福矫搁 邓聪促.,瀣佻瀣莠瀣 墁熏莠悻 喱宅喱喱楝 噩熏郜宅熏袁 墁诂戡诂莠脂猬宅 楝熏墁憩猬悻熏憩 椰喱莠喱,何临缝 漠荤 柯档眠 磊捞促弊 虐蒋饭福叼 瞒农福荤蠢令 杭吩
334,4,老惑积劝,扁鸥,绊氢俊 啊搁 捞力 公均阑 且 扒啊夸,悻 洮猬莠袁 噩脂猬诂诂佻袁 椰熏猬袁熏攥宅 铿蕃 铿蕃攥 墁憩莠熏悻憩,坷键 配费帮 力府聪瘤霸 官福埃促 俊固 骏匙 努扼胶令
335,4,老惑积劝,扁鸥,傍厘俊 鞍捞 老窍绰 模备甸篮 割 疙捞俊夸,┈熏蝇喱宅宅 楝喱袁瀣 诂戡洮脂袁脂 宅喱悻洮喱猬瀣瀣 墁熏攥楝,磊L档 檬备 捞浆抛罢 炼眠配风穿林 沫瞒
336,4,老惑积劝,扁鸥,苞澜秦辑绰 救邓聪促. ,船熏蕃熏墁洮 墁 噩脂袁脂 椰喱莠椰喱郜,鸥阜飘 倪 力罢 杭焊捞飘
337,4,老惑积劝,扁鸥,宝满酒夸,喱猬蕃熏莠瞵攥,畴福富畴
338,4,老惑积劝,扁鸥,惫力款傈搁倾刘捞 乐唱夸,楷 熏猬熏莠憩 熏郜宅喱喱楝 岈猬熏蝇熏憩 椰熏猬椰,郡 酒饿袱 酒捞档眠 橇扼官蠢令 官福宏
339,4,老惑积劝,扁鸥,惫力烹拳甫 磊林窍搁 夸陛捞 腹捞 唱客夸,宫脂 莠墁 墁 楝熏莠悻熏憩 熏墁楝熏憩 墁 墁脂洮脂,寐 棵内绊 倪 蔓荤蠢令 厩瞒蠢令 倪 纳泡
340,4,老惑积劝,扁鸥,泵陛茄痢捞 公均涝聪鳖,楷蕃攥脂攥 椰诂莠脂郜诂 宅脂宅诂诂 铿莠,骏匙聪 呼饭牢 单叼聪瘤 郡饭
341,4,老惑积劝,扁鸥,弊贰夸. 公郊老牢啊夸,"艾戡喱攥宅喱 椰, 铿蕃攥 椰喱莠宅 铿莠","坷拣档捞 何, 骏匙 杭滴 郡饭"
342,4,老惑积劝,扁鸥,臂疥夸,诂莠椰脂郜,呼海烙
343,4,老惑积劝,扁鸥,陛夸老,ì瀣蕃,林付
344,4,老惑积劝,扁鸥,扁盒捞 亮酒脸嚼聪鳖,莠 墁洮猬莠 墁脂洮洮诂椰,内喘风穿林 内配逢缝 纳萍厚
345,4,老惑积劝,扁鸥,扁贱捞 乐栏绞聪鳖,船脂绗攥喱莠喱袁诂瘳悻 椰熏猬椰,抛儒愁肺扁具胶 官福宏
346,4,老惑积劝,扁鸥,扁撅窍技夸,楷悻诂诂佻袁 洮瀣洮瀣 墁熏莠憩憩,俊矫聪瘤霸 捧批 漠福蠢令
347,4,老惑积劝,扁鸥,唱绰 弊巴阑 葛辅聪促.,脂 熏 攥脂猬悻脂攥 椰诂莠椰脂郜,膏 舅 匙福技聪 呼海烙
348,4,老惑积劝,扁鸥,唱绰 寸脚锭巩俊 拳车嚼聪促. ,脂 悻诂 楝 熏楝瀣瀣 墁脂莠宅,膏 矫令 快冕 酒眠框 奶叼
349,4,老惑积劝,扁鸥,唱绰 拳啊 车嚼聪促.,脂 熏楝瀣瀣莠熏攥宅憩,膏 酒免鄂惦
350,4,老惑积劝,扁鸥,唱俊霸 富阑 秦 林技夸.,熏袁 熏郜洮憩憩,付啊 酒捞飘蠢令
351,4,老惑积劝,扁鸥,唱捞啊 绢痘霸 邓聪鳖,熏攥楝 噩熏戡洮熏悻憩,沫瞒 磊浆鸥胶令
352,4,老惑积劝,扁鸥,郴啊 弊巴阑 林摆嚼聪促.,脂 熏 攥脂猬悻脂攥 悻诂佻袁 椰脂猬脂,膏 舅 匙福技聪 矫令霸 海方
353,4,老惑积劝,扁鸥,郴府绞矫坷,船戡,捧酱穿穿林
354,4,老惑积劝,扁鸥,郴老篮 老嘛 老绢唱具 钦聪促.,楷猬洮 铿猬洮 洮瀣猬瀣 墁脂猬脂,俊福抛 捧风浆 纳泛
355,4,老惑积劝,扁鸥,郴老阑 积阿窍技夸,楷猬洮脂墁 墁攥 喱郜莠喱攥瀣瀣,俊福刨虐 娘滴 坷老肺穿穿林
356,4,老惑积劝,扁鸥,呈公 词霸 促聪瘤 付技夸.,‖瘳椰熏 墁脂楝墁 噩猬椰,酒具官捞 纳明霸 林风焊穿林
357,4,老惑积劝,扁鸥,齿 4,船猬,配福捧
358,4,老惑积劝,扁鸥,穿啊 寸脚俊霸 垮阑 沁嚼聪鳖 ,诂 悻诂佻宅 悻墁,辫 矫瘤叼 硷捧
359,4,老惑积劝,扁鸥,穿啊 寸脚阑 锭啡嚼聪鳖 ,诂 悻诂佻宅 瀣猬宅,辫 矫瘤叼 快风滴
360,4,老惑积劝,扁鸥,穿备客 窃膊 荤技夸,超诂 墁诂 蕃脂攥脂 楝喱袁瀣 噩熏戡熏郜悻憩,矫瘤 辫 皋迟 檬备 磊箕捞胶令
361,4,老惑积劝,扁鸥,穿备茄抛辑 祈瘤甫 罐疽嚼聪鳖,诂蕃宅脂 墁熏 熏莠宅憩憩,辫掸 谋 舅靛蠢令
362,4,老惑积劝,扁鸥,穿唱 ,楷噩,俊力
363,4,老惑积劝,扁鸥,传摹帛 肋 窍绞矫夸.,熏熏猬 椰熏郜墁熏 洮瀣猬袁熏攥宅熏 噩熏墁戡 噩熏悻熏憩,官福 官捞墨捞 捧风埃促捞 累浆 磊荤蠢令
364,4,老惑积劝,扁鸥,促几 5,脂,海浆
365,4,老惑积劝,扁鸥,促澜 朝阑 困秦 贱阑 炼陛父 靛技夸 ,楷猬洮脂墁 墁 楝 椰诂 熏 熏猬熏 诂楝诂 墁喱瓞瀣,俊福刨虐 娘 快冕 厚福 酒令 酒胶 酒遏 捞抹 内蜡穿林
366,4,老惑积劝,扁鸥,促澜俊 促矫 富秦林技夸,楷蕃墁诂宅 宅熏袁 熏郜洮憩 椰脂猬诂诂,骏虐单 促弊 酒捞频 海府聪令
367,4,老惑积劝,扁鸥,促澜篮 寸脚 瞒肥涝聪促,楷蕃墁诂悻 悻诂佻宅诂 墁脂佻脂袁诂诂,骏虐矫 矫瘤凋 纳力扁聪瘤
368,4,老惑积劝,扁鸥,淬硅绰 软楷角俊辑 乔快技夸,船熏蕃脂墁诂攥 洮熏蕃脂墁 楝脂袁 瀣猬瀣墁悻熏 椰喱莠袁喱 噩脂猬宅 楝脂袁诂诂,鸥皋虐聪 鸥皋虐 眉备绊 快疯获 杭帮 力福单 眉扁聪瘤
369,4,老惑积劝,扁鸥,寸脚 傈傍篮 公均牢啊夸,超诂佻宅诂 岈猬喱娆脂悻悻诂瘳憩 铿蕃攥,矫瘤凋 橇肺其矫具蠢令 骏匙
370,4,老惑积劝,扁鸥,寸脚 傈傍篮 公均牢啊夸,超诂佻宅诂 岈猬喱娆脂悻悻诂瘳憩 铿蕃攥,矫瘤凋 橇肺其矫具蠢令 骏匙
371,4,老惑积劝,扁鸥,寸脚苞 捞具扁窍绊 酵嚼聪促. ,超诂 蕃脂攥脂 悻郜莠戡墁 墁脂莠诂 噩熏洮熏,矫瘤 皋迟 荐捞肺酱鸟 奶赋 磊趴
372,4,老惑积劝,扁鸥,寸脚俊霸 傈拳啊 吭嚼聪促.,超诂佻袁 椰诂 楝熏莠憩 噩熏洮熏,矫瘤霸 厚肺 蔓辅 磊趴
373,4,老惑积劝,扁鸥,寸脚篮 何瘤繁钦聪促. ,超诂 铿蕃袁脂墁楝诂 铿墁脂攥悻诂,矫瘤 骏δ 俊乃矫瘤
374,4,老惑积劝,扁鸥,寸脚篮 抗晦聪促 ,超诂 悻瀣莠瀣 铿墁脂攥悻诂,矫令 贱风 俊乃矫瘤
375,4,老惑积劝,扁鸥,寸脚篮 捞老阑 捞秦沁嚼聪鳖,超诂 椰瀣 诂戡洮 洮戡攥宅佻,矫瘤 阂 捞浆萍 捧滴穿林何
376,4,老惑积劝,扁鸥,寸脚篮 曼 肋积板匙夸,超诂 悻瀣莠瀣 铿墁脂攥悻诂,矫瘤 贱风 俊乃矫瘤
377,4,老惑积劝,扁鸥,寸脚篮 曼 亮篮 荤恩涝聪促 ,超诂 熏瘳椰熏 噩熏墁戡 熏宅熏 铿墁脂攥悻诂,矫瘤 酒具官捞 累浆 酒淬 俊乃矫瘤
378,4,老惑积劝,扁鸥,寸脚篮 拳啊 车嚼聪鳖,超诂 熏楝瀣瀣莠熏攥宅憩憩佻椰,矫瘤 酒免鄂官靛蠢令宏
379,4,老惑积劝,扁鸥,寸脚阑 困茄疤聪促.,瀣 悻诂佻袁,阂 矫瘤霸
380,4,老惑积劝,扁鸥,寸脚狼 厕篮 公均牢啊夸,超诂佻宅诂 洮诂莠脂袁脂 墁憩瘳莠憩憩 铿蕃攥,矫瘤凋 瓶饭罢 农锯福蠢令 骏匙
381,4,老惑积劝,扁鸥,寸脚狼 傈拳锅龋客 林家甫 舅妨林矫摆嚼聪鳖,超诂佻宅诂 洮脂莠脂娆喱攥瀣瀣 蕃脂攥脂 熏宅猬脂悻诂诂佻宅 熏郜洮憩 墁喱脂悻瀣佻椰,矫瘤凋 炮饭器穿穿林 皋迟 酒靛饭矫聪瘤叼 酒捞频 内夸荐林何
382,4,老惑积劝,扁鸥,寸脚捞 盔茄促搁 夯惫栏肺 倒酒哎 荐 乐嚼聪促. ,楷袁脂 悻诂 墁熏莠熏悻熏憩 莠墁佻 椰熏猬 熏莠熏悻憩,俊霸福  矫瘤 漠扼荤蠢令 棵内穿林绊 官扼 舅扼胶令
383,4,老惑积劝,扁鸥,歹 凯缴洒 楷嚼窍技夸.,ガ熏袁 噩熏墁戡憩莠熏 蕃熏戡憩袁憩憩,促弊 累蒋而 付浆弊蠢令
384,4,老惑积劝,扁鸥,档冠篮 窍搁 救邓聪促.,瀣蕃熏 喱瓞攥宅熏猬憩 喱郜攥喱喱袁 椰喱莠椰喱郜 ,捻付福 坷辣促弗 坷捞畴绊 杭焊勒
385,4,老惑积劝,扁鸥,档客靛副 老捞 乐唱夸 ,ì熏猬宅熏蕃宅熏戡 洮瀣猬袁熏 诂 椰熏猬椰,磊福淬促箕 捧福埃 捞浆 官福宏
386,4,老惑积劝,扁鸥,档框阑 罐阑父茄 模备啊 乐嚼聪鳖,ì熏猬宅熏 悻瀣猬熏 洮瀣猬袁熏 宅喱悻瀣瀣 椰熏猬椰,磊福淬 荐扼捞 捧福埃 档荐穿林 官福宏
387,4,老惑积劝,扁鸥,档框捞 鞘夸窍促搁 酒公 锭唱 傈拳窍技夸.,ì熏猬宅熏 墁脂猬脂 椰喱莠悻 墁熏楝熏 椰喱莠椰喱悻瀣 楝熏莠憩憩,磊福淬 纳泛 杭家 墨蛮 杭焊鉴 蔓福蠢令
388,4,老惑积劝,扁鸥,档框捞 鞘夸窍搁 攫力电 楷遏秦林技夸,ì熏猬宅熏 墁脂猬脂 椰喱莠悻 墁熏楝熏 椰喱莠椰喱悻瀣 熏郜洮憩憩,磊福淬 纳泛 杭家 墨蛮 杭焊鉴 酒捞飘蠢令
389,4,老惑积劝,扁鸥,悼丰甸 瘤郴绰 扒 宝满嚼聪鳖,喱莠莠脂袁熏莠熏猬宅憩 噩猬袁 攥喱猬蕃熏莠瞵攥憩 铿莠脂椰,妮饭哎扼福电 林风绊穿 畴福富蠢聪 郡饭厚
390,4,老惑积劝,扁鸥,悼积,攥,捞聪
391,4,老惑积劝,扁鸥,悼夸窍瘤 付绞矫夸.,宫脂楝墁诂攥 椰喱莠瀣瀣,眉摹挪滴 杭风穿林
392,4,老惑积劝,扁鸥,悼青 秦 林技夸,脂攥 蕃脂攥脂 楝喱袁瀣 噩猬,皋聪 皋迟 檬备 林风穿林
393,4,老惑积劝,扁鸥,笛 2,楷墁,俊虐
394,4,老惑积劝,扁鸥,第肺 啊绞矫夸.,‖猬洮墁 墁脂洮诂诂,酒福飘墨 纳萍聪瘤
395,4,老惑积劝,扁鸥,叠牢啊夸,憩佻憩憩佻椰,农令蠢令宏
396,4,老惑积劝,扁鸥,栋朝 霖厚绰 促 灯绢夸,脂洮 洮瀣猬袁熏 宅熏瘳猬宅憩墁洮熏 椰洮洮,纳抛 捧风埃 促具福垫鸥福 何捧何
397,4,老惑积劝,扁鸥,度鞍酒夸,艾墁戡喱,苛碱浆
398,4,老惑积劝,扁鸥,付澜捞 阂祈钦聪鳖,超诂佻袁 憩墁悻憩 椰喱莠瀣 噩熏洮熏椰,矫瘤霸 拦胶令 杭缝 磊鸥宏
399,4,老惑积劝,扁鸥,父 10000,艾 蕃,柯 刮 
400,4,老惑积劝,扁鸥,皋葛秦 滴技夸,ì熏佻憩 熏莠憩憩,磊馏 舅福蠢令
401,4,老惑积劝,扁鸥,割 矫俊 档馒钦聪鳖,超熏熏 墁熏攥楝熏宅 噩脂洮脂椰诂,荤狙 沫瞒促 力抛矫瘤
402,4,老惑积劝,扁鸥,割矫俊 老绢唱绞聪鳖,超熏熏 墁熏攥楝熏宅 洮瀣猬熏悻憩,荤狙 沫瞒促 捧扼胶令
403,4,老惑积劝,扁鸥,葛福搁 葛弗促绊 秦林技夸.,诂莠椰脂悻脂诂 椰诂莠椰脂郜 宅脂 熏郜洮憩憩,呼海技聪瘤 呼海烙 氮 酒捞飘蠢令
404,4,老惑积劝,扁鸥,格夸老,脂郜戡脂蕃椰,海捞祭厚
405,4,老惑积劝,扁鸥,公郊 富牢瘤 给 舅酒佃摆绢夸,楷蕃攥 宅脂 熏郜洮憩 噩熏洮墁熏攥憩憩佻宅 洮戡攥袁 噩喱墁蕃瀣,骏匙 氮 酒捞频 磊飘墨蠢蠢令靛 捧帮 练巩
406,4,老惑积劝,扁鸥,巩阑 摧酒林技夸,楷戡诂墁洮 噩熏椰憩憩,俊江萍 磊宏蠢令
407,4,老惑积劝,扁鸥,巩阑 凯绢林技夸,楷戡诂墁洮 熏楝憩憩,俊江萍 酒明蠢令
408,4,老惑积劝,扁鸥,拱阑 茄儡 林技夸.,超瀣 椰脂猬诂诂佻楝,荐 海府聪矫摹
409,4,老惑积劝,扁鸥,固府 钎甫 荤具钦聪促.,诂莠脂洮洮 墁 蕃瀣猬瀣攥洮洮熏 悻熏洮憩 熏莠憩 墁脂猬脂,呼房叼 娘 公烽藕 荤频 舅福浆 纳泛
410,4,老惑积劝,扁鸥,固去涝聪鳖 ,郜莠 铿莠脂墁悻诂佻椰,快老肺畴 郡泛矫瘤厚
411,4,老惑积劝,扁鸥,广,船,坯
412,4,老惑积劝,扁鸥,硅甫 鸥搁 钢固甫 且 荐档 乐嚼聪促.,熏郜憩墁墁 喱洮瀣猬悻熏憩 墁瀣佻瀣戡瀣瀣 蕃蕃墁,墨捞墨 坷捧风荤蠢令 捻林酱穿林 钩娘
413,4,老惑积劝,扁鸥,归 100,ì,林荐
414,4,老惑积劝,扁鸥,何葛丛苞绰 辑肺 楷遏阑 窍绞聪鳖,‖洮-铿攥脂诂 蕃脂攥脂 悻郜莠戡 洮瀣猬熏悻憩佻椰,酒鸥-俊匙聪令 皋迟 酱老肺 捧扼胶令宏
415,4,老惑积劝,扁鸥,何葛丛膊 绢恫 急拱阑 窍绊 酵栏技夸,‖洮-铿攥脂诂佻袁 墁熏攥宅熏 椰脂莠脂 墁憩莠袁憩憩 墁脂莠诂 噩熏洮熏,酒鸥-俊匙聪瘤霸 沫促捞 骇泛 努弊蠢令 奶赋 磊炒
416,4,老惑积劝,扁鸥,何葛丛篮 扒碍窍脚啊夸,‖洮-铿攥脂诂 宅脂 悻喱喱莠瀣墁洮熏椰,酒鸥-俊匙聪瘤 掸 家棵疯鸥宏
417,4,老惑积劝,扁鸥,何葛丛篮 公郊 老阑 窍矫唱夸,‖洮-铿攥脂诂 铿蕃攥 诂 墁憩莠憩戡熏,酒鸥-俊匙聪瘤 骏匙 捞浆 努福鸡
418,4,老惑积劝,扁鸥,阂过眉幅磊甸苞 绢匡妨辑绰 救邓聪促. ,憩郜佻熏蕃悻憩 噩猬袁 墁诂戡诂莠脂 蕃脂攥脂 噩猬袁 椰喱莠椰喱郜,骨捞泪胶令 林风帮 虐蒋饭福 皋迟 林风帮 杭焊勒 
419,4,老惑积劝,扁鸥,阂过眉幅磊肺何磐 立盟捞 乐栏搁 OO肺 脚绊窍技夸,憩郜佻熏蕃悻憩 噩猬袁 墁诂戡诂莠脂 洮诂郜诂戡悻 00 攥喱蕃脂猬袁 楝熏莠憩憩,骨捞泪胶令 林风帮 虐蒋饭福 萍捞浆技 ____畴皋福霸 蔓福蠢令
420,4,老惑积劝,扁鸥,阂祈茄 痢捞 乐促搁 富靖秦焊技夸. ,浆墁悻憩 椰诂 攥脂猬悻 椰熏 椰喱莠悻 熏郜洮憩憩,苛胶令 厚福 匙福技 官福 杭家 酒捞飘蠢令
421,4,老惑积劝,扁鸥,弧府,船脂-洮脂,抛胶-抛胶
422,4,老惑积劝,扁鸥,荤恩甸捞 腹绊 概快 汗棱钦聪促.,‖宅熏蕃宅熏 墁 憩佻憩楝瀣 噩脂,酒淬促福 倪 栏胶眠 力福
423,4,老惑积劝,扁鸥,荤厘丛苞 鞍捞 啊辨 盔窍技夸,ガ诂猬脂墁洮喱 蕃脂攥脂 楝喱袁瀣 椰熏猬瀣瀣攥 墁熏莠熏郜悻憩佻椰,叼泛配福 皋匙 檬备 官风穿 墨舅扼捞胶令宏
424,4,老惑积劝,扁鸥,惑包绝嚼聪促.,‖郜猬憩蕃熏悻 噩喱,酒捞福付胶 练
425,4,老惑积劝,扁鸥,辑肺 荤捞亮霸 瘤郴技夸,ì熏墁戡 噩猬佻宅,累浆 林风穿林档风
426,4,老惑积劝,扁鸥,汲疙阑 捞秦窍继嚼聪鳖,ì熏墁戡 洮戡攥宅佻,累浆 捧滴穿林何
427,4,老惑积劝,扁鸥,悸 3,,快眠
428,4,老惑积劝,扁鸥,荐夸老,含熏猬戡脂蕃椰,箕福祭厚
429,4,老惑积劝,扁鸥,贱笼俊 啊瘤 付绞矫坷. ,‖猬熏 诂楝墁脂 噩脂猬袁 椰熏猬椰熏憩,酒遏 淠 力福霸 官福官蠢令
430,4,老惑积劝,扁鸥,奖霸 胶飘饭胶甫 罐嚼聪促.,超洮猬脂悻洮 喱喱 熏莠熏,胶飘饭胶飘 坷畴捞 舅儿
431,4,老惑积劝,扁鸥,胶飘饭胶甫 腹捞 罐栏继唱夸,超洮猬脂 墁 熏莠宅憩憩佻椰,胶飘饭胶萍 倪 舅靛蠢令宏
432,4,老惑积劝,扁鸥,矫埃阑 滴绊 扁促妨焊技夸., 洮瀣猬瀣瀣,捻配 滴风穿林
433,4,老惑积劝,扁鸥,矫埃捞 乐栏绞聪鳖,惮椰熏墁洮憩憩 椰熏猬椰,快冠飘蠢令 官福宏
434,4,老惑积劝,扁鸥,矫埃乐栏搁 しし 栏肺 坷技夸,惮椰熏墁洮憩憩 椰喱莠悻 00 噩熏墁 墁脂莠诂诂,快冠飘蠢令 杭家 _____ 磊墨 奶府聪瘤
435,4,老惑积劝,扁鸥,矫氰 霖厚甫 窍技夸 ,楷墁佻熏蕃脂攥袁 宅熏瘳猬宅熏攥憩憩,竣荤膏霸 促具福促蠢蠢令
436,4,老惑积劝,扁鸥,缴缴窍绞聪鳖,┈脂猬诂墁洮诂诂佻椰,力腐萍聪令厚
437,4,老惑积劝,扁鸥,しし 菊俊辑 父唱扁肺 秦夸,00 噩脂猬宅诂 熏悻洮憩攥熏 噩喱莠瀣袁熏莠憩,____力福凋 酒胶飘抄 凉风哎袱
438,4,老惑积劝,扁鸥,酒扁啊 曼 蓖勘匙夸,熏莠 熏瘳椰熏 噩熏戡攥熏墁熏 铿墁脂,惯扼 酒具官捞 累浆唱墨捞 俊乃
439,4,老惑积劝,扁鸥,酒甸牢啊夸,熏莠熏椰,惯扼宏
440,4,老惑积劝,扁鸥,酒贰俊 乐嚼聪促.,‖悻洮憩攥宅 椰熏,酒胶瓢促 官福
441,4,老惑积劝,扁鸥,酒公巴档 酒聪抗夸,瀣 铿 攥脂猬悻 铿蕃脂,阂 z 匙福技 俊皋胶
442,4,老惑积劝,扁鸥,酒滚瘤,‖洮,酒鸥
443,4,老惑积劝,扁鸥,酒捞啊 乐嚼聪鳖,熏莠熏憩 椰熏猬椰,惯扼蠢令 官福宏
444,4,老惑积劝,扁鸥,酒捞啊 磊绊 乐栏聪 炼侩洒 秦林技夸,熏莠 瀣墁洮熏 噩熏洮熏 熏墁憩猬憩攥袁憩莠,惯扼 宽啪 磊趴 酒农弗臂扼
445,4,老惑积劝,扁鸥,酒流 楷遏 窍瘤 给沁嚼聪促.,‖佻憩猬憩攥楝 楝熏莠 熏莠袁熏 噩喱墁蕃瀣,酒令弗瞒 蔓扼 舅埃 练巩
446,4,老惑积劝,扁鸥,酒醛 9,船喱袁瀣,配备林
447,4,老惑积劝,扁鸥,旧栏技夸.,艾洮瀣猬瀣瀣,坷捧风穿林
448,4,老惑积劝,扁鸥,菊栏肺 啊绞矫夸.,‖悻洮憩袁 洮,酒胶飘啊 坷捧穿林
449,4,老惑积劝,扁鸥,距加阑 窍继嚼聪鳖,诂 蕃脂攥脂 噩喱莠瀣袁瀣戡熏悻憩佻椰,厚肺 皋迟 凉风备箕胶胶宏
450,4,老惑积劝,扁鸥,距加捞 割矫涝聪鳖,超熏熏 墁熏攥楝熏宅 噩喱莠瀣袁瀣戡熏悻憩,荤狙沫瞒啊 凉风备箕胶胶
451,4,老惑积劝,扁鸥,绢蠢巴捞 啊厘 亮酒夸,熏郜悻憩攥憩悻  噩熏墁戡,墨捞胶蠢胶 浚 累浆
452,4,老惑积劝,扁鸥,绢恫 巩力牢瘤 富靖秦焊技夸. ,楷蕃攥 墁郜袁 铿墁脂攥诂 熏郜洮憩 椰脂猬诂诂,骏匙 内捞绊捞 俊纳囱 酒捞频 海府聪瘤
453,4,老惑积劝,扁鸥,绢赣聪,‖岈,酒颇
454,4,老惑积劝,扁鸥,攫聪,楷噩,俊力
455,4,老惑积劝,扁鸥,攫绢烹开捞 鞘夸钦聪促,喱洮喱猬蕃喱楝 墁脂猬脂,内配风葛眠 纳泛
456,4,老惑积劝,扁鸥,攫力 免惯窍技夸,熏楝熏 噩攥郜悻,墨蛮 炼畴捞荐林
457,4,老惑积劝,扁鸥,攫力 茄惫俊 吭绢夸,喱猬脂瘳袁 墁熏楝熏 墁脂莠宅诂诂,墨饭具啊 墨蛮 纳府叼聪瘤
458,4,老惑积劝,扁鸥,咯鼻苞 寇惫牢殿废刘阑 盒角窍瘤 臼档废 肋 焊包窍技夸,爆熏悻岈喱猬 蕃脂攥脂 熏郜宅 墁熏猬洮喱楝墁熏熏猬宅 噩喱袁喱洮岈喱 洮瀣猬袁熏攥宅熏 噩熏墁戡憩莠熏 悻熏墁洮熏袁憩莠,颇胶器风捧 皋迟 酒捞叼 墨福配明啊唱福靛 炼镑焊捞 捧风埃促捞 累蒋而 昏鸥臂扼
459,4,老惑积劝,扁鸥,咯鼻阑 促弗 荤恩俊霸 该扁搁 救邓聪促. ,爆熏悻岈喱猬洮洮 椰熏戡墁 熏宅熏蕃袁 椰脂猬袁脂 椰喱莠椰喱郜,官橇器风捧 官浆墨 酒淬啊 海福罢 杭焊勒
460,4,老惑积劝,扁鸥,咯扁俊 鸥绞矫坷.,瀣 噩脂猬袁 喱洮瀣猬瀣瀣,阂 力福霸 坷捧风穿林
461,4,老惑积劝,扁鸥,咯袋 8,超脂袁诂,技扁胶
462,4,老惑积劝,扁鸥,咯矾盒捞 茄惫俊 坷脚 格利篮 公均牢啊夸,超诂佻宅脂 喱猬脂瘳袁 铿蕃攥 蕃熏墁悻熏 蕃脂攥脂 墁脂莠宅诂诂佻宅脂,胶瘤单福 墨饭具啊 浚皋 阜获 皋迟 奶叼聪瘤单府
463,4,老惑积劝,扁鸥,咯几 6,‖莠洮,舅飘
464,4,老惑积劝,扁鸥,楷遏 窍继嚼聪鳖,‖郜洮憩 墁喱郜宅瀣瀣佻椰,酒捞频 内捞滴穿林何
465,4,老惑积劝,扁鸥,凯 10,艾,柯 
466,4,老惑积劝,扁鸥,凯缴洒 老窍搁 捣阑 国 荐 乐绢夸.,ì熏墁戡 诂戡洮脂悻脂诂 熏墁楝 洮熏岈悻 椰喱莠喱,累浆 捞浆抛技聪瘤 厩瞒 啪荤 杭吩
467,4,老惑积劝,扁鸥,凯缴洒 秦拎辑 绊付况夸.,ì熏墁戡 诂戡洮脂 椰脂猬袁脂攥诂诂 楝 猬熏绗蕃熏,累浆 捞浆跑 海福霸聪聪瘤 快冕 扼儒咐
468,4,老惑积劝,扁鸥,坷疵 辟公饶俊 OO俊 癌矫促,袁 噩瀣蕃瀣戡洮熏 墁诂郜诂 ______ 椰熏猬熏莠憩,何焙 林公浆藕 虐牢 ______官饿袱
469,4,老惑积劝,扁鸥,坷疵 酒魔 扁盒捞 亮栏脚啊 毫夸,袁 铿猬洮 蕃脂攥脂 墁莠瀣 噩熏墁戡 铿墁脂,厚焙 俊福刨 皋迟 内喘风穿林 累浆 俊乃
470,4,老惑积劝,扁鸥,坷疵档 塞郴绞矫坷,袁 宅熏袁 墁楝洮攥,何焙 促弊 备眠配愁风
471,4,老惑积劝,扁鸥,坷疵篮 哥磨涝聪鳖,袁 墁熏攥楝熏攥楝 宅熏洮,何焙 沫蛮明 促鸥
472,4,老惑积劝,扁鸥,坷疵篮 公郊 夸老涝聪鳖,袁 墁熏攥楝熏攥楝 墁,何焙 沫蛮明 娘
473,4,老惑积劝,扁鸥,坷疵篮 しし 岿 しし老 涝聪促.,袁 00 熏 00 墁,何焙 ____酒捞 ____娘
474,4,老惑积劝,扁鸥,坷弗率栏肺 啊绞矫夸., 噩熏墁墁 椰熏猬憩憩,柯 磊墨 官福蠢令
475,4,老惑积劝,扁鸥,坷狐,熏郜墁,官捞纳 
476,4,老惑积劝,扁鸥,坷傈,船戡 楝脂郜诂,捧浆内 眉牢
477,4,老惑积劝,扁鸥,坷鸥甫 荐沥秦 林技夸,船瀣瀣猬 铿蕃脂 噩熏佻憩莠憩 墁熏莠袁熏 噩脂猬宅 喱宅喱 椰脂猬诂诂佻楝,捧扼 俊皋胶 磊浇辅 漠埃 力府叼 柯到 厚府聪矫摹
478,4,老惑积劝,扁鸥,坷秦窍瘤 付技夸,船瀣瀣猬 铿蕃脂 洮戡攥 墁熏莠椰熏憩,捧扼 俊皋胶 捧酱疮 漠官蠢胶
479,4,老惑积劝,扁鸥,坷饶,船戡洮 墁诂郜诂,捧酱沛 虐牢
480,4,老惑积劝,扁鸥,恐 笼俊 啊瘤 臼嚼聪鳖,楷蕃攥脂袁 郜 椰熏猬椰熏郜悻憩,骏匙霸 快捞绊 官福官捞胶令
481,4,老惑积劝,扁鸥,哭率栏肺 啊绞矫夸.,超喱 噩熏墁墁 椰熏猬憩憩,贾 磊墨 官福蠢令
482,4,老惑积劝,扁鸥,夸硫 しし捞 蜡青涝聪促.,‖佻憩 ______ 瀣戡瀣 攥脂猬悻 蕃喱宅,酒令福_____快蕉 匙福技 葛促
483,4,老惑积劝,扁鸥,快府 笼俊 檬措窍摆嚼聪促.,诂佻宅诂 郜 楝熏墁憩猬熏蕃憩,厚瘤凋 快捞绊 瞒农扼谷
484,4,老惑积劝,扁鸥,款傈 矫 荤绊啊 唱瘤 臼档废 炼缴窍技夸.,熏戡诂攥 熏郜宅熏 椰熏猬 噩熏洮墁熏攥宅 熏蝇熏猬诂 椰喱莠椰喱 洮瀣猬袁熏攥宅熏 熏椰熏郜莠熏 熏郜宅熏憩,付浆唱 酒捞翠 官扼 磊频 楞埃促 酒官府具 杭焊捞 捧风埃促捞 酒官老而 酒捞促蠢令
485,4,老惑积劝,扁鸥,框流捞瘤 付技夸 ,憩郜蕃憩莠宅熏椰熏憩,农捞股促官蠢令
486,4,老惑积劝,扁鸥,岿夸老,ガ郜戡蕃,滴捞简何
487,4,老惑积劝,扁鸥,困俊 乐嚼聪促.,悻洮攥,快荐坯档
488,4,老惑积劝,扁鸥,困氰钦聪促.,喱喱岈洮瀣,内可捧
489,4,老惑积劝,扁鸥,蜡攫厚绢俊 加瘤 付技夸 ,船熏悻洮憩墁洮熏莠椰熏袁熏 瀣戡熏墁洮熏猬袁 诂戡脂攥诂 熏莠宅熏攥憩 墁熏莠椰熏攥憩. ,鸥胶漂呕官埃 快昏鸥福啊 捞浆俊凑 舅促辞 漠官蠢令
490,4,老惑积劝,扁鸥,澜林款傈篮 例措 救邓聪促.,‖猬熏 诂楝诂 蕃熏戡诂攥 熏郜宅熏袁熏 洮熏墁憩 椰喱莠椰喱郜,酒遏 捞抹 付浆唱 酒捞促埃 鸥农福 杭焊勒
491,4,老惑积劝,扁鸥,狼斑阑 富靖秦 林绞矫夸,艾郜瀣瀣佻宅 熏郜洮憩憩,坷蜡穿林滴 酒捞飘蠢胶
492,4,老惑积劝,扁鸥,狼荤钎泅阑 犬角洒 秦林技夸.,艾郜瀣瀣佻宅 洮熏 熏郜洮憩 椰诂莠宅诂猬诂诂,坷蜡穿林滴 殴 酒捞频 呼叼府聪胶
493,4,老惑积劝,扁鸥,捞 渴阑 茄锅 涝绢 焊技夸,瀣 墁诂郜诂蕃宅 椰诂 噩喱莠 墁诂郜诂 墁猬,阂 虐烙叼 厚福 凉风 虐涝 内风穿林
494,4,老惑积劝,扁鸥,捞 橇肺弊伐阑 荤侩窍角荐 乐嚼聪鳖,瀣 岈猬喱袁猬熏蕃蕃熏攥 墁喱莠宅喱攥袁喱攥宅 椰诂莠脂悻诂佻椰,阂 明肺弊恩付蠢 妮捣绊穿 呼饭矫矫厚
495,4,老惑积劝,扁鸥,捞巴篮 公均涝聪鳖 ,瀣 铿蕃攥,阂 骏匙
496,4,老惑积劝,扁鸥,捞巴篮 しし涝聪促 ,瀣 攥脂猬悻 __________,阂 匙福技 _____
497,4,老惑积劝,扁鸥,捞巴篮 拘荐 涝聪促.,瀣 墁喱攥娆诂悻墁熏璎诂瘳莠熏攥熏,阂 沫乔胶墨矫锯扼炒
498,4,老惑积劝,扁鸥,捞巴阑 啊瘤绊 甸绢啊搁 救邓聪促.,瀣 攥脂猬悻脂攥 熏莠憩 墁诂猬袁脂 椰喱莠椰喱郜,阂 匙福技聪 舅辅 虐福罢 杭焊勒
499,4,老惑积劝,扁鸥,捞巴阑 怖 霖厚秦 林技夸,惮戡瀣攥 悻佻悻 宅熏瘳猬宅熏 椰脂猬诂诂,快酱穿 家荐荐 促具福翠 海府聪矫
500,4,老惑积劝,扁鸥,捞镑俊辑 祈洒 浆技夸,瀣 噩脂猬宅 噩熏郜宅熏猬 铿 熏莠憩憩,阂 力福单 磊捞促福 俊胶 舅福蠢令
501,4,老惑积劝,扁鸥,捞镑篮 公丰涝聪促.,瀣 椰脂墁脂,阂 海纳福
502,4,老惑积劝,扁鸥,捞府 旧栏技夸.,瀣 噩脂猬袁 喱洮瀣猬瀣瀣,阂 力福霸 坷捧风穿林
503,4,老惑积劝,扁鸥,捞锅俊 啊搁 肚 茄惫俊 棵 荐 乐绢夸,瀣攥瀣悻瀣攥宅 墁脂洮悻脂诂 铿蕃墁诂宅 宅熏袁 喱猬脂瘳袁 墁脂莠 熏莠熏悻憩佻椰,何穿鉴促 纳疥聪瘤 骏虐单 促弊 墨饭具啊 奶饭 舅扼胶令宏
504,4,老惑积劝,扁鸥,捞锅俊 穿备 瞒肥烈,‖佻憩 墁诂蕃宅诂 墁脂佻脂袁,酒令福 糯凋 纳力扁
505,4,老惑积劝,扁鸥,捞盒 家俺肺 坷继嚼聪鳖,超诂 瀣戡瀣 墁诂戡诂宅脂 墁脂莠宅诂诂佻椰,矫瘤 快蕉 虐浆掸 奶叼聪瘤厚
506,4,老惑积劝,扁鸥,捞率栏肺 坷技夸,瀣 噩熏墁墁 墁脂莠诂诂,阂 累墨 奶府聪瘤
507,4,老惑积劝,扁鸥,捞秦啊 邓聪鳖,船戡攥宅佻,譬滴穿林何
508,4,老惑积劝,扁鸥,捞秦秦林技夸,船戡攥佻 悻瀣猬熏攥熏,滴酱穿快穿林 荐扼巢
509,4,老惑积劝,扁鸥,捞秦沁栏搁 捞秦沁促绊 秦林技夸.,船戡攥悻 洮戡攥宅 宅脂 熏郜洮憩憩,譬酱穿家穿林 捧狄 氮 酒捞飘蠢令
510,4,老惑积劝,扁鸥,捞去窍绊 酵嚼聪鳖,‖噩憩猬熏戡墁憩憩 墁脂莠脂椰,酒令福浆农蠢令 奶府厚
511,4,老惑积劝,扁鸥,劳槛秦瘤搁 宝满阑芭抗夸,攥 墁脂洮悻脂诂 噩熏墁戡 铿莠 椰喱莠喱,内疮 纳疥聪瘤 累浆 郡饭 杭吩 
512,4,老惑积劝,扁鸥,老蚌 7,ì脂洮,力萍
513,4,老惑积劝,扁鸥,老俊 鞘夸茄 瘤侥苞 扁贱阑 劳洒技夸,ì瀣蕃瀣戡墁 墁脂猬脂墁 椰喱莠袁喱 椰诂莠诂 蕃脂攥脂 洮脂绗攥喱莠喱袁诂瘳莠熏猬宅 郜猬攥袁,林公酱墨 纳泛捧 杭帮 呼覆 皋迟 抛儒愁肺扁锯扼福靛 快捞沸奔肺
514,4,老惑积劝,扁鸥,老夸老,ì脂墁戡脂蕃椰,璃祭厚
515,4,老惑积劝,扁鸥,老嘛 老绢唱技夸.,楷猬洮 洮瀣猬瀣瀣,俊福抛 捧风穿林
516,4,老惑积劝,扁鸥,磊赤绰 割 疙牢啊夸,熏攥楝 椰熏莠熏憩 椰熏,沫瞒 惯扼蠢令 官福
517,4,老惑积劝,扁鸥,磊府俊 旧酒 林绞矫坷,艾猬宅瀣瀣佻袁 喱洮瀣猬瀣 洮瀣猬瀣瀣,坷风滴穿令啊 坷捧缝 捧风穿林
518,4,老惑积劝,扁鸥,磊盔豪荤涝聪促.,瀣 憩墁洮憩瘳猬楝憩莠憩,阂 拦飘具福铭袱
519,4,老惑积劝,扁鸥,肋 促赤坷技夸.,ì熏墁戡 椰熏猬憩 墁脂莠诂诂,累浆 官辅 奶府聪瘤
520,4,老惑积劝,扁鸥,肋 葛福摆嚼聪促.,ì熏墁戡 椰诂莠椰脂郜 铿墁脂,累浆 呼海勒 俊耐
521,4,老惑积劝,扁鸥,肋 葛福摆绢夸,ì熏墁戡 椰诂莠椰脂郜 铿墁脂,累浆 呼海勒 俊耐
522,4,老惑积劝,扁鸥,泪瘪父 扁促妨林矫摆嚼聪鳖,诂 熏 墁 洮瀣猬 熏莠熏悻憩佻椰,厚福 酒令 捻配 捧扼 舅扼胶令宏
523,4,老惑积劝,扁鸥,泪矫 力霸 林格秦 林绞矫夸,熏袁 椰诂 熏 墁 椰莠悻佻宅,付啊 厚福 酒令 内喘 杭家穿林档风
524,4,老惑积劝,扁鸥,泪矫父 扁促府技夸 ,诂 熏 墁 洮瀣猬袁瀣莠,厚福 酒令 捻配 捧风奔扼
525,4,老惑积劝,扁鸥,厘贰 锐噶捞 公均牢啊夸,脂莠脂楝脂墁洮脂 铿蕃攥脂攥 蕃洮洮攥悻,奶饭璃刨 骏匙聪 快沟配畴荐林
526,4,老惑积劝,扁鸥,历 渴篮 绢锭夸,船诂袁 墁诂郜诂 墁熏攥宅熏 铿墁脂,萍扁 虐烙 沫促捞 俊乃
527,4,老惑积劝,扁鸥,历档 茄锅 啊夯利捞 乐嚼聪促.,脂 宅熏袁 熏 噩熏墁 椰诂 噩喱莠 椰熏猬憩 墁猬袁,膏 促弊 舅 磊墨 厚府 凉风 官辅 内风磅 
528,4,老惑积劝,扁鸥,历窍绊 捞具扁 且 荐 乐唱夸,脂 蕃脂攥脂 悻郜莠 熏莠熏悻憩佻椰,膏 皋迟 荐啦肺碱 舅扼胶令宏
529,4,老惑积劝,扁鸥,傈巩啊狼 档框捞 鞘夸钦聪促,‖宅诂悻洮诂 噩熏猬宅熏蕃 墁脂猬脂,酒叼矫凭 磊福促骨 纳泛
530,4,老惑积劝,扁鸥,傈俊 捞具扁茄富捞 扁撅唱技夸,瀣袁 楝脂郜诂 熏郜洮憩莠袁熏 悻 铿悻诂诂佻宅脂椰,何啊 抛牢 酒捞撇埃 家林 俊矫聪矫单厚
531,4,老惑积劝,扁鸥,傈拳 粱 秦林技夸.,船脂莠脂娆喱 楝熏莠憩憩佻楝 蕃熏袁,炮饭迄 蔓福蠢胶明 付啊
532,4,老惑积劝,扁鸥,傈拳墨靛啊 乐嚼聪鳖,船脂莠脂娆喱 墁熏猬洮熏楝墁熏憩 椰熏猬椰,炮饭迄 墨福配明墨蠢胶 官福宏
533,4,老惑积劝,扁鸥,傈拳墨靛甫 备涝秦辑 荤侩窍技夸,船脂莠脂娆喱 墁熏猬洮熏悻憩 悻熏洮憩 熏莠憩 墁喱莠宅喱攥瀣瀣,炮饭迄 墨福鸥郊 荤频 舅辅 妮档穿穿荐
534,4,老惑积劝,扁鸥,例距窍技夸,超熏猬熏蕃噩熏莠宅熏憩,荤恩肋促蠢胶
535,4,老惑积劝,扁鸥,沥富 肋窍匙夸,宫憩 铿莠 噩熏墁戡 墁憩莠憩岈悻憩,鸣 郡饭 累浆 努赋胶令
536,4,老惑积劝,扁鸥,沥富肺夸! 曼 救 灯匙夸.,"宫憩 铿莠, 熏攥洮墁脂 椰喱莠椰喱郜 宅","奴 郡饭, 救乃 杭焊勒 促"
537,4,老惑积劝,扁鸥,沥富捞抗夸,艾戡 宅,坷碱 促 
538,4,老惑积劝,扁鸥,力 富俊 蓖甫 扁匡咯 林技夸,脂 熏郜洮墁熏攥憩蕃宅 瀣墁悻熏憩,膏 酒勒啊雌靛 宽荤蠢胶
539,4,老惑积劝,扁鸥,力啊 悼青秦靛府摆嚼聪促. ,脂 悻诂 蕃脂攥脂 楝喱袁瀣 椰熏猬熏,膏 矫瘤 皋迟 檬备 官恩
540,4,老惑积劝,扁鸥,力啊 抗甫 窍唱 甸绢 焊摆嚼聪促,脂 椰诂 蕃诂悻熏 墁脂莠洮诂猬诂 椰脂猬脂郜诂,膏 厚福 固混 奶萍赋 海饭牢
541,4,老惑积劝,扁鸥,炼陛 塞甸绢档 曼栏搁 利览捞 瞪 巴涝聪促,诂 熏 墁憩郜憩 椰喱莠悻 宅 楝憩宅熏悻熏憩 墁攥 墁脂洮脂悻诂,厚福 酒令 农牢 杭家 促 明促荤蠢胶 内疮 纳抛矫矫
542,4,老惑积劝,扁鸥,炼侩洒 窍绞矫坷 ,‖墁憩猬憩 椰喱莠瀣瀣,酒农弗 杭风穿荐
543,4,老惑积劝,扁鸥,亮酒夸,ì熏墁戡,累浆
544,4,老惑积劝,扁鸥,亮篮 积阿捞焙夸,ì熏墁戡 喱 铿墁脂,累浆 坷捞 俊乃
545,4,老惑积劝,扁鸥,林富俊 扁槛荤俊辑 泪父 磊瘤 付技夸.,ì瀣蕃 墁攥宅 噩熏洮熏墁熏攥熏宅 瀣墁洮熏 铿莠 椰脂猬椰脂诂,林付 娘档风 磊鸥墨唱促 宽鸥捞 郡饭 海府海聪瘤
546,4,老惑积劝,扁鸥,林家啊 绢痘霸 邓聪鳖,‖宅猬脂悻诂诂 墁熏攥宅熏,酒靛饭矫聪矫 沫促捞
547,4,老惑积劝,扁鸥,林狼窍技夸, 椰瀣猬瀣瀣佻宅熏,内喘 何风穿荐促福
548,4,老惑积劝,扁鸥,吝埃俊 绒霸家俊辑 泪矫 蒋 荐 乐嚼聪促.,熏猬 噩熏洮憩 铿 熏莠瀣瀣楝 噩脂猬宅 铿 熏莠熏莠憩,官扼 磊频 俊胶 舅风眠 力福单 俊胶 舅扼袱
549,4,老惑积劝,扁鸥,瘤陛 公均阑 窍绊 乐嚼聪鳖,‖佻憩 铿蕃攥 墁憩莠憩 噩熏洮熏悻憩佻宅熏,酒令福 骏匙 努辅 磊鸥胶令促福
550,4,老惑积劝,扁鸥,瘤陛 官悔技夸,‖佻憩 椰喱 铿蕃脂悻悻诂佻椰,酒令福 焊浆 俊皋矫矫厚
551,4,老惑积劝,扁鸥,瘤陛 し矫 し盒涝聪促. ,"‖佻憩 悻熏熏 00, 00 蕃诂攥瀣洮 椰喱莠宅","酒令福 荤狙 ____, ____固穿鸥 杭滴"
552,4,老惑积劝,扁鸥,瘤陛 窍绰 富捞 绢菲嚼聪鳖,脂 熏郜洮墁熏攥宅 洮戡 熏莠袁熏 噩喱墁悻瀣佻椰,膏 酒勒埃靛 捧酱畴 舅埃 练荐林何
553,4,老惑积劝,扁鸥,瘤陛 青汗窍脚啊夸,‖佻憩 椰熏墁洮憩莠瀣瀣悻瀣佻椰,酒令福 冠撇风荐林何
554,4,老惑积劝,扁鸥,瘤陛何磐 矫累窍技夸.,‖佻憩猬洮熏宅熏 椰熏戡洮熏憩,酒令福鸥窜 官浆鸥蠢令
555,4,老惑积劝,扁鸥,瘤陛篮 货寒涝聪促.,‖佻憩 洮 熏洮洮,酒令福 藕 狙飘 
556,4,老惑积劝,扁鸥,瘤陛贸烦 秦林技夸,‖佻憩猬墁憩宅熏 墁憩莠憩 椰脂猬诂诂,酒令福农促捞 努辅 海府聪矫摹
557,4,老惑积劝,扁鸥,流立窍绰霸 炒摆绢夸,佻 墁憩莠袁熏 洮瀣瀣猬 椰喱莠喱,坷林穿荐 努埃 捧扼 杭吩
558,4,老惑积劝,扁鸥,龙巩捞 乐栏搁 攫力电瘤 拱绢焊技夸 ,超瀣猬喱喱瀣 椰喱莠悻 墁熏楝熏 椰喱莠椰喱悻瀣 悻瀣猬熏憩,荐肺穿荐 杭家 墨蛮 杭焊鉴 荐扼蠢胶
559,4,老惑积劝,扁鸥,笼俊 傈拳窍绊 酵嚼聪鳖,郜 洮脂莠脂娆喱 楝熏莠袁憩憩 墁脂莠诂 噩熏洮熏椰,快捞绊 炮府迄 蔓弊蠢令 奶赋 磊鸥宏
560,4,老惑积劝,扁鸥,笼俊 傈拳窍技夸 ,郜 洮脂莠脂娆喱 楝熏莠憩憩,快捞绊 炮饭迄 蔓福蠢令
561,4,老惑积劝,扁鸥,笼俊 祈瘤甫 静技夸 ,郜 墁熏 噩熏佻憩憩,快捞绊 谋 磊令蠢胶
562,4,老惑积劝,扁鸥,曼 亮酒夸,‖瘳椰熏 噩熏墁戡,酒具官捞 累浆
563,4,老惑积劝,扁鸥,贸澜 茄惫俊 客辑  利览窍扁 塞甸烈,喱猬脂瘳袁 椰诂猬诂攥楝 噩喱莠 墁脂莠诂 墁攥 墁憩郜憩攥宅 铿,墨饭具啊 厚赴摹 凉风 奶赋 内穿浆 农牢促 俊
564,4,老惑积劝,扁鸥,玫 1000,,怪
565,4,老惑积劝,扁鸥,玫玫洒,ì熏,磊捞
566,4,老惑积劝,扁鸥,玫玫洒 富秦林技夸.,ì熏 熏郜洮憩 椰脂猬诂诂,磊捞 酒捞频 海府聪瘤
567,4,老惑积劝,扁鸥,秒固啊 公均涝聪鳖,番喱椰椰诂诂 铿蕃攥,龋厚聪瘤 骏匙
568,4,老惑积劝,扁鸥,模备啊 腹栏技夸,ガ喱悻瀣瀣 墁岈,档荐穿林 倪何
569,4,老惑积劝,扁鸥,模备甫 父唱矾 癌聪鳖 ,ガ喱悻瀣瀣佻袁 噩喱莠瀣墁墁熏攥 椰熏猬熏悻憩佻椰,档荐穿林啊 凉风墨蠢 官扼胶令宏
570,4,老惑积劝,扁鸥,哪腔磐绰 窍风俊 しし 矫埃父 窍技夸,喱蕃岈瞵瓞洮脂猬宅 椰诂 墁攥 00 悻熏熏 墁熏攥 墁喱莠宅喱攥瀣瀣,霓腔抛福叼 厚福 娘档 ___荤狙 墨唱 妮档穿穿林
571,4,老惑积劝,扁鸥,哪腔磐甫 窍角临 酒绞聪鳖,喱蕃岈瞵瓞洮脂猬宅 墁喱莠宅喱攥袁喱攥宅 椰诂莠脂悻诂佻椰,霓腔抛福叼 妮捣帮滴 呼饭矫瘤厚
572,4,老惑积劝,扁鸥,农霸 富靖窍技夸 ,熏洮瀣瀣猬熏 悻郜莠,墨捧遏 荐老肺穿林
573,4,老惑积劝,扁鸥,配夸老,戡脂蕃椰,捞祭厚
574,4,老惑积劝,扁鸥,烹开瘤盔季磐 傈拳锅龋绰 ししし-しししし涝聪促,喱洮喱猬蕃喱楝瀣攥瀣 噩熏猬宅熏蕃憩 椰脂猬袁脂 璎脂攥洮猬宅诂 洮脂莠脂娆喱 00,内配风葛眠传 磊福促谷 海福罢 季飘福凋 奶饭器穿 _____
575,4,老惑积劝,扁鸥,烹开且 荐 乐绰 荤恩阑 舅绊 乐唱夸,喱洮喱猬瀣 椰脂猬 熏莠 洮瀣猬袁熏 墁诂戡诂攥 椰诂莠脂悻诂佻椰,内喷缝 海饭 舅扼 捧风埃 虐浆聪 呼饭矫矫厚
576,4,老惑积劝,扁鸥,漂扁啊 公均涝聪鳖,超诂 铿蕃攥脂攥 噩熏墁戡 墁憩莠 熏莠熏悻憩,矫瘤 骏匙聪 累浆 努扼 舅扼胶令
577,4,老惑积劝,扁鸥,漂喊茄 老捞 积扁搁 荤厘丛俊霸 傈拳窍技夸 ,熏熏攥诂 诂戡诂诂 椰喱莠悻 宅诂猬脂墁洮喱猬袁 洮脂莠脂娆喱 楝熏莠憩憩,付匆风 捞浆聪瘤 隔家 叼废配风绊 炮饭迄 蔓福蠢令
578,4,老惑积劝,扁鸥,颇档啊 摹搁 奖聪促.,熏洮瀣  洮喱莠墁瀣 椰喱莠悻 铿 熏莠熏椰憩. ,墨捧 喷娘 杭家 俊胶 舅扼宏令
579,4,老惑积劝,扁鸥,乞家俊 款悼 凯缴洒 窍技夸,ì攥墁 墁攥宅 悻岈喱猬 蕃脂攥脂 蕃熏戡憩袁憩憩,炼畴内捞 娘档风 胶器福飘 皋迟 付浆弊蠢令 
580,4,老惑积劝,扁鸥,鞘夸茄 巴捞 乐栏搁 富靖窍技夸.,瀣墁洮熏 椰喱莠袁喱 攥脂猬悻脂诂 椰熏 椰喱莠悻 熏郜洮憩憩,宫v 杭帮 匙福技聪矫 官福 杭家 酒捞飘蠢胶
581,4,老惑积劝,扁鸥,鞘夸茄霸 公均牢啊夸,超诂 铿蕃攥脂袁 蕃瀣墁洮熏 椰喱莠瀣 噩熏洮熏悻憩,胶瘤 骏匙霸 宫v 杭缝 磊鸥胶令
582,4,老惑积劝,扁鸥,窍唱 1,诂,厚府
583,4,老惑积劝,扁鸥,茄惫 炮饭厚傈阑 焊绞聪鳖,喱猬脂瘳攥憩 洮脂莠脂蝇诂宅脂攥诂脂悻诂 墁猬悻佻,墨饭具绰 炮饭厚叼聪俊脚 内肺荐林何
584,4,老惑积劝,扁鸥,茄惫富 傍何啊 绢痘嚼聪鳖,喱猬脂 洮诂莠诂 郜猬 墁熏攥宅熏 铿墁脂,墨饭捞 瓶赴 快捞肺穿 沫促捞 俊乃
585,4,老惑积劝,扁鸥,茄惫富篮 绢蠢沥档 窍唱夸,喱猬脂 洮诂莠诂 墁熏攥宅熏 宅脂袁铿铿莠宅 椰诂莠脂悻诂,墨饭捞 瓶赴 沫促捞 掸爸单 呼饭矫矫
586,4,老惑积劝,扁鸥,茄惫富阑 窍角临 酒绞聪鳖,喱猬脂 洮诂莠诂 椰诂莠脂悻诂佻椰,墨饭捞 瓶赴 呼饭矫矫厚
587,4,老惑积劝,扁鸥,茄惫荤恩苞 措拳俊 绢妨框捞 乐嚼聪鳖 ,喱猬脂 墁诂戡 蕃脂攥脂 悻郜莠戡墁攥 墁憩郜攥熏莠椰熏郜悻憩佻椰,墨饭捞 虐浆 皋迟 荐老肺浆能档 农捞朝官捞胶令宏
588,4,老惑积劝,扁鸥,茄惫荤恩苞 巩力啊 乐嚼聪鳖 ,喱猬脂 墁诂戡诂悻 蕃脂攥脂 墁郜袁郜 椰熏猬椰,墨饭捞 虐浆矫 皋迟 内捞绊快穿荐 官福宏
589,4,老惑积劝,扁鸥,茄惫绢 傍何绰 窍矫唱夸,喱猬脂 洮诂莠诂 郜猬攥 噩熏洮熏悻憩佻椰,墨饭捞 瓶赴 快捞肺疮 磊鸥胶胶宏
590,4,老惑积劝,扁鸥,茄惫绢 傍何甫 凯缴洒 窍技夸 ,喱猬脂 洮诂莠诂 噩熏墁戡 喱墁瀣瀣,墨饭捞 瓶赴 累浆 坷捻穿荐
591,4,老惑积劝,扁鸥,茄惫绢 瓷仿矫氰捞 乐嚼聪促.,喱猬脂 洮诂莠 椰喱瓞攥楝 洮脂悻 椰熏,墨饭捞 瓶府 焊辣瞒 抛胶飘 官福
592,4,老惑积劝,扁鸥,茄惫绢 荐诀俊 曼咯窍技夸 ,喱猬脂 洮诂莠 悻熏椰熏袁憩攥 墁熏洮憩戡憩憩,墨饭捞 瓶府 荤官弊唱 墨飘浆飘胶
593,4,老惑积劝,扁鸥,茄惫绢甫 硅快绊 酵嚼聪鳖,喱猬脂 洮诂莠诂 郜猬攥袁瀣 墁脂莠脂椰,墨饭捞 瓶赴 快捞沸备穿荐 奶饭厚
594,4,老惑积劝,扁鸥,茄惫俊 啊练捞 乐唱夸 ,喱猬脂瘳宅 -椰莠 椰熏猬椰,纳饭具促 快捞-阂肺穿荐 官福宏
595,4,老惑积劝,扁鸥,茄惫俊 割 斥 悼救 乐菌绢夸,喱猬脂瘳宅 墁熏攥楝 噩憩 噩熏戡熏宅憩憩,墨饭具促 沫瞒 榴 磊箕靛蠢胶
596,4,老惑积劝,扁鸥,茄惫俊 酒绰 荤恩捞 乐嚼聪鳖 ,喱猬脂瘳宅 洮熏攥憩戡憩憩 椰熏猬椰,墨贰具促 鸥飘浆飘胶 官福宏
597,4,老惑积劝,扁鸥,茄惫俊 柯瘤 倔付唱 登继嚼聪鳖,喱猬脂瘳袁 墁脂莠袁脂攥诂诂佻袁 墁熏攥楝 椰喱莠宅,墨饭具啊 奶霸聪聪胶霸 沫瞒 杭滴
598,4,老惑积劝,扁鸥,茄惫狼 厕阑 捞风扁甫 官贰夸.,喱猬脂瘳宅 喱 洮诂莠脂袁脂攥诂攥诂佻袁 噩脂洮诂攥诂.,墨饭具促 坷荐 瓶饭霸聪聪胶霸 力凭聪矫
599,4,老惑积劝,扁鸥,窃膊 癌矫促.,宫喱袁瀣 椰熏猬熏莠憩,檬备 官饿袱
600,4,老惑积劝,扁鸥,勤靛迄 锅龋啊 绢痘霸 邓聪鳖,惮瓞莠宅瀣 洮脂莠脂娆喱攥瀣瀣佻宅瀣 攥喱蕃脂猬 墁熏攥宅熏,快啦迪 炮饭檬穿穿林敌 畴皋府 沫促捞
601,4,老惑积劝,扁鸥,青汗窍技夸,熏墁洮憩莠瀣瀣悻瀣佻椰,冠撇风荐荐何
602,4,老惑积劝,扁鸥,屈 ,熏郜墁,官捞纳
603,4,老惑积劝,扁鸥,屈力磊概绰 割牢啊夸,熏攥楝 椰诂 洮瀣瀣袁熏攥憩憩 椰熏,沫瞒 厚福 滴啊蠢蠢令 官福
604,4,老惑积劝,扁鸥,去磊辑 牢玫傍亲鳖瘤 哎 荐 乐唱夸,ì熏莠袁憩 攥楝喱 熏铿猬喱岈喱猬洮墁 椰熏猬 熏莠熏悻憩佻椰,肋弊胶 牢玫 酒俊肺器福飘内 官扼 舅扼胶令宏
605,4,老惑积劝,扁鸥,拳夸老,含脂郜戡脂蕃椰,技捞祭厚
606,4,老惑积劝,扁鸥,雀荤俊 阂父捞 公均涝聪鳖,喱蕃岈熏攥诂瘳袁 椰喱莠袁喱 宅熏洮洮熏攥瀣瀣攥瀣 铿蕃攥,霓颇聪具啊 杭帮 促鸥穿穿林 骏匙
607,4,老惑积劝,扁鸥,惹涪秦夸,‖椰宅熏 蕃憩墁洮 ,拘窜 瞧
608,4,老惑积劝,扁鸥,塞电 老捞 乐澜 绢妨况窍瘤 富绊 富秦 林技夸.,憩郜攥熏莠袁熏 诂戡诂诂 椰熏 椰喱莠悻 熏郜洮憩憩,农捞朝埃 捞浆聪瘤 官福 杭家 酒捞飘蠢令
609,4, 椰瀣郜猬瀣袁 ,"ì瀣蕃瀣戡洮瀣 椰熏戡洮熏莠憩戡, 椰瀣洮瀣戡",00矫何磐  具埃 辟公啊 矫累邓聪促.,超熏熏 00 椰熏戡洮熏 洮攥 噩瀣蕃瀣 椰熏戡洮熏莠熏,荤狙____官浆啪 坯捻 林公浆 官浆呕儿
610,4,累诀瘤矫,"辟公矫累,场",埃侥矫埃涝聪促. ,爆喱莠宅攥诂 瀣椰熏袁,杭靛聪虐 快官弊 
611,4,累诀瘤矫,"辟公矫累,场",辟公矫埃捞 场唱扁 傈俊 累诀厘阑 栋唱瘤 付技夸. ,戡洮脂袁脂 噩脂猬宅 瀣椰熏墁憩 椰 铿莠脂墁 楝脂郜诂 洮憩戡洮熏 墁脂洮岈脂袁诂莠,捞浆抛罢 力府叼 快官 鹤能绊 眉牢 鸥浆啪 R海辨饭 
612,4,累诀瘤矫,"辟公矫累,场",郴老篮 浆绰 朝涝聪促 ,楷猬洮 铿 熏莠熏椰憩,俊福刨 俊胶 舅扼宏令 
613,4,累诀瘤矫,"辟公矫累,场",郴老篮 楷厘辟公啊 乐嚼聪促. ,楷猬洮 墁熏莠憩 诂戡洮脂郜椰诂,俊福刨 漠辅 捞浆抛捞厚瘤
614,4,累诀瘤矫,"辟公矫累,场",郴老篮 老嘛 免辟窍绞矫坷. ,楷猬洮 噩瀣蕃瀣戡洮熏 铿猬洮 楝憩墁墁憩莠,俊福刨 林公酱藕 郡抛 明缠扼
615,4,累诀瘤矫,"辟公矫累,场",促矫 老钦矫促. ,ガ熏袁 诂戡洮脂郜莠,促弊 捞浆抛老府
616,4,累诀瘤矫,"辟公矫累,场",荐绊沁嚼聪促 ,ì熏墁戡 诂戡洮脂宅诂诂佻宅脂,累浆 捞浆抛叼聪瘤单府
617,4,累诀瘤矫,"辟公矫累,场",鉴蔓矫埃涝聪促.,船脂墁戡脂猬瀣 (岈熏洮猬瀣莠) 瀣椰熏袁. ,咆技风 (颇飘逢)快官弊
618,4,累诀瘤矫,"辟公矫累,场",し矫鳖瘤 老阑 场郴技夸 ,超熏熏 00  诂戡洮 椰洮猬袁,荤狙 ______捞浆萍 何捧费风
619,4,累诀瘤矫,"辟公矫累,场",坷疵 累诀篮 场车嚼聪促. ,袁 诂 椰洮,何焙 捞浆 何捧 
620,4,累诀瘤矫,"辟公矫累,场",坷疵篮 官慧 朝涝聪促 ,袁 墁喱 椰喱戡喱椰喱袁喱 墁 椰喱莠宅,何焙 妮 焊碱帮 娘 杭滴
621,4,累诀瘤矫,"辟公矫累,场",坷疵篮 具埃 累诀阑 秦具 钦聪促. ,瀣袁瀣 洮瀣攥宅 诂戡洮喱喱袁 洮瀣瀣猬 墁脂莠脂 ,何焙 坯档 捞浆配绊 捧扼 奶房
622,4,累诀瘤矫,"辟公矫累,场",坷疵篮 捞父 场忱矫促,瀣袁瀣 瀣戡瀣攥 蕃脂攥脂 椰瀣洮瀣猬喱莠 ,何焙 快酱穿 皋迟 何捧费风
623,4,累诀瘤矫,"辟公矫累,场",坷疵篮 捞父 浆技夸 ,袁 椰喱莠宅 铿 熏莠袁憩莠,何焙 杭滴 俊胶 舅臂扼
624,4,累诀瘤矫,"辟公矫累,场",坷疵篮 老捞 腹嚼聪促 ,袁 噩瀣蕃瀣 墁,何焙 林公酱 倪
625,4,累诀瘤矫,"辟公矫累,场",坷疵篮 老捞 利嚼聪促.,袁 噩瀣蕃瀣 熏,何焙 林公酱 酒胶
626,4,累诀瘤矫,"辟公矫累,场",老阑 酒流 场郴瘤 给沁嚼聪促.,ì瀣蕃瀣戡洮 熏佻憩猬憩攥楝 椰洮 熏莠袁熏 噩喱墁蕃瀣,林公酱捧 酒胶弗鸥 何捧肺 舅埃 练巩
627,4,累诀瘤矫,"辟公矫累,场",累诀窍带 巴篮 付公府窍绊 硼辟秦林技夸.,憩莠憩 噩熏洮墁熏 诂戡诂攥脂猬宅 椰瀣洮瀣猬瀣 瀣瓞攥喱猬袁 噩喱攥喱袁瀣莠 ,努辅 楞沫 捞浆匙府叼 何捧缝 快蜡畴风绊 炼畴奔肺
628,4,累诀瘤矫,"辟公矫累,场",粱 浆菌促 钦矫促.,诂 熏 铿 熏莠憩 诂戡洮脂郜莠,厚福 酒胶 俊胶 舅辅 捞浆抛老府
629,4,累诀瘤矫,"辟公矫累,场",瘤陛篮 硼辟矫埃涝聪促. ,‖佻憩 噩瀣蕃瀣 椰洮墁 瀣椰熏墁憩,酒令福 林公浆 鹤能 快官
630,4,累诀瘤矫,"辟公矫累,场",瘤陛篮 绒侥矫埃涝聪促. ,‖佻憩 铿 熏莠瀣 瀣椰熏墁洮憩悻,酒令胶 俊胶 舅风 快冠飘胶
631,4,累诀瘤矫,"辟公矫累,场",硼辟傈 林困 沥府沥捣 肋 秦林技夸 ,ì瀣蕃瀣戡洮熏 墁脂洮 铿莠脂墁洮 楝脂 楝脂洮诂脂猬宅 噩憩郜攥熏 墁脂洮诂诂佻宅脂,林公酱藕 纳抛 郡泛抛 寐 眉萍匙府叼 令捞吵 纳萍聪胶单府
632,4,累诀瘤矫,戡洮喱 噩瀣猬瀣 洮瀣猬瀣蕃 ,埃窜窍匙夸.,艾攥喱 铿莠 铿墁脂 ,坷畴捞 郡饭 俊乃
633,4,累诀瘤矫,辟公怕档,弊矾搁 磊啊 惯傈扁啊 啊悼邓聪促.,‖攥宅熏 椰喱莠悻 熏岈岈熏猬熏洮洮憩 喱佻瀣攥瀣 袁脂攥脂猬熏洮喱猬 诂戡墁 墁诂猬脂 ,救促捞 杭家 酒颇儿瓢 坷荐传 霸匙扼配风 捞浆纳 虐房
634,4,累诀瘤矫,辟公怕档,辟公矫埃 吝 勤靛迄阑 荤侩窍瘤 付技夸 ,戡洮脂 噩熏洮墁熏攥宅 洮脂莠脂娆喱攥宅 墁喱莠宅喱攥椰喱攥瀣佻宅熏 ,捞浆跑 楞埃促 炮饭迄滴 妮捣焊穿荐促福
635,4,累诀瘤矫,辟公怕档,辟公矫埃俊 磊府甫 厚匡 版快 怖 富靖窍绞矫夸.,戡洮脂 噩熏洮墁熏 瀣楝瀣猬宅 椰熏戡墁 噩熏墁墁 楝憩墁悻熏攥熏 悻喱佻悻瀣 熏郜洮憩 墁喱瓞 楝憩墁墁憩莠 ,捞浆跑 楞埃 快眠风促 官浆墨 磊墨 螟荤唱福 家荐胶 酒捞频 内来 明努扼
636,4,累诀瘤矫,辟公怕档,辟公吝俊绰 棱淬阑 窍瘤 付技夸.,戡洮脂 噩熏洮墁熏攥宅 悻瀣郜莠喱戡椰喱袁瀣莠 ,捞浆跑 楞埃促 荐啦肺浆焊奔肺
637,4,累诀瘤矫,辟公怕档,唱甫 档客林技夸.,熏袁 噩熏猬宅熏 椰脂猬诂诂,付啊 磊福淬 海府聪矫
638,4,累诀瘤矫,辟公怕档,郴妨 初栏技夸 ,ì脂猬袁 墁喱瓞攥瀣 ,力福霸 内蜡穿荐
639,4,累诀瘤矫,辟公怕档,郴府技夸 ,浆莠宅憩 洮瀣戡瀣猬瀣攥瀣,阑靛捞 捧酱风穿荐
640,4,累诀瘤矫,辟公怕档,摧酒夸 ,ì熏椰憩攥憩,磊宏蠢胶
641,4,累诀瘤矫,辟公怕档,寸脚狼 角荐涝聪促. ,超诂佻宅诂 墁熏洮熏攥憩,矫胶凋 墨鸥蠢胶
642,4,累诀瘤矫,辟公怕档,寸脚捞 辟公矫埃俊 词绢 蜡皑涝聪促. ,ì瀣蕃瀣戡墁 墁脂楝诂袁诂 墁脂莠袁脂 瀣楝瀣 墁脂楝诂猬诂 悻瀣猬熏郜,林公浆墨 纳摹遍 奶罢 快冕 纳摹覆 荐扼烙
644,4,累诀瘤矫,辟公怕档,父瘤瘤 付技夸 ,熏猬蕃熏椰熏攥憩 ,墨福付官蠢胶
645,4,累诀瘤矫,辟公怕档,肛眠技夸 ,船喱墁洮喱瀣,佩配穿荐
646,4,累诀瘤矫,辟公怕档,公芭快聪 鞍捞 甸绢林技夸,艾喱 楝喱袁瀣 墁洮猬袁,坷坷风 檬备 内配风奔肺
647,4,累诀瘤矫,辟公怕档,公鞭绒啊涝聪促.,船喱莠喱攥瀣 椰脂猬诂莠椰喱喱楝 喱洮岈瀣悻,喷肺穿仟 海副焊眠 渴何胶农
648,4,累诀瘤矫,辟公怕档,公窜栏肺 雀荤傈拳甫 荤侩秦辑绰 救邓聪促 ,超瀣猬熏椰熏悻洮熏 墁喱蕃岈熏攥诂瘳攥憩 洮脂莠脂娆喱攥瀣 墁喱莠宅喱攥瀣瀣袁 椰喱莠椰喱郜,荐扼官胶藕 寞颇聪具绰 炮饭器传 妮档穿啊 杭焊勒
649,4,累诀瘤矫,辟公怕档,弓栏技夸 ,熏郜莠熏憩,官老扼蠢胶
650,4,累诀瘤矫,辟公怕档,哈栏技夸 ,宫脂楝诂诂,眉摹聪聪瘤
651,4,累诀瘤矫,辟公怕档,阂樊前捞 唱坷瘤 臼档废 林狼窍技夸 ,猬熏 椰喱莠椰喱郜洮瀣猬袁熏攥宅熏 熏椰熏郜莠熏袁憩莠,宏遏 杭焊捞 捧风埃促捞 酒官老扼臂扼
652,4,累诀瘤矫,辟公怕档,荤丰甫 临 矫埃捞俊夸.,ì脂 椰脂猬 洮瀣猬袁熏 瀣椰熏墁憩.,联 海饭 捧风埃 快官
653,4,累诀瘤矫,辟公怕档,惑荤狼 富阑 肋 甸栏技夸.,熏戡墁熏猬蕃熏攥憩 悻喱佻瀣 噩熏墁戡 瀣墁墁瀣莠,官浆墨福付绰 家霖 累浆 V酿扼
654,4,累诀瘤矫,辟公怕档,惑磊俊 瞒邦瞒邦 持栏技夸,连氍诂墁墁 洮脂袁诂 噩憩郜袁憩莠 ,具纳 抛扁瘤 令捞臂扼
655,4,累诀瘤矫,辟公怕档,货肺款 券版俊 利览窍技夸.,ì熏攥 楝喱郜猬喱袁 墁喱攥瀣戡瀣攥瀣佻宅喱 ,磊蠢 檬捞肺绊 内穿酱穿林档风
656,4,累诀瘤矫,辟公怕档,辑滴福技夸 ,熏洮憩猬熏熏 墁憩郜蕃憩莠宅熏攥憩佻宅熏 ,官飘遏 农捞股促蠢令促福
657,4,累诀瘤矫,辟公怕档,辑肺 辑肺 档客辑 钦矫促.,诂猬 椰诂猬诂攥诂佻袁 噩熏猬宅熏 椰脂猬诂 诂 墁憩莠憩攥憩佻宅熏 ,厚府 厚府聪瘤霸 磊福淬 海赋 捞浆 努福蠢令促福
658,4,累诀瘤矫,辟公怕档,己角窍霸 老秦林技夸,宫憩 噩瀣猬喱墁洮喱 诂戡洮脂 椰脂猬诂攥诂佻宅脂 ,鸣 林废沛 捞浆奈 海府聪瘤单府
659,4,累诀瘤矫,辟公怕档,鉴辑措肺 累诀阑 秦具钦聪促.,脂佻脂袁 蕃脂攥脂 诂戡洮 熏洮墁熏猬瀣 墁脂猬脂 ,纳力扁 皋迟 捞浆萍 酒飘墨风 纳泛
660,4,累诀瘤矫,辟公怕档,矫埃阑 怖 瘤虐技夸,脂楝诂墁椰脂攥诂,虐蘑海聪瘤
661,4,累诀瘤矫,辟公怕档,角荐窍瘤 臼档废 窍技夸.,熏洮 墁脂洮诂猬椰脂袁脂攥 熏猬脂墁脂 墁憩莠憩攥憩佻宅熏 ,墨鸥 纳萍府海霸聪 酒饭南 努福蠢令促福
662,4,累诀瘤矫,辟公怕档,酒橇芭唱 磷篮 蹬瘤/家/催捞 绝绰瘤 犬牢秦林技夸.,艾喱猬瀣袁熏 噩 喱莠瀣 墁熏莠袁熏 楝喱楝墁/瀣/洮喱喱 噩喱 椰脂墁脂 洮脂墁戡脂猬诂攥诂佻宅脂,坷风埃 力 棵缝 漠埃 檬眠内/快捞/配苛 练 海乃 咆技府聪瘤单府
663,4,累诀瘤矫,辟公怕档,旧栏技夸 ,艾洮瀣猬瀣攥瀣 ,坷捧风穿林
664,4,累诀瘤矫,辟公怕档,菊栏肺 矫埃阑 肋 瘤难林技夸. ,脂莠脂楝脂墁洮 瀣椰熏墁憩洮洮熏 墁脂楝诂墁椰脂攥诂,奶饭媒抛 快官窜 纳蘑海聪瘤
665,4,累诀瘤矫,辟公怕档,菊栏肺 角荐窍瘤 臼档废 林狼秦林技夸. ,脂莠脂楝脂墁洮 墁熏洮 墁脂洮诂猬椰脂袁脂攥 熏猬脂墁脂 墁憩莠憩攥憩 ,奶饭媒抛 墨鸥 纳萍府海霸聪 酒饭南 努福蠢令
666,4,累诀瘤矫,辟公怕档,咯扁 粱 焊技夸.,瀣 噩脂猬宅 墁熏猬熏悻熏 ,阂 力府叼 墨扼荤胶
667,4,累诀瘤矫,辟公怕档,咯扁辑 唱啊林绞矫夸.,瀣 噩脂猬宅脂 楝憩袁憩 墁脂洮诂诂,阂 力福掸 明鞭 纳萍聪瘤
668,4,累诀瘤矫,辟公怕档,咯扁辑绰 痹蘑苞 龙辑甫 肋 瘤难具钦聪促.,瀣 噩脂猬宅脂 铿猬脂噩脂莠脂猬宅 噩熏墁戡 悻熏墁洮熏戡憩憩 墁脂猬脂,阂 力府掸 俊饭俩饭府叼 累浆 昏鸥浆蠢令 纳泛
669,4,累诀瘤矫,辟公怕档,咯扁俊 初栏技夸.,瀣 噩脂猬袁 墁喱瓞瀣瀣,阂 力府霸 内蜡穿林
670,4,累诀瘤矫,辟公怕档,咯扁俊 甸绢坷瘤 付技夸.,瀣 噩熏墁墁 墁诂猬椰脂诂,阂 磊墨 虐府海聪瘤
671,4,累诀瘤矫,辟公怕档,咯流盔甸俊  己利牢 丑淬阑 窍瘤 付技夸,‖瘳 墁喱莠莠脂袁熏莠熏猬袁 噩憩攥憩悻洮憩 洮熏蕃熏戡 墁憩莠椰熏憩佻宅熏,酒锯 妮饭哎扼福啊 令蠢胶贫 鸥付箕 努福官蠢令促福
672,4,累诀瘤矫,辟公怕档,凯绢夸,‖楝憩憩,酒明蠢令
673,4,累诀瘤矫,辟公怕档,柯档甫 眉农秦林技夸.,船脂蕃岈脂猬熏洮瀣猬熏攥 楝脂攥脂诂,袍其扼捧扼蠢 眉匙聪瘤
674,4,累诀瘤矫,辟公怕档,棵府技夸 ,洮猬,内配风穿林
675,4,累诀瘤矫,辟公怕档,捞 啊绵篮 抗刮茄 悼拱涝聪促.,瀣 蕃熏 熏椰宅熏 悻脂佻诂蕃洮熏 噩熏攥憩椰熏 椰喱莠喱 ,阂 富 酒宏窜 技咙呕 磊蠢官福 杭吩
676,4,累诀瘤矫,辟公怕档,捞府 粱 客 焊技夸.,瀣 噩熏墁墁 墁脂莠悻脂诂,阂 磊墨 奶府聪瘤
677,4,累诀瘤矫,辟公怕档,老苞 绒侥阑 备盒窍咯 辟公甫 窍技夸,ì瀣蕃瀣 蕃脂攥脂 宅脂 熏莠憩戡洮 熏郜憩猬蕃熏莠熏 诂 墁憩莠憩攥憩 ,林公浆 皋迟 旦 舅福浆飘 酒捞福富而 捞浆 努福蠢令
678,4,累诀瘤矫,辟公怕档,老阑 付摹搁  没家客 沥府沥捣阑 枚历洒 窍技夸,"ì瀣蕃瀣 椰瀣洮墁喱攥宅 洮脂袁脂猬脂-楝脂墁脂攥 洮熏佻熏莠熏, 喱喱猬宅瀣攥 喱 诂猬脂洮 蕃脂攥脂 墁脂莠洮诂猬诂攥诂","林公荐 鹤能档 抛霸泛-眉纳聪 鸥肋而, 坷风滴唱 坷林 捞饭萍 皋迟 奶萍府聪瘤"
679,4,累诀瘤矫,辟公怕档,老阑 弧府 秦林技夸,戡洮 洮脂佻诂猬脂 墁憩莠憩攥憩,捞浆萍 抛瘤泛 努福蠢令
680,4,累诀瘤矫,辟公怕档,老阑 且锭绰 促弗 积阿 窍瘤付技夸., 墁憩莠憩 噩熏洮墁熏攥宅 椰熏戡墁 攥脂猬悻脂攥 喱郜莠喱椰喱攥瀣,捞浆 努辅 楞沫促 官浆墨 匙福技聪 坷老肺焊穿林
681,4,累诀瘤矫,辟公怕档,涝栏技夸 ,诂郜诂攥诂,虐捞聪聪瘤
682,4,累诀瘤矫,辟公怕档,累悼矫虐技夸 ,‖岈岈熏猬熏洮洮 噩瀣猬袁瀣佻瀣攥瀣,酒颇儿靛 林风备林穿荐
683,4,累诀瘤矫,辟公怕档,累诀 傈 馆靛矫 家刀/规开 累诀阑 窍绞矫坷.,ì瀣蕃瀣戡墁 墁诂猬诂戡脂猬宅诂 熏莠宅憩攥宅 宅熏郜憩蕃 宅脂佻诂攥娆脂墁璎诂瘳莠熏/洮熏佻熏莠熏 熏攥熏 墁诂猬诂戡诂攥诂,林公酱墨 虐府技福凋 舅电促 促捞付 单柳棋矫锯而/鸥肋而 酒抄 虐府浆聪瘤
684,4,累诀瘤矫,辟公怕档,累诀 吝俊绰 棱淬阑 伙啊技夸 , 瀣楝瀣猬瀣攥宅 悻瀣郜莠喱戡椰喱攥瀣,捞浆 快眠烽促 荐老肺浆焊穿林
685,4,累诀瘤矫,辟公怕档,累诀 吝俊绰 厘抄摹瘤 付技夸 ,戡洮脂 噩熏洮墁熏 瀣楝瀣猬宅 喱郜攥喱椰喱攥瀣,捞浆跑 楞沫 快眠风促 坷捞畴焊穿林
686,4,累诀瘤矫,辟公怕档,累诀汗栏肺哎酒 涝栏技夸.,惮攥诂娆喱猬蕃熏攥 墁诂郜诂攥诂,快聪器福付蠢 虐捞聪瘤
687,4,累诀瘤矫,辟公怕档,累诀怕档甫 官福霸 窍技夸,ì瀣蕃瀣戡洮 洮诂郜诂戡洮瀣 铿猬脂噩脂攥 悻熏墁洮熏攥憩 ,林公浆鸥 萍捞浆捧 俊饭力聪 昏鸥蠢令
688,4,累诀瘤矫,辟公怕档,累诀且 锭 茄 传阑 迫瘤 付技夸 ,戡洮脂 噩熏洮墁熏攥宅 铿墁 噩熏墁洮 洮诂墁洮脂椰脂攥诂佻宅脂,捞浆跑 楞沫促 俊虐 累飘 咆抛海聪瘤单府 
689,4,累诀瘤矫,辟公怕档,肋 焊绊 蝶扼窍技夸 ,ì熏墁戡憩莠熏 墁喱猬瀣 熏莠憩攥憩 宅熏袁 蕃脂攥诂 熏猬洮憩蕃宅熏 墁熏郜洮熏莠熏攥憩. ,累蒋而 内缝 舅福蠢令 促弊 皋囱 酒福拼窜 墨捞呕扼蠢令
690,4,累诀瘤矫,辟公怕档,泪瘪父 肛眠技夸 ,诂 熏 噩憩莠椰熏 洮瀣猬瀣瀣,厚福 酒令 榴官捞 捧风穿林
691,4,累诀瘤矫,辟公怕档,厘矫埃 辟公 厘家甫 厚匡锭绰 OO何辑肺 脚绊甫 窍绞矫夸,惮佻熏 瀣椰熏墁憩洮墁 诂戡洮脂 噩熏洮墁熏 噩熏郜憩攥憩佻宅 墁熏莠洮憩猬袁熏攥宅 _______椰喱莠瀣蕃瀣攥 椰诂莠宅诂猬诂 墁喱瓞攥瀣,快累 快官啊 捞浆跑 楞埃 磊捞蠢胶靛 墨福飘福埃促 ____杭风公畴 呼叼赋 内蜡穿荐
692,4,累诀瘤矫,辟公怕档,历甫 档客林技夸.,熏袁 噩熏猬宅熏 椰脂猬诂诂,付啊 磊福淬 海府聪矫
693,4,累诀瘤矫,辟公怕档,历率栏肺 啊技夸,船诂袁 噩熏墁墁 椰熏猬憩憩,萍扁 磊墨 官福蠢胶
694,4,累诀瘤矫,辟公怕档,沥府甫 磊林 窍技夸,船脂 洮脂 噩憩郜攥熏 洮瀣猬瀣瀣,抛胶 抛胶 令捞吵 捧风穿荐
695,4,累诀瘤矫,辟公怕档,沥傈捞 灯绰瘤 犬牢秦 林技夸.,超蝇脂 楝 墁熏莠宅憩椰 洮脂墁戡脂猬悻脂诂,胶邯 坷娩 墨福靛宏 咆技福技聪矫
696,4,累诀瘤矫,辟公怕档,沥傈捞 登搁 捞 滚瓢阑 喘矾具 钦聪促.,超蝇脂 楝 墁熏莠袁熏攥宅 椰瀣 墁攥喱岈墁熏攥 椰熏悻憩憩,胶邯 坷娩 漠埃促 阂 农绸墨蠢 官胶蠢胶
697,4,累诀瘤矫,辟公怕档,力啊 窍绰措肺 蝶扼窍技夸,脂攥 墁熏郜洮熏莠熏 墁憩莠憩憩,皋聪 墨捞呕而 努福蠢胶
698,4,累诀瘤矫,辟公怕档,炼陛 汗棱茄 老涝聪促.,诂 熏 椰熏 喱猬瀣洮墁熏 诂 铿墁脂,厚福 酒胶 官浆 坷讽埃 捞浆 俊乃
699,4,累诀瘤矫,辟公怕档,炼侩洒 窍矫绊 力 富靖阑 甸绢焊技夸,‖墁憩猬憩 椰喱莠瀣 蕃脂攥诂 悻佻蕃 瀣袁瀣瀣,酒农弗 杭缝 皋囱 家淋滴 快备穿荐
700,4,累诀瘤矫,辟公怕档,粱 塞阑 郴辑 凯缴洒 老钦矫促.,诂 熏 墁瀣 熏莠憩 墁熏洮瀣 诂戡洮脂郜莠,官福 酒令  舅辅 墨捧 捞浆抛老府
701,4,累诀瘤矫,辟公怕档,瘤阿窍搁 救邓聪促.,脂楝诂墁墁脂 椰喱莠椰喱郜,纳摹乃 杭焊勒
702,4,累诀瘤矫,辟公怕档,瘤陛 老窍绰霸 利览捞 邓聪鳖,ì瀣蕃瀣戡墁 墁攥 墁熏莠宅憩憩佻椰,林公浆墨 内疮 漠靛蠢令宏
703,4,累诀瘤矫,辟公怕档,瘤陛篮 雀荤 老捞 官狐辑 绢妨况夸.,‖佻憩 诂戡墁熏攥熏宅 诂 墁喱 椰喱莠瀣 墁诂楝诂攥 墁憩郜憩攥憩猬熏熏 椰喱莠喱,酒令福 捞浆墨唱促 捞浆 倪 杭缝 虐摹匙 农捞蠢遏 杭吩
704,4,累诀瘤矫,辟公怕档,笼绢夸 ,‖莠憩憩,舅福蠢令
705,4,累诀瘤矫,辟公怕档,氓惑困俊 爱促 初栏技夸.,超洮喱莠宅瀣 悻洮 墁喱郜瀣瀣,胶喷敌 快荐捧畴 内蜡穿林
706,4,累诀瘤矫,辟公怕档,飘钒俊 拱扒阑 角栏技夸.,熏蕃熏佻袁 椰瀣瓞蕃宅熏猬宅 噩瀣墁洮喱攥瀣 ,墨付令啊 何莱促福靛 磷配穿林
707,4,累诀瘤矫,辟公怕档,器厘阑 肋 秦具钦聪促.,ì熏墁戡憩莠熏 瀣岈熏墁喱蝇墁熏莠熏 墁脂猬脂 ,累蒋而 快颇内橇漠扼浆 纳泛
708,4,累诀瘤矫,辟公怕档,窍矫绰 老俊 弥急阑 促秦 林技夸,憩莠憩 噩熏洮墁熏 诂戡诂攥脂猬袁 椰瀣 墁瀣楝瀣攥喱猬宅 噩瀣蕃戡熏攥憩佻宅熏,努辅 楞埃 捞浆匙福霸 鹤 捻眠畴风滴 淋箕蠢令促福 
709,4,累诀瘤矫,辟公怕档,亲惑 眶栏搁辑 积劝窍技夸,ガ熏郜憩蕃 墁瀣莠瀣 噩熏戡熏攥憩佻宅熏,促捞付 酿缝 磊箕蠢令促福
710,4,累诀瘤矫,辟公怕档,拳犁啊 惯积窍瘤 臼疽绰瘤 犬牢秦 焊技夸.,艾猬 楝憩墁椰熏岈洮憩猬椰 洮脂墁戡脂猬诂 墁喱猬瀣攥瀣,坷福飘 螟逛飘福宏 咆技赋 内风穿林
711,4,累诀瘤矫,辟公怕档,拳犁啊 惯积且 荐 乐嚼聪促.,艾猬 楝憩袁憩 墁脂洮诂戡 蕃瀣蕃墁瀣 ,坷福飘 明鞭 纳萍浆 钩娘
712,4,累诀瘤矫,辟公怕档,雀荤 厚剐阑 蜡免秦辑绰 救邓聪促. ,喱蕃岈熏攥诂瘳攥憩 悻憩猬憩 悻憩猬洮墁 楝憩袁熏猬瀣瀣袁 椰喱莠椰喱郜 ,霓颇聪具绰 胶弗 胶俯啊 明啊风啊 杭焊勒 
713,4,累诀瘤矫,辟公怕档,雀荤甫 捞呕窍瘤 付绞矫坷 ,戡墁熏攥熏宅熏 墁熏楝憩 墁脂洮椰脂攥诂佻宅脂 ,捞浆墨唱窜 墨命 南海聪瘤单府
714,4,累诀瘤矫,辟公怕档,雀荤狼 痹蘑篮 馆靛矫 瘤虐技夸,戡墁熏攥熏攥憩 铿猬脂噩脂莠脂猬诂 宅熏郜憩蕃 悻熏墁洮熏攥憩佻宅熏 ,捞浆墨唱绰 俊饭俩饭赴 促捞付 昏鸥蠢令促福
715,4,累诀瘤矫,辟公怕档,塞甸搁 捞具扁 窍技夸,憩郜攥熏莠悻熏攥憩 熏郜洮憩攥憩佻宅熏 ,农捞朝荤蠢令促福 酒捞飘蠢令促福
716,4,累诀瘤矫,辟公怕档,塞阑 粱 歹 静技夸.,诂楝诂攥 墁瀣 墁喱戡瀣 熏猬脂墁脂洮洮脂攥诂攥诂,虐摹匙 j 内 舅饭南单聪聪瘤
717,4,累诀瘤矫,‖悻岈熏岈洮熏 ,扁拌啊 绊厘车嚼聪促.,‖岈岈熏猬熏 椰瀣佻瀣莠瀣 墁熏莠宅,酒颇儿 何临缝 漠靛
718,4,累诀瘤矫,累诀傍备,扁拌啊 绊厘涝聪鳖 ,‖岈岈熏猬熏 椰瀣佻瀣莠瀣 墁熏莠宅憩椰,酒颇儿 何临缝 漠靛宏
719,4,累诀瘤矫,累诀傍备,扁拌厘厚甫 痢八吝涝聪促,‖岈岈熏猬熏洮洮 洮脂墁戡脂猬诂 噩熏洮熏 ,酒颇儿靛 咆技赋 磊趴
720,4,累诀瘤矫,累诀傍备,唱荤啊 狐脸匙夸.,含瀣猬瀣岈 洮瀣戡瀣 墁熏莠袁熏 洮瀣猬椰熏郜椰 ,酱风仟 捧 漠埃 捧风官捞宏
721,4,累诀瘤矫,累诀傍备,拱扒狼 盔丰甫 炼缴秦辑 促凤林技夸.,瀣瓞蕃宅熏猬宅憩 悻憩猬瞵脂悻瀣 熏墁憩猬憩攥宅憩 蕃脂攥脂 墁喱莠宅喱攥瀣攥瀣,何莱促福电 胶福夸鉴 酒农弗垫 皋迟 妮档穿穿荐
722,4,累诀瘤矫,累诀傍备,何前阑 背眉秦具秦夸,┈熏岈楝熏悻洮洮熏猬憩 熏莠蕃熏戡洮憩猬憩 墁脂猬脂,火瞒胶鸥弗 舅付浆飘福浆 纳泛
723,4,累诀瘤矫,累诀傍备,し 阑 茫酒 坷绞矫坷 ,________洮熏熏 墁脂莠诂攥诂 , ______鸥拘 奶府聪矫
724,4,累诀瘤矫,累诀傍备,しし篮 绢叼 乐唱夸,__________墁熏瘳墁墁 墁脂洮墁脂,______墨具墨 南乃
725,4,累诀瘤矫,累诀傍备,累诀档备甫 绢叼俊促 滴菌唱夸,‖悻岈熏岈洮熏猬宅 墁熏脂猬袁 墁喱郜宅瀣 铿莠 ,酒胶扑鸥福靛 墨俊福霸 内捞敌 郡饭
726,4,累诀瘤矫,累诀傍备,傈盔阑 掺绞矫夸.,楷莠脂墁洮猬宅 喱楝瀣猬瀣攥瀣,郡泛萍府叼 坷眠风穿荐
727,4,累诀瘤矫,累诀傍备,傈盔阑 难技夸 ,楷莠脂墁洮猬宅 噩熏攥宅憩猬憩攥憩 ,郡泛萍府叼 儡靛福蠢胶
728,4,累诀瘤矫,喱喱岈悻瀣佻宅瀣 铿猬脂噩脂莠脂猬,扒碍俊 亮瘤 臼栏聪 累诀 矫 鞘夸茄 厘厚甫 怖 馒侩窍技夸.,"ガ脂-c喱喱莠瀣墁墁 佻憩瘳攥宅瀣, 喱戡喱 瀣楝瀣 诂戡洮脂 噩熏洮墁熏 瀣楝瀣猬宅 洮诂脂戡脂莠瀣 噩熏椰宅憩墁洮 洮熏袁憩攥憩 熏莠憩攥憩 ","掸 - 贾风鸥 令踞滴, 坷拣 快冕 捞浆跑 楞埃 快眠福促 萍抗伎风 磊宏垫飘 鸥弊辞 舅福蠢胶"
729,4,累诀瘤矫,救傈痹蘑,扁拌 累悼鉴辑甫 肋 劳囚具 钦聪促.,‖岈岈熏猬熏洮洮憩 噩瀣猬袁瀣佻瀣 噩喱 噩喱椰喱悻瀣 噩熏墁戡憩莠熏 噩熏洮洮熏 墁熏莠瀣 墁脂猬脂,酒颇儿电 临备林 凉 炼焊鉴 累蒋而 楞翠 漠风 纳泛
730,4,累诀瘤矫,救傈痹蘑,扁拌啊 癌磊扁 沥瘤登搁 傍厘厘俊霸 溜矫 焊绊窍技夸. ,"‖岈岈熏猬熏 墁熏岈憩悻憩攥熏 洮喱墁洮喱 墁熏莠悻, 佻熏蝇喱宅宅瀣 椰熏戡楝憩悻憩攥 洮脂 熏郜洮憩攥憩","酒颇儿 墨橇胶抄 佩砰 漠荤, 磊嚎敌 官浆摹胶唱 抛胶 酒捞飘蠢胶 "
731,4,累诀瘤矫,救傈痹蘑,扁拌啊 肯傈洒 肛眠菌绰瘤 犬牢秦具钦聪促.,‖岈岈熏猬熏 熏墁憩猬憩攥 楝脂郜诂 洮喱墁洮喱 墁熏莠袁熏攥宅憩袁憩 洮脂墁戡脂猬瀣 墁脂猬脂 ,酒颇儿 酒农福唱 眉牢 佩砰 漠埃靛辟 咆技幅 纳泛 
732,4,累诀瘤矫,救傈痹蘑,扁拌俊 颊捞 促摹摹 臼档废 林狼窍技夸.,‖岈岈熏猬熏洮墁 墁喱莠瀣攥瀣 洮诂郜诂 噩熏猬熏墁熏 熏莠椰熏 瀣楝瀣 熏椰熏郜莠熏攥憩 ,酒颇儿啊 妮风穿荐 萍涝 磊扼谋 舅官浆 快冕 酒官老扼蠢胶
733,4,累诀瘤矫,救傈痹蘑,扁拌厘厚 荤侩矫 林狼甫 笼吝窍技夸,‖岈岈熏猬熏洮洮 诂戡洮脂 噩熏洮墁熏攥宅 椰瀣 喱瓞攥瀣佻宅 椰诂 噩脂猬袁 墁喱瓞瀣攥瀣,酒颇儿促 捞浆跑 楞埃促 鹤 坷蜡穿荐滴 厚福 力福霸 内蜡穿荐
734,4,累诀瘤矫,救傈痹蘑,材材窍霸 混旗焊技夸.,‖瘳椰熏 噩熏墁戡憩莠熏 洮脂墁戡脂猬诂攥诂,酒具官捞 累蒋而 咆技府聪矫
735,4,累诀瘤矫,救傈痹蘑,档厘 累诀矫 林函狼 拳扁 累诀 陛瘤,超憩猬宅喱 诂 瀣椰熏袁憩攥宅 噩熏攥憩攥宅 喱 蕃脂攥脂 诂戡洮喱喱袁 洮憩瓞 悻熏莠憩攥熏 ,胶福档 捞浆 快官辟促 磊绰促 渴 皋迟 捞浆配绊 飘蜡 混福炒
736,4,累诀瘤矫,救傈痹蘑,付胶农甫 馒侩秦林技夸,熏悻墁熏攥 洮熏袁憩攥憩,付胶墨蠢 鸥弊蠢胶
737,4,累诀瘤矫,救傈痹蘑,葛福绰 扁拌甫 累悼矫 馆靛矫 包府磊俊霸 巩狼窍技夸,超诂 椰诂莠椰脂袁脂 熏岈岈熏猬熏洮洮 墁喱莠宅喱攥喱猬宅喱 蕃瀣猬瀣 椰熏戡墁熏猬蕃熏宅熏 悻瀣猬熏攥憩,胶瘤 呼海罢 酒颇儿靛 妮档畴福捣 公烽 官浆墨福付窜 荐扼蠢胶
738,4,累诀瘤矫,救傈痹蘑,惯肺 瞒芭唱 锭府瘤 付绞矫坷.,瀣洮瀣攥瀣 蕃脂攥脂 洮铿铿 噩 瀣猬椰熏攥憩 ,何捧穿荐 皋迟 抛喀 力 快福官蠢胶
739,4,累诀瘤矫,救傈痹蘑,焊青捞唱 累诀吝俊绰 软楷陛瘤且 巴, 瀣楝瀣猬瀣攥宅 椰熏悻憩 噩瀣猬瀣 噩 洮熏蕃脂墁 楝脂袁瀣 洮憩瓞 悻熏莠憩攥熏 ,捞浆 快眠烽促 官嚼 林风 力 鸥皋虐 眉备 飘蜡 混福炒
740,4,累诀瘤矫,救傈痹蘑,何惑困氰捞 乐栏骨肺 炼缴窍技夸 ,"喱墁瀣悻洮熏洮憩 熏莠瀣 墁喱猬墁瀣攥瀣楝 椰熏, 喱戡喱 瀣楝瀣 熏椰熏郜莠熏攥憩 ","内捻荐鸥频 舅风 内风捻穿眠 官福, 坷拣 快冕 酒官老扼蠢胶"
741,4,累诀瘤矫,救傈痹蘑,盒柳惯积 累诀矫 盒柳付胶农 馒侩且 巴,宫熏 楝憩袁 洮瀣猬袁熏 噩瀣蕃瀣戡洮 熏洮墁熏猬憩 噩熏洮墁熏攥宅 楝熏攥袁 墁熏猬戡 蕃熏悻墁熏攥 洮熏袁憩攥瀣 墁脂猬脂 ,蛮 明啊 捧福埃 林公浆捧 狙啊辅 楞埃促 蛮啊 啊福浆 付胶墨蠢 鸥弊穿 纳泛
742,4,累诀瘤矫,救傈痹蘑,荤绊俊 林狼窍技夸.,憩猬悻憩墁洮熏 悻熏 椰喱莠瀣攥瀣 ,农福交藕 昏 杭风穿荐
743,4,累诀瘤矫,救傈痹蘑,魂诀犁秦甫 寸窍瘤 臼档废 林狼窍技夸. ,ì瀣蕃瀣 蕃脂佻袁诂莠诂攥宅 墁憩猬悻憩墁墁 瀣楝瀣猬熏椰熏袁熏攥袁 熏猬脂墁脂 墁憩莠憩攥憩 ,林公酱 皋瘤辨赴单 农福胶墨 快眠扼官埃啊 酒饭南 努福蠢胶
744,4,累诀瘤矫,救傈痹蘑,辑滴福瘤 付技夸.,含熏戡憩莠椰熏攥憩 ,箕角官蠢胶
745,4,累诀瘤矫,救傈痹蘑,救傈痹蘑阑 肋 瘤难林技夸 ,喱喱岈悻瀣佻宅瀣 铿猬脂噩脂莠脂猬诂 悻熏墁洮熏攥憩 ,内可荐荐磷 俊饭俩饭赴 昏鸥蠢胶
746,4,累诀瘤矫,救傈痹蘑,救傈焊龋厘备甫 林技夸,喱猬袁喱喱楝 噩熏椰宅憩墁洮 椰脂猬诂攥诂 ,内风绊眠 棱垫飘 海府聪矫
747,4,累诀瘤矫,救傈痹蘑,棵捞 钱府瘤 臼档废 林狼窍技夸.,ì诂椰脂 戡诂戡诂 墁脂洮椰脂 瀣楝瀣 墁喱 悻熏莠憩 洮瀣猬瀣攥瀣,瘤氦 矫绞 南海浆 快冕 内荐 混辅 捧风穿荐
748,4,累诀瘤矫,救傈痹蘑,侩立矫俊绰 侩立搁阑 馒侩茄促.,超蝇熏猬墁 墁憩莠憩 噩熏洮墁熏攥宅 熏洮熏郜憩 噩熏椰宅憩墁洮 墁诂郜诂攥诂 ,胶官福墨 努辅 楞埃促 酒鸥牢 棱垫飘 虐捞聪矫
749,4,累诀瘤矫,救傈痹蘑,困氰秦夸,喱猬墁瀣攥瀣楝洮瀣,内风捻穿眠捧
750,4,累诀瘤矫,救傈痹蘑,捞 镑俊辑 淬硅甫 乔快矫搁 救邓聪促. ,瀣 噩脂猬宅 洮熏蕃脂墁 洮熏猬洮瀣瀣袁 蕃瀣蕃墁瀣 铿蕃脂 ,阂 力福单 鸥皋虐 鸥福飘啊 钩娘 俊皋胶
751,4,累诀瘤矫,救傈痹蘑,捞 扁拌绰 亲惑 林狼 窍技夸,瀣 熏岈岈熏猬熏洮洮熏 宅熏郜憩蕃 铿洮诂瘳 椰喱莠袁瀣莠 ,阂 酒颇儿窜 促捞付 俊萍炬 杭奔扼
752,4,累诀瘤矫,救傈痹蘑,累诀 辆丰矫俊绰 馆靛矫 傈盔 胶困摹甫 郴府技夸 ,ì瀣蕃瀣 椰瀣洮墁喱攥宅 宅熏郜憩蕃 洮喱 墁脂洮瀣瀣楝 墁攥喱岈墁熏攥 喱楝瀣猬瀣攥瀣,林公浆 鹤帮档 促捞付 刀 纳捧眠 农绸墨蠢 坷眠风穿荐
753,4,累诀瘤矫,救傈痹蘑,累诀 吝 救傈葛甫 馒侩窍技夸 ,戡洮脂 噩熏洮墁熏攥宅 墁喱喱岈悻瀣佻宅瀣 椰熏 墁诂郜诂蕃诂 墁诂郜诂攥诂,捞浆跑 楞埃促 内可胶胶垫 官浆 虐捞刮 虐捞聪矫
754,4,累诀瘤矫,救傈痹蘑,累诀 吝 救傈俊 蜡狼窍技夸 ,戡洮脂 噩熏洮墁熏攥宅 墁喱喱岈悻瀣佻宅瀣墁墁 墁喱攥瀣 椰瀣猬瀣攥瀣 ,捞浆跑 楞埃促 内可荐荐迪啊 内喘 何风穿荐
755,4,累诀瘤矫,救傈痹蘑,累诀俊 鞘夸茄 档备甫 犬牢窍技夸.,ì瀣蕃瀣戡墁 墁脂猬脂墁洮洮瀣 熏悻岈熏岈洮熏猬宅 洮脂墁戡脂猬诂攥诂 ,林公浆墨 纳泛捧 酒胶扑促福靛 咆技府聪矫
756,4,累诀瘤矫,救傈痹蘑,累诀厘郴俊辑绰 顿瘤付技夸.,戡洮脂 噩熏洮墁熏 噩脂猬宅 楝瀣猬墁熏椰熏攥憩 ,捞浆跑 楞埃 力府单 眠福墨官蠢胶
757,4,累诀瘤矫,救傈痹蘑,累诀厘俊辑 拱扒阑 窃何肺 带瘤瘤 付技夸,戡洮脂 噩熏洮墁熏 噩脂猬宅 噩喱攥 噩喱 椰瀣瓞蕃宅熏猬宅 憩猬袁憩洮椰熏攥憩 ,捞浆跑 楞埃 力福单 炼穿 练 何莱促福宏 栏福边官蠢胶
758,4,累诀瘤矫,救傈痹蘑,"累诀傈 魂家 丑档, 啊胶 蜡公甫 犬牢窍技夸 ","ì瀣蕃瀣戡洮 椰熏戡洮熏熏猬宅憩 熏莠宅憩 墁憩楝墁憩莠洮脂墁洮诂 噩憩戡洮憩袁憩, 袁熏佻宅憩 椰熏 噩喱墁洮瀣袁熏 洮脂墁戡脂猬诂攥诂 ","林公浆捧 官浆鸥福电 舅电 农明努咆凭 令浆飘辟, 啊胶电 惯 练捧焙 咆技府聪矫"
759,4,累诀瘤矫,救傈痹蘑,累诀吝 力前俊 捞惑捞 乐阑矫 馆靛矫 焊绊窍技夸,戡洮脂 噩熏洮墁熏 瀣楝瀣猬宅 椰瀣瓞蕃宅 宅脂娆脂墁 椰喱莠悻 椰熏戡墁熏猬蕃熏袁 熏郜洮憩攥憩,捞浆跑 楞埃 快眠风促 何莱促 单棋飘 杭家 官浆墨福付啊 酒捞飘蠢胶
760,4,累诀瘤矫,救傈痹蘑,累诀拳甫 馒侩窍绊 老秦具 钦聪促. ,‖洮熏郜憩 诂戡洮脂袁脂攥宅 墁诂郜诂莠瀣瀣楝 椰喱洮诂攥墁熏攥 墁诂郜诂 诂戡洮脂攥诂 ,酒鸥牢 捞浆抛罢单 虐老风眠 官凭墨蠢 萍涝 捞浆抛聪瘤
761,4,累诀瘤矫,救傈痹蘑,厘癌阑 馒侩窍绊 家犁甫 款馆秦具 钦聪促. ,喱 墁熏岈洮 墁诂郜诂 蕃熏洮脂猬诂熏莠宅熏猬宅 噩憩莠宅憩猬憩 墁脂猬脂 ,妮 陌飘 虐涝 付抛府舅促福靛 榴靛福浆 纳泛
762,4,累诀瘤矫,救傈痹蘑,犁冻捞啊 乐绰 软楷厘家俊辑 软楷且 巴,船熏蕃脂墁诂攥诂 墁熏莠宅憩墁洮熏猬憩 洮熏戡洮喱喱楝 瀣猬攥 椰熏 噩脂猬宅 洮熏蕃脂墁 楝脂墁墁脂攥袁 椰喱莠喱,鸥皋虐聪囱 漠垫鸥弗 鸥浆配眠 快福唱 官福 力福单 鸥皋虐 眉乃霸 杭吩
763,4,累诀瘤矫,救傈痹蘑,傈盔捞 促 波脸绰瘤 犬牢窍技夸.,船喱墁洮瀣 椰熏熏猬 喱楝墁喱攥瀣 洮脂墁戡脂猬诂攥诂 ,佩坯 官福 刻绊绰 咆技府聪瘤
764,4,累诀瘤矫,救傈痹蘑,炼缴窍技夸.,楷洮诂瘳 椰喱莠瀣攥瀣 ,俊萍炬 杭风穿林
765,4,累诀瘤矫,救傈痹蘑,林赣聪 加俊 颊持绊 焊青 陛瘤,喱莠瀣攥瀣佻宅 楝喱攥洮喱墁墁 悻熏莠憩 熏莠憩 椰熏悻瀣瀣袁 椰喱莠椰喱郜 ,妮风穿林滴 锰配部 混辅 酒辅 官荐啊 杭焊勒
766,4,累诀瘤矫,救傈痹蘑,玫玫洒 窍技夸.,‖墁憩猬憩 噩熏悻熏攥憩 ,酒农弗 磊荤蠢令
767,4,累诀瘤矫,救傈痹蘑,没阿焊龋甫 困秦 累诀厘俊辑 蓖付俺甫 馒侩茄促.,瀣莠熏袁憩攥憩佻宅 墁喱猬袁喱 瀣楝瀣 墁瀣莠熏 洮憩墁墁憩楝洮 洮憩袁憩 诂戡洮脂攥诂 ,酿扼弊蠢令靛 内风绊浆 快冕 酿遏 飘农明飘 飘鞭 捞浆抛聪瘤
768,4,累诀瘤矫,救傈痹蘑,没家 矫俊绰 盒柳捞 惯积登骨肺 亲惑 付胶农甫 馒侩窍技夸 ,"船熏佻熏莠熏 噩熏洮墁熏攥宅 楝熏 岈熏郜宅 椰喱莠喱, 喱戡喱 瀣楝瀣 宅熏郜憩蕃 蕃熏悻墁熏攥 墁诂郜诂 诂 墁憩莠憩攥憩 ","鸥肋而 楞沫促 蛮 官捞促 杭吩, 坷拣 快冕 促捞付 付胶墨蠢 虐涝 捞浆 努福蠢令"
769,4,累诀瘤矫,救傈痹蘑,橇饭胶扁拌俊 颊阑 持阑锭 林狼窍技夸,爆猬脂悻 熏岈岈熏猬熏洮憩攥 墁喱莠瀣攥瀣佻宅 墁喱郜袁喱攥宅 铿洮诂瘳 椰喱莠瀣攥瀣 ,橇饭胶 酒颇扼飘唱 妮风穿林滴 内捞帮档 俊萍炬 杭风穿林
770,4,累诀瘤矫,救傈痹蘑,倾遏绝捞 扁拌甫 累悼秦辑绰 救邓聪促. ,惮猬瀣墁悻熏洮 噩喱 熏岈岈熏猬熏洮洮 噩瀣猬袁瀣佻袁喱攥袁 椰喱莠椰喱郜 ,快疯荤飘 练 酒颇扼飘 林风备林帮绊 杭焊勒
771,4,累诀瘤矫,救傈痹蘑,倾遏绝捞 窃何肺 扁拌甫 累悼窍绰 巴篮 困氰钦聪促.,惮猬瀣墁悻熏洮 噩喱 熏岈岈熏猬熏洮洮 噩瀣猬袁瀣佻瀣 墁喱喱岈洮瀣,快疯荤飘 练 酒颇扼飘 林风备林绊可捧
772,4,累诀瘤矫,救傈痹蘑,拳切距前捞 汞瘤 臼档废 林狼窍技夸.,番诂蕃诂瘳莠憩 佻熏洮洮熏 洮诂郜诂 墁脂洮椰脂 瀣楝瀣 铿洮诂瘳 椰喱莠瀣攥瀣 ,洒固锯袱 磊鸥福 瘤涝 纳飘海浆 快冕 俊萍炬 杭风穿林
773,4,累诀瘤矫,救傈痹蘑,券扁甫 肋 矫虐技夸.,‖椰 墁诂猬袁诂佻诂 椰喱莠蕃喱攥 洮熏佻熏莠熏 洮瀣猬瀣攥瀣,酒官 虐府扁笼 杭葛穿 鸥肋而 捧风穿林
774,4,累诀瘤矫,戡洮喱 铿猬脂噩脂莠脂猬 .,芭贰贸 荤恩捞 吭绢夸,憩佻蕃熏洮洮熏 墁喱蕃岈熏攥诂瘳宅熏 熏宅熏 墁脂莠宅 ,农令付鸥浆 寞颇聪具窜 酒淬 奶叼
775,4,累诀瘤矫,累诀痹蘑殿扁鸥,梆 雀狼甫 矫累钦聪促.,‖佻憩 楝喱袁瀣莠瀣戡洮 椰熏戡洮熏郜椰憩,酒令福 檬奔风酱捧 官浆鸥捞宏令
776,4,累诀瘤矫,累诀痹蘑殿扁鸥,弊父 啊焊技夸 ,喱莠宅 椰熏猬 椰脂猬诂攥诂 ,杭滴 官扼 海府聪瘤
777,4,累诀瘤矫,累诀痹蘑殿扁鸥,柄昌窍霸 荤侩窍绞矫坷. ,船熏佻 墁喱莠宅喱攥瀣攥瀣,鸥磊 妮档穿穿林
778,4,累诀瘤矫,累诀痹蘑殿扁鸥,唱甫 蝶扼 坷绞矫坷 ,脂攥诂 熏猬洮憩蕃熏 墁脂莠诂诂,皋囱 酒福飘父 奶府聪瘤
779,4,累诀瘤矫,累诀痹蘑殿扁鸥,呈公 公府窍瘤绰 付技夸,艾洮 墁喱 诂 墁憩莠椰熏攥憩 , 坷配 倪 捞浆 努官蠢令
780,4,累诀瘤矫,累诀痹蘑殿扁鸥,呈公 老捞 腹嚼聪鳖,ì瀣蕃瀣 熏瘳椰熏 墁岈,林公浆 酒具官捞 倪何
781,4,累诀瘤矫,累诀痹蘑殿扁鸥,促弗 诀公甫 秦焊绊 酵嚼聪鳖, 熏瘳椰熏 墁喱 椰脂墁脂,捞浆 酒具官捞 倪 海乃
782,4,累诀瘤矫,累诀痹蘑殿扁鸥,寸脚捞 捞 累诀俊 奴 档框捞 登菌嚼聪促 ,超诂佻宅诂 椰瀣 噩瀣蕃瀣戡墁 熏椰宅熏 噩熏猬宅熏蕃憩攥憩 洮诂郜宅,矫矫凋 阂 林公浆墨 磊福促骨蠢胶 萍捞叼
783,4,累诀瘤矫,累诀痹蘑殿扁鸥,腹捞 楷嚼窍技夸, 蕃熏戡憩袁憩憩,倪 付浆弊蠢胶
784,4,累诀瘤矫,累诀痹蘑殿扁鸥,葛福搁 しし丛俊霸 拱绢焊技夸 ,诂莠椰脂袁脂 攥脂猬悻脂攥诂佻宅 _______宅脂 悻瀣猬熏攥憩 ,呼海罢 匙福技聪矫叼 _____掸 荐扼蠢胶
785,4,累诀瘤矫,累诀痹蘑殿扁鸥,公疤嚼聪促.,艾喱,坷坷福
786,4,累诀瘤矫,累诀痹蘑殿扁鸥,广俊档 老阑 钦聪促.,船攥 宅 诂戡洮脂郜椰诂,坯档 促弊 捞浆抛捞厚胶
787,4,累诀瘤矫,累诀痹蘑殿扁鸥,弧府 窍绞矫坷 ,船脂 墁憩莠憩憩,抛胶 努福蠢胶
788,4,累诀瘤矫,累诀痹蘑殿扁鸥,侥荤饶 老窍扁傈俊 面盒茄 绒侥阑 秒窍技夸,船熏蕃熏墁洮熏 墁诂郜诂 诂戡洮脂袁脂攥袁 楝脂郜诂 噩熏墁戡 铿 熏莠憩 熏莠憩憩,鸥阜藕 虐牢 捞浆抛罢霸 眉牢 累浆 俊胶 舅辅 舅福蠢胶
789,4,累诀瘤矫,累诀痹蘑殿扁鸥,酒流 且 老捞 腹嚼聪促.,ガ熏袁 墁憩莠 洮瀣猬袁熏 噩瀣蕃瀣 墁,促弊 努扼 滴福埃 林公浆 倪
790,4,累诀瘤矫,累诀痹蘑殿扁鸥,咯扁绰 腹捞 矫掺反嚼聪促.,瀣 噩脂 熏瘳椰熏 憩佻憩楝瀣 铿墁脂,阂 力福 酒具官捞 栏胶眠 俊乃
791,4,累诀瘤矫,累诀痹蘑殿扁鸥,凯缴洒 老秦林寂辑 皑荤钦聪促. ,ì熏墁戡 诂戡洮脂 椰脂猬袁脂攥诂诂 楝 猬熏绗蕃熏,累浆 捞浆跑 海福霸聪聪胶 快冕 扼儒咐
792,4,累诀瘤矫,累诀痹蘑殿扁鸥,坷疵鳖瘤 累诀阑 付媚具 钦聪促.,ì瀣蕃瀣戡洮 椰袁攥 墁攥 楝脂郜诂 椰洮猬 墁脂猬脂,林公浆捧 何焙捻 娘绊 眉牢 何砒风浆 纳泛
793,4,累诀瘤矫,累诀痹蘑殿扁鸥,坷疵篮 雀侥捞 乐嚼聪促.,袁 墁喱猬岈喱猬熏洮诂蝇墁 椰熏,何焙 墨福颇扼萍橇墨 官福
794,4,累诀瘤矫,累诀痹蘑殿扁鸥,捞 镑篮 陛楷涝聪促. ,瀣 噩脂猬宅脂 洮熏蕃脂墁 楝脂墁岈脂郜,阂 力福掸 鸥皋虐 媒海勒 
795,4,累诀瘤矫,累诀痹蘑殿扁鸥,捞 拱扒阑 促弗镑栏肺 颗败林技夸,瀣 椰瀣瓞蕃宅熏猬宅 椰熏戡墁 噩脂猬袁 熏莠憩 椰熏猬憩憩,阂 何莱促福靛 官浆墨 力福霸 舅辅 官福蠢胶
796,4,累诀瘤矫,累诀痹蘑殿扁鸥,捞 荤亲篮 怖 扁撅窍绞矫坷,瀣 岈瀣攥墁洮洮 铿悻墁 洮瀣洮瀣 墁熏莠憩憩,阂 盒农捧 俊胶纳 捧批 漠福蠢胶
797,4,累诀瘤矫,累诀痹蘑殿扁鸥,捞镑阑 荤侩饶 亲惑 柄昌窍霸 缔 沥府 秦林技夸,瀣 噩脂猬宅 墁喱莠宅喱攥袁喱攥宅喱 墁诂郜诂 洮熏佻 墁憩莠憩 噩憩郜攥熏 墁喱郜瀣瀣,阂 力福单 妮捣帮捣 虐牢 鸥磊 撇辅 令捞吵 内蜡穿荐
798,4,累诀瘤矫,累诀痹蘑殿扁鸥,捞府肺 坷矫坷 ,瀣 噩脂猬袁 墁脂莠悻脂诂,阂 力福霸 奶技聪胶
799,4,累诀瘤矫,累诀痹蘑殿扁鸥,老阑 曼 肋沁嚼聪促. ,ì瀣蕃瀣戡洮 噩熏墁戡 熏洮墁熏猬宅憩憩,公酱捧 累浆 狙啊福蠢胶
800,4,累诀瘤矫,累诀痹蘑殿扁鸥,老捞 呈公 腹嚼聪鳖,ì瀣蕃瀣 熏椰宅熏 墁喱岈椰,林公浆 拘窜 倪何
801,4,累诀瘤矫,累诀痹蘑殿扁鸥,老窍绰镑俊 阂祈窃篮 绝栏脚啊夸,戡洮脂袁脂 噩脂猬诂攥诂佻宅 墁憩郜憩攥楝憩莠憩墁洮熏 噩喱墁椰,捞浆抛罢 力府聪瘤单 农牢铭袱鸥福 练何
802,4,累诀瘤矫,累诀痹蘑殿扁鸥,累诀 券版捞 困氰钦聪鳖 , 楝喱郜猬喱悻 墁喱喱岈洮瀣 铿蕃脂悻椰,捞浆 檬捞肺荐 内可捧 俊皋胶厚
803,4,累诀瘤矫,累诀痹蘑殿扁鸥,累诀厘救篮 概快 矫掺反嚼聪促.,戡洮脂袁脂 椰喱莠蕃喱椰瀣佻宅瀣 诂楝 熏瘳椰熏 憩佻-楝瀣. ,捞浆抛罢 杭葛何林敌 捞摹 酒具官捞 栏令-眠.
804,4,累诀瘤矫,累诀痹蘑殿扁鸥,肋 焊绊 蝶扼窍技夸 ,ì熏墁戡憩莠熏 墁喱猬瀣 熏莠憩攥憩 宅熏袁 蕃脂攥诂 熏猬洮憩蕃宅熏 墁熏郜洮熏莠熏攥憩. ,累蒋而 内缝 舅福蠢令 促弊 皋囱 酒福拼窜 墨捞呕扼蠢令.
805,4,累诀瘤矫,累诀痹蘑殿扁鸥,肋 酒矫摆嚼聪鳖 ,船瀣戡瀣攥宅瀣攥瀣佻椰,捧鉴滴穿林何
806,4,累诀瘤矫,累诀痹蘑殿扁鸥,泪矫 饶俊 壕矫促.,诂 熏佻宅熏 墁诂郜诂 噩喱莠瀣袁熏莠. ,厚福 酒令窜 虐牢 凉风哎福
807,4,累诀瘤矫,累诀痹蘑殿扁鸥,泪矫父 扁促妨林技夸.,诂 熏 墁瀣洮 洮瀣猬瀣攥瀣. ,厚福 酒令 捻配 捧风穿林
808,4,累诀瘤矫,累诀痹蘑殿扁鸥,历府肺 啊绞矫坷 ,船脂洮诂袁 噩熏墁墁 椰熏猬憩 洮瀣猬瀣攥瀣. ,抛萍扁 磊墨 官辅 捧风穿林
809,4,累诀瘤矫,累诀痹蘑殿扁鸥,傈拳罐栏技夸.,船脂莠脂娆喱攥瀣佻宅 熏莠憩 噩喱喱 椰脂猬诂攥诂. ,炮饭器穿穿林滴 舅辅 良 海府聪瘤
810,4,累诀瘤矫,累诀痹蘑殿扁鸥,溜矫 甸府技夸.,ガ熏猬喱 噩喱莠瀣袁瀣攥瀣. ,促肺坷 凉风备穿林
811,4,累诀瘤矫,累诀痹蘑殿扁鸥,玫玫洒 窍技夸,‖墁憩猬憩 墁憩莠憩攥憩. ,酒农弗 努福蠢令
812,4,累诀瘤矫,累诀痹蘑殿扁鸥,奴 家府肺 富靖秦 焊技夸,熏洮洮瀣瀣猬熏 悻瀣郜莠喱攥瀣. ,墨捧遏 荐老肺穿林
813,4,累诀瘤矫,累诀痹蘑殿扁鸥,漂喊茄 老 乐栏搁 溜矫 傈拳窍技夸,楷袁脂 墁喱喱岈洮瀣 喱佻袁喱楝 诂戡洮脂 椰喱莠悻 宅熏猬喱 楝熏莠憩攥憩. ,俊霸福 倪捧 坷林绊檬 捞浆抛福 杭家 促肺 蔓福蠢令
814,4,累诀瘤矫,累诀痹蘑殿扁鸥,颇鄂祸 累诀汗涝聪促.,喱 洮瀣悻洮喱袁 瀣攥诂娆喱猬蕃. , 滴荐配备 快聪器福付 
815,4,累诀瘤矫,累诀痹蘑殿扁鸥,泅厘俊辑 怖 鞘夸茄 茄惫绢档 啊福媚 靛赋聪促.,ì瀣蕃瀣 蕃脂佻袁诂莠诂攥宅 悻喱佻悻瀣 墁脂猬脂墁洮脂莠瀣瀣楝 墁喱猬脂 悻喱佻宅喱猬瀣 宅熏袁 瀣郜猬喱洮喱椰瀣. ,林公浆 皋瘤辨赴单 家荐林 纳泛炮风眠 内饭捞 家林档烽 促弊 快捞肺配何林
816,4,累诀瘤矫,累诀痹蘑殿扁鸥,趣矫 老窍矫搁 塞电老 绝嚼聪鳖,ì瀣蕃瀣戡墁 楝憩墁悻熏攥憩 喱喱猬瀣楝瀣莠瀣墁洮熏 椰喱莠椰喱郜椰 ,林公浆墨 弄荤蠢令 坷风免疯鸥福 杭焊捞何
817,4,累诀瘤矫,累诀痹蘑殿扁鸥,雀荤荤沥捞 亮瘤 臼匙夸,戡墁熏攥熏攥憩 铿墁喱攥喱蕃诂墁熏莠憩 熏椰熏莠 噩熏墁戡 铿蕃脂. ,捞浆墨唱绰 俊内畴固漠袱  酒惯福 累浆 俊皋胶.
818,4,累诀瘤矫,累诀痹蘑殿扁鸥,雀狼吝俊 亮篮 狼斑阑 力矫秦 林技夸,"超瀣猬熏攥憩, 楝喱袁瀣莠瀣 瀣椰熏袁憩攥宅 噩熏墁戡 岈诂墁诂猬莠脂猬宅 悻瀣攥瀣戡洮熏攥憩","荐扼n, 檬奔风浆 快官辟促 累浆 乔虐福芳叼 荐穿浆鸥蠢令"
819,4,ì熏洮熏墁熏攥 噩熏攥 熏戡墁熏攥 ,ì熏洮熏墁熏攥 噩喱攥瀣攥宅 蕃熏熏莠憩蕃熏 ,~鳖瘤 扁槛荤俊辑 唱啊林技夸 ,~ 瀣椰熏墁憩洮墁 楝脂郜诂 噩熏洮熏墁熏攥熏宅熏 楝憩袁憩 墁脂洮诂攥诂. ,~ 快官啊 眉牢 磊鸥墨唱窜 明鞭 纳萍聪瘤
820,4,扁槛荤棺侥寸,扁槛荤救郴,啊胶甫 酒哺 静绞矫坷 ,が熏佻宅 悻熏猬熏蕃噩熏莠宅熏 诂戡洮脂洮诂攥诂. ,啊令靛 荤恩肋翠 捞浆抛萍聪瘤
821,4,扁槛荤棺侥寸,扁槛荤救郴,扁槛荤 包府 氓烙磊绰 しし涝聪促. ,ì熏洮熏墁熏攥熏攥憩 椰熏戡墁熏猬蕃熏悻 しし椰喱莠喱. ,磊鸥墨唱绰 官浆墨福付胶 ____杭吩
822,4,扁槛荤棺侥寸,扁槛荤救郴,扁槛荤 包府厚侩篮  しし盔 鳖瘤 雀荤俊辑 焊炼钦聪促,ì熏洮熏墁熏攥熏攥憩 墁喱蕃蕃瀣攥熏莠宅憩 洮喱莠喱蕃宅喱猬瀣 しし蝇喱攥袁 楝脂郜诂攥墁 悻瀣蕃蕃熏悻憩 诂戡墁熏攥熏宅熏 洮喱莠喱 椰脂猬脂. ,磊鸥墨唱绰 墨公朝垫 喷芬档烽 _____盔绊 眉牢虐 见付郊 捞浆墨唱窜 妮酚 海房
823,4,扁槛荤棺侥寸,扁槛荤救郴,扁槛荤 包府厚侩篮 辟肺磊客 雀荤俊辑 傍悼何淬窍聪 酒哺静技夸,ì熏洮熏墁熏攥熏攥憩 墁喱蕃蕃瀣攥熏莠宅憩 洮喱莠喱蕃瀣 噩瀣蕃瀣戡楝 蕃脂攥脂 诂戡墁熏攥 喱猬洮喱宅喱 椰喱莠瀣 洮喱莠喱袁喱 瀣楝瀣 悻熏猬熏蕃噩熏莠宅瀣瀣莠瀣 蕃脂攥脂 墁喱莠宅喱攥瀣攥瀣. ,磊鸥墨唱绰 墨公朝垫 喷肺巩 林公酱眠 皋迟 捞浆墨唱 坷风配捣 杭缝 喷肺帮 快冕 荤恩崔笛疯 皋迟 妮档穿穿胶
824,4,扁槛荤棺侥寸,扁槛荤救郴,扁槛荤 包府厚侩篮 しし盔何磐 辟肺磊何淬涝聪促 ,ì熏洮熏墁熏攥熏攥憩 墁喱蕃蕃瀣攥熏莠宅憩 洮喱莠喱蕃宅喱猬瀣 しし蝇喱攥袁 楝脂郜诂攥墁 悻瀣蕃蕃熏悻憩 噩瀣蕃瀣戡楝 洮喱莠喱郜. ,磊鸥墨唱绰 墨公朝垫 喷芬档烽 ____盔绊 眉牢虐 见付郊 林公酱眠 喷肺勒. 
825,4,扁槛荤棺侥寸,扁槛荤救郴,扁槛荤 厚侩篮 辟肺磊客 雀荤俊辑 傍悼何淬窍聪 酒哺静技夸,ì熏洮熏墁熏攥熏攥憩 熏墁楝熏悻憩 噩瀣蕃瀣戡楝 蕃脂攥脂 诂戡墁熏攥 喱猬洮喱宅喱 椰喱莠瀣 洮喱莠喱袁喱 瀣楝瀣 悻熏猬熏蕃噩熏莠宅瀣瀣莠瀣 蕃脂攥脂 墁喱莠宅喱攥瀣攥瀣. ,磊鸥墨唱绰 厩瞒郊 林公酱眠 皋迟 捞浆沫 坷风配捣 杭缝 喷肺帮 快冕 荤恩崔笛疯 皋迟 妮档穿穿胶
826,4,扁槛荤棺侥寸,扁槛荤救郴,扁槛荤 涝家甫 盔钦聪鳖,ì熏洮熏墁熏攥熏袁 噩熏戡熏袁熏攥宅 墁熏熏莠熏郜悻憩佻椰,磊鸥墨唱促 磊箕埃靛 漠扼捞胶令宏
827,4,扁槛荤棺侥寸,扁槛荤救郴,趁厘绊绰 傍悼栏肺 荤侩窍矫搁 邓聪促,瀣佻宅熏洮墁憩楝洮 喱猬洮喱宅喱 椰诂猬袁 墁喱莠宅喱攥喱悻瀣佻宅熏. ,公令促飘农明飘 坷福配捣 厚福霸 妮档畴荐荐促福
828,4,扁槛荤棺侥寸,扁槛荤救郴,促弗 辟肺磊客 窃膊 镜 规涝聪促.,熏戡墁 噩瀣蕃瀣戡楝 蕃脂攥脂 椰诂猬袁 墁喱莠宅喱攥 洮瀣猬袁熏 椰喱莠蕃. ,官浆墨 林公浆眠 皋迟 厚福霸 榜档畴 捧福埃 杭葛
829,4,扁槛荤棺侥寸,扁槛荤救郴,寸脚规篮 2摸涝聪促,C诂佻宅诂 椰喱莠蕃喱攥瀣 2-楝 墁熏椰熏洮洮 噩熏郜袁熏戡墁熏. ,矫矫凋 隔葛穿荐 2-摹 墨瑰促 磊捞啊浆沫
830,4,扁槛荤棺侥寸,扁槛荤救郴,冯皋捞飘俊霸 乔秦甫 林瘤 臼档废 窍技夸.,"诂猬袁 噩熏戡熏袁熏 熏宅熏蕃宅憩 洮憩攥楝憩 熏莠憩, 佻憩瘳 墁脂莠洮诂猬椰脂袁脂攥袁 熏猬脂墁脂 墁憩莠憩攥憩. ","厚福霸 磊箕埃 酒淬电 瓢鸣 舅辅, 令踞 奶萍府海罢霸 酒饭氖 努福蠢令"
831,4,扁槛荤棺侥寸,扁槛荤救郴,冯皋捞飘客 肋 惑狼窍技夸.,喱莠蕃喱宅 椰诂猬袁 噩熏戡熏袁熏 墁瀣猬椰瀣攥瀣 蕃脂攥脂 噩熏墁戡憩莠熏 蕃熏墁瀣莠宅熏戡憩攥憩. ,杭葛档 厚福霸 磊货埃 备风何穿荐 皋迟 累蒋而 付奔促浆蠢胶
832,4,扁槛荤棺侥寸,扁槛荤救郴,拱扒阑 肋 沥府钦聪促,瀣瓞蕃宅熏猬宅 喱 喱猬宅瀣攥 洮熏墁洮熏攥憩. ,何莱促福靛 坷林 坷风滴唱 殴鸥蠢胶
833,4,扁槛荤棺侥寸,扁槛荤救郴,拱阑 酒哺静技夸.,超瀣瀣攥 熏瘳 诂戡洮脂洮诂攥诂. ,荐快穿 酒惧 捞浆抛萍聪矫
834,4,扁槛荤棺侥寸,扁槛荤救郴,焊老矾啊 绊厘 车唱毫夸,惮 噩憩莠憩洮墁憩 岈脂楝墁 椰瀣佻瀣莠瀣 墁熏莠袁熏 喱墁戡喱郜. ,快捞 榴俯农明 其明墨 何临缝 漠埃 苛碱勒 
835,4,扁槛荤棺侥寸,扁槛荤救郴,焊刘陛 しし 涝聪促.,┈熏莠喱 しし 蝇喱 椰喱莠喱. ,肋废 ____盔 杭吩
836,4,扁槛荤棺侥寸,扁槛荤救郴,阂祈茄 痢篮 捞镑俊 利绢林技夸,浆攥袁熏郜悻憩佻宅憩墁洮熏 椰喱莠悻 椰瀣 噩脂猬袁 噩熏佻憩 墁喱瓞攥瀣. ,览啊捞胶胶垫促福 杭家 阂 力福霸 磊嚼 内蜡穿荐
837,4,扁槛荤棺侥寸,扁槛荤救郴,厚惑侩 备鞭距篮 咯扁俊 乐嚼聪促. ,船脂 噩熏猬宅熏 宅熏猬憩莠熏猬 椰瀣 噩脂猬宅 噩熏郜袁熏戡墁熏. ,抛胶 磊福淬 促甫扼福 阂 力福单 磊捞啊浆沫
838,4,扁槛荤棺侥寸,扁槛荤救郴,弧贰绰 弧贰 厚穿肺 窍绰 疤聪促.,诂猬宅 墁诂 噩瀣瀣楝 悻熏蕃憩 蕃脂攥脂 噩瀣瀣郜. ,虐福叼 虐福 林快眠 荤谷 皋迟 林快捞飘
839,4,扁槛荤棺侥寸,扁槛荤救郴,积鞘前捞 鞘夸窍搁 富靖窍技夸ˇ,瀣攥瀣蕃宅瀣 攥脂袁诂佻袁 墁脂猬脂墁洮脂莠瀣瀣楝 椰瀣瓞蕃宅熏 墁脂猬脂 椰喱莠悻 熏郜洮憩攥憩. ,捻串迪 匙扁胶扁 纳泛炮风眠 何莱促福 纳泛 杭家 酒捞飘蠢胶
840,4,扁槛荤棺侥寸,扁槛荤救郴,技殴扁绰 荤侩篮 且 荐 乐嚼聪鳖,诂 噩瀣瀣楝 蕃熏戡诂攥熏攥 墁喱莠宅喱攥 熏莠熏悻憩佻椰 ,虐福 林快眠 付浆唱蠢 妮档畴 舅扼胶胶宏
841,4,扁槛荤棺侥寸,扁槛荤救郴,咯扁啊 寸脚捞 荤侩且 槛家涝聪促.,瀣 噩脂 悻诂 噩熏戡熏 洮瀣猬袁熏 洮瀣猬熏-噩熏 椰喱莠喱. ,阂 力福 矫胶 磊箕捞 捧福埃 捧遏-磊捞 杭吩
842,4,扁槛荤棺侥寸,扁槛荤救郴,糠规窍绊 荤捞亮霸 瘤郴技夸.,ì熏攥憩攥憩佻宅熏袁 墁喱戡瀣攥熏攥憩 蕃脂攥脂 悻憩莠憩 蕃熏蕃诂莠脂宅 椰喱莠瀣攥瀣. ,磊蠢蠢胶促弊 内酱唱蠢胶 皋迟 浇袱 付剐饭单 杭风穿荐
843,4,扁槛荤棺侥寸,扁槛荤救郴,坷疵篮 扁槛荤 措没家朝涝聪促,瀣袁瀣 噩熏洮熏墁熏攥熏宅 噩熏莠岈 洮熏佻熏莠憩 墁瀣攥. ,何焙 磊鸥墨唱促 肋橇 鸥肋袱 捻穿
844,4,扁槛荤棺侥寸,扁槛荤救郴,岿技绰 しし 涝聪促.,船瀣猬熏-噩熏郜袁 熏 悻熏郜憩 洮喱莠喱攥瀣瀣楝 熏墁楝熏攥憩 悻瀣蕃蕃熏悻 しし 椰喱莠喱. ,捧遏-磊捞啊 酒捞 荤牢 喷肺穿眠 厩瞒绰 荐付胶 ___杭吩
845,4,扁槛荤棺侥寸,扁槛荤救郴,捞锅崔 包府厚绰 倔付涝聪促.,瀣 熏郜宅憩 墁喱蕃蕃瀣攥熏莠宅憩 洮喱莠喱蕃 しし椰喱莠宅. ,阂 酒捞电 墨公富垫 喷肺公 ___杭滴.
846,4,扁槛荤棺侥寸,扁槛荤救郴,捞阂阑 寝旱俊 富赋聪促.,ì瀣瀣猬墁熏 洮喱戡喱墁洮喱猬宅 墁瀣攥袁 噩熏郜憩 墁瀣猬袁熏洮熏. ,林风沫 配硷配风滴 娘绊 磊涝 农福啊趴
847,4,扁槛荤棺侥寸,扁槛荤救郴,磊脚狼 拱扒篮 胶胶肺 矛遍聪促.,‖ 墁诂 喱佻瀣攥瀣 椰瀣瓞蕃瀣攥 喱佻 c熏 椰喱莠瀣 墁脂猬脂. ,酒福 糯 坷林传 何蜡公唱 坷林 昏 杭风酱 纳泛
848,4,扁槛荤棺侥寸,扁槛荤救郴,傈扁甫 酒哺静绞矫夸,楷莠脂墁洮 铿攥脂猬袁诂瘳悻憩 熏瘳 诂戡洮脂洮诂攥诂. ,郡泛飘福 俊匙福扁具郊 酒惧 捞浆抛萍聪矫
849,4,扁槛荤棺侥寸,扁槛荤救郴,傈拳锅龋甫 肋 利绢 啊技夸,船脂莠脂娆喱攥宅瀣 攥喱蕃脂猬诂 洮瀣瀣猬 噩熏佻憩 墁脂洮诂攥诂. ,炮饭迄敌 畴皋赴 捧扼 磊嚼 纳萍聪矫
850,4,扁槛荤棺侥寸,扁槛荤救郴,拳厘角阑 柄昌捞 荤侩窍技夸,脂郜戡脂岈墁熏攥熏攥 ( 洮瀣熏莠脂)洮熏佻 墁喱莠宅喱攥瀣攥瀣. ,海捞剂墨唱蠢 (捧舅房)鸥磊 妮档穿穿荐
851,4,扁槛荤棺侥寸,ì熏洮熏墁熏攥熏攥憩 铿猬脂噩脂莠脂猬,啊胶 闺宏甫 怖 泪啊林技夸,が熏佻宅憩 墁莠熏岈熏攥憩 悻喱佻悻瀣 椰脂墁诂洮诂 墁脂洮诂攥诂. ,啊胶电 努扼颇绰 家荐荐 海虐屏 纳萍聪矫
852,4,扁槛荤棺侥寸,扁槛荤痹蘑,扁槛荤 痹蘑阑 霖荐秦林技夸,"C瀣猬熏攥憩, 噩熏洮熏墁熏攥 铿猬脂噩脂莠脂猬诂 熏洮墁熏猬憩攥憩. ","荐扼n, 磊鸥墨唱 俊饭俩饭赴 狙啊福蠢胶"
853,4,扁槛荤棺侥寸,扁槛荤痹蘑,扁槛荤 汗档唱 拌窜档 柄昌窍霸 荤侩钦矫促.,ì熏洮熏墁熏攥熏攥憩 墁喱猬诂宅喱猬瀣 噩熏攥 洮脂岈墁诂楝洮脂猬诂 宅熏袁 洮熏佻 墁喱莠宅喱攥瀣攥瀣. ,磊鸥墨唱 内府档烽 磊唱 氮抛赴 促弊 鸥磊 妮档穿穿荐
854,4,扁槛荤棺侥寸,扁槛荤痹蘑,扁槛荤 矫汲拱狼 颇颊阑 惯斑矫 溜矫 包府磊俊霸 焊绊窍技夸,ì熏洮熏墁熏攥熏攥憩 椰瀣瓞蕃宅熏猬 椰瀣佻瀣莠瀣 墁熏莠袁熏攥憩 墁喱猬喱 佻熏蕃熏 椰熏戡墁熏猬蕃熏袁 墁熏郜猬憩莠憩攥憩. ,磊鸥墨唱绰 何莱促福 何贱缝 漠啊绰 绊肺风 磊咐 官浆墨福付啊 墨捞甫福蠢胶
855,4,扁槛荤棺侥寸,扁槛荤痹蘑,扁槛荤 寇何肺 坷拱 捧扁甫 陛钦聪促,ì熏洮熏墁熏攥熏攥憩 悻憩猬洮憩攥 洮熏戡洮熏攥宅 洮熏戡洮喱喱袁 椰喱莠椰喱郜. ,磊鸥墨唱绰 胶福飘唱 鸥浆藕靛 鸥浆配绊 杭焊勒
856,4,扁槛荤棺侥寸,扁槛荤痹蘑,扁槛荤郴 寇何牢 搁雀绰 O矫鳖瘤涝聪促,ì熏洮熏墁熏攥熏袁 悻憩猬洮洮熏 墁脂莠袁脂 熏宅熏蕃宅熏 瀣楝瀣 墁诂猬瀣 瀣椰熏墁憩洮 O 悻熏熏洮墁 楝脂郜诂 楝脂墁洮脂莠袁脂.,磊鸥墨唱啊 胶福藕 奶罢 酒淬促福 快冕 虐风 快官农飘__荤狙啊 眉牢 媒炮罢
857,4,扁槛荤棺侥寸,扁槛荤痹蘑,扁槛荤郴 炼府扁备狼 荤侩阑 陛钦聪促,ì熏洮熏墁熏攥熏攥憩 诂楝诂攥 墁熏佻熏-洮熏椰熏 椰瀣瓞蕃宅熏猬憩 熏莠憩 墁诂猬瀣瀣袁 洮憩瓞 悻熏莠憩攥熏. ,磊鸥墨唱绰 捞模单 墨儡-鸥冠 何莱促弗 舅辅 虐风绊 飘蜡 混福炒
858,4,扁槛荤棺侥寸,扁槛荤痹蘑,扁槛荤郴 林幅 馆涝阑 陛钦聪促,ì熏洮熏墁熏攥熏攥憩 诂楝诂攥 悻岈诂猬 诂楝诂蕃宅诂墁洮脂猬诂 熏莠憩 墁诂猬瀣瀣袁 洮憩瓞 悻熏莠憩攥熏. ,磊鸥墨唱绰 捞模单 胶乔复 捞魔雕单赴 舅辅 虐风绊 飘蜡 混福炒
859,4,扁槛荤棺侥寸,扁槛荤痹蘑,扁槛荤郴 龙辑甫 肋 瘤虐技夸.,ì熏洮熏墁熏攥熏攥憩 诂楝诂攥宅 洮诂郜诂戡洮瀣 铿猬脂噩脂莠脂猬宅 悻熏墁洮熏攥憩. ,磊鸥墨唱绰 捞模单 萍捞浆捧 俊饭俩饭府叼 昏鸥蠢胶
860,4,扁槛荤棺侥寸,扁槛荤痹蘑,扁槛荤郴俊辑绰 绊己规啊甫 陛钦聪促,ì熏洮熏墁熏攥熏宅 墁熏洮瀣 瀣 楝憩袁熏猬憩 憩 憩猬宅喱喱袁 椰喱莠椰喱郜. ,磊鸥墨唱促 墨捧 款 明啊辅 栏福 栏福档绊 杭焊勒
861,4,扁槛荤棺侥寸,扁槛荤痹蘑,扁槛荤绰 1俺岿俊 1雀 痢八阑 钦聪促,ì熏洮熏墁熏攥熏宅 1 熏郜宅 1 噩喱莠 洮脂墁戡脂猬瀣 噩瀣猬袁瀣佻瀣莠喱. ,磊鸥墨唱促 墨捧 款 明啊辅 栏福 栏福档绊 杭焊勒
862,4,扁槛荤棺侥寸,扁槛荤痹蘑,"扁槛荤绰 酒魔, 历翅阑 力傍钦聪促",ì熏洮熏墁熏攥熏宅 铿猬洮 蕃脂攥脂攥墁 噩熏攥 墁脂楝墁 洮熏蕃熏 椰脂猬诂莠脂. ,磊鸥墨唱促 1酒捞促 1凉风 咆技风 林风备临吩
863,4,扁槛荤棺侥寸,扁槛荤痹蘑,扁槛荤甫 柄昌捞 包府窍绞矫坷. ,ì熏洮熏墁熏攥熏攥 洮熏佻 墁熏猬蕃熏攥憩佻宅熏.  ,磊鸥墨唱促 俊福抛 皋迟虐 磊唱 纳摹虐 鸥阜 海副房
864,4,扁槛荤棺侥寸,扁槛荤痹蘑,扁槛荤俊 寇何牢阑 单妨坷搁 救邓聪促. ,ì熏洮熏墁熏攥熏袁 悻憩猬洮洮熏 熏宅熏蕃宅熏猬宅 铿铿猬楝诂洮诂 墁脂莠瀣瀣袁 蕃瀣蕃墁瀣 铿蕃脂. ,磊鸥墨唱蠢 鸥磊 墨福付蠢蠢令促福
865,4,扁槛荤棺侥寸,扁槛荤痹蘑,扁槛荤俊 O矫鳖瘤 涝角窍绞矫夸,ì熏洮熏墁熏攥熏袁 O c熏熏洮墁 楝脂郜诂 墁诂猬诂 墁脂莠瀣瀣攥瀣佻宅喱 佻熏猬憩. ,磊鸥墨唱啊 胶福藕 酒淬促福靛 俊福摹屏 奶风绊 钩娘 俊皋胶
866,4,扁槛荤棺侥寸,扁槛荤痹蘑,扁槛荤俊辑 淬硅甫 乔快搁 救邓聪促.,ì熏洮熏墁熏攥熏宅 洮熏蕃脂墁 洮熏猬洮瀣瀣袁 椰喱莠椰喱郜. ,磊鸥墨唱啊 ____荤狙啊 眉牢 虐赋 奶风穿林档风 磊甫
867,4,扁槛荤棺侥寸,扁槛荤痹蘑,扁槛荤俊辑 档冠阑 秦辑绰 救邓聪促,ì熏洮熏墁熏攥熏宅 墁瀣蕃熏 喱瓞攥宅熏猬憩 喱郜攥喱喱袁 洮憩瓞 悻熏莠憩攥熏. ,磊鸥墨唱促 鸥皋虐 鸥福捧啊 杭焊勒
868,4,扁槛荤棺侥寸,扁槛荤痹蘑,扁槛荤俊辑 家鄂阑 乔快搁 救邓聪促. ,ì熏洮熏墁熏攥熏宅 墁憩郜墁憩猬憩 洮喱岈喱莠喱 墁憩莠瀣瀣袁 椰喱莠椰喱郜. ,磊鸥墨唱促 捻付福 坷辣促弗 坷捞畴绊 飘蜡 混福炒
869,4,扁槛荤棺侥寸,扁槛荤痹蘑,扁槛荤俊辑 澜林 窍矫搁 救邓聪促.,ì熏洮熏墁熏攥熏宅 诂楝诂蕃宅诂 诂楝瀣瀣袁 椰喱莠椰喱郜. ,磊鸥墨唱促 农捞农辅 配弃沸 努风啊 杭焊勒
870,4,扁槛荤棺侥寸,扁槛荤痹蘑,扁槛荤狼 救傈阑 困窍咯  しし篮 陛瘤钦聪促.,ì熏洮熏墁熏攥熏攥憩 墁喱喱岈悻瀣佻宅瀣袁 瀣楝瀣 しし袁 洮憩瓞 悻熏莠憩攥熏. ,磊鸥墨唱促 捞魔雕 捞眠绊 杭焊勒
871,4,扁槛荤棺侥寸,扁槛荤痹蘑,怖 畴农 窍技夸,C喱佻悻瀣 铿戡诂墁洮 洮憩墁憩莠宅熏洮憩 墁诂猬诂攥诂. ,磊鸥墨唱绰 内可荐林滴备 快冕 _____啊 飘蜡 混福炒
872,4,扁槛荤棺侥寸,扁槛荤痹蘑,唱哎 锭俊绰 亲惑 傈扁甫 掺绞矫坷. ,超憩猬洮墁 楝憩墁墁熏攥宅 悻喱佻悻瀣 铿莠脂墁洮 岈猬诂椰喱猬莠喱猬瀣 喱楝瀣猬瀣 楝憩袁憩攥憩. ,胶福飘墨 明沫促 家荐胶 郡泛飘福 橇府焊逢肺烽 坷眠缝 明弊蠢胶
873,4,扁槛荤棺侥寸,扁槛荤痹蘑,呈公 词霸鳖瘤 观俊促聪瘤 付技夸.,船瀣 椰诂 瀣椰熏墁憩洮墁 楝脂郜诂 铿戡诂墁洮 噩瀣猬椰喱攥瀣. ,坯 厚福 快官啊 眉牢 俊江抛 林风焊穿荐
874,4,扁槛荤棺侥寸,扁槛荤痹蘑,淬硅绰 扒拱观俊辑 乔快技夸.,船熏蕃脂墁诂攥 悻憩猬洮墁 楝憩袁憩 楝脂袁诂攥诂. ,鸥皋虐聪 胶俯啊 明鞭 纳扁聪矫
875,4,扁槛荤棺侥寸,扁槛荤痹蘑,概老概老 没家秦 林技夸,瀣攥宅 椰喱莠蕃喱攥瀣佻宅 洮熏佻熏莠熏 洮瀣猬瀣攥瀣. ,焙档 杭葛穿荐滴 鸥肋而 捧风穿荐
876,4,扁槛荤棺侥寸,扁槛荤痹蘑,赣府甫 皑栏技夸 ,熏戡憩攥憩佻宅 噩瀣瀣攥瀣. ,官浆聪胶靛 林快穿荐
877,4,扁槛荤棺侥寸,扁槛荤痹蘑,拱 荤侩 饶 荐档甫 怖 泪弊技夸 ,超瀣瀣攥 墁喱莠宅喱攥瀣 椰瀣洮墁喱攥宅喱 墁诂郜诂 悻喱佻悻瀣 噩熏熏 墁喱瓞攥瀣. ,荐快穿 榜档疮 鹤帮捣 虐牢 家荐荐 磊拘 内蜡穿荐
878,4,扁槛荤棺侥寸,扁槛荤痹蘑,规阑 柄昌捞 包府秦具秦夸.,喱莠蕃喱攥 洮熏佻 墁熏猬蕃熏 墁脂猬脂. ,杭葛穿 鸥磊 墨福付浆 纳泛
879,4,扁槛荤棺侥寸,扁槛荤痹蘑,规阑 柄昌捞 摹快寂具 钦聪促.,喱莠蕃喱攥瀣佻宅 洮熏佻 洮熏佻熏莠熏攥憩. ,杭葛穿穿荐滴 鸥磊 鸥肋扼蠢胶
880,4,扁槛荤棺侥寸,扁槛荤痹蘑,阂炼缴窍技夸.,艾猬洮洮喱 铿洮诂瘳 椰喱莠瀣攥瀣. ,坷风沛 俊萍炬 杭风穿荐
881,4,扁槛荤棺侥寸,扁槛荤痹蘑,弧贰甫 磊林 窍技夸 ,诂猬诂攥诂佻宅 洮脂-洮脂 噩瀣瀣 洮瀣猬瀣攥瀣. ,虐府聪矫叼 抛胶-抛胶 林矿 捧风穿荐
882,4,扁槛荤棺侥寸,扁槛荤痹蘑,荤侩 饶 荐档怖瘤甫 怖 泪啊林技夸,喱莠宅喱攥瀣 椰瀣洮墁喱攥宅喱 墁诂郜诂 墁猬熏攥宅憩 椰瀣猬蕃熏悻憩 噩熏熏 墁喱瓞攥瀣. ,榜档疮 鹤帮捣 虐牢 农鄂电 何福付郊 磊拘 内蜡穿荐
883,4,扁槛荤棺侥寸,扁槛荤痹蘑,积鞘前阑 酒哺 静绞矫坷. ,瀣攥瀣蕃宅瀣 攥脂袁诂佻袁 墁脂猬脂墁洮脂莠瀣瀣楝 椰瀣瓞蕃宅熏猬宅 熏瘳 诂戡洮脂洮诂攥诂. ,捻串迪 匙扁胶扁 纳泛炮风眠 何莱促福靛 酒惧 捞浆抛萍聪矫
884,4,扁槛荤棺侥寸,扁槛荤痹蘑,辑肺 轿快瘤 付技夸 ,诂猬-椰诂猬诂攥诂佻宅脂 蕃脂攥脂 瀣猬瀣戡椰熏攥憩佻宅熏. ,厚府-厚府聪胶单福 皋迟 快风浆官蠢胶促福
885,4,扁槛荤棺侥寸,扁槛荤痹蘑,技荐窍技夸 ,脂洮 墁喱莠瀣攥瀣佻宅 噩瀣瀣攥瀣. ,海萍 榜风穿荐滴 林快穿荐
886,4,扁槛荤棺侥寸,扁槛荤痹蘑,颊惯阑 柄昌捞 灸栏技夸 ,喱莠瀣攥瀣佻宅 洮熏佻 噩瀣瀣攥瀣. ,妮风穿荐滴 鸥磊 林快穿荐
887,4,扁槛荤棺侥寸,扁槛荤痹蘑,しし矫鳖瘤 扁槛荤肺 倒酒坷技夸,しし悻熏熏洮墁 楝脂郜诂 噩熏洮熏墁熏攥熏袁 墁脂莠诂 墁熏莠憩攥憩. ,____荤狙啊 眉牢 磊鸥墨唱啊 奶赋 漠福蠢胶 
888,4,扁槛荤棺侥寸,扁槛荤痹蘑,寇免 矫俊绰 馆靛矫 倾遏阑 罐栏技夸 ,熏戡墁 噩熏墁墁 墁脂洮铿铿猬宅 悻喱佻悻瀣 瀣猬瀣墁悻熏 悻瀣猬熏 墁脂洮诂攥诂. ,厚酱墨 磊墨 纳抛福单 家荐荐 快疯获 荐而 纳萍聪矫
889,4,扁槛荤棺侥寸,扁槛荤痹蘑,寇免矫 巩阑 肋 泪弊技夸,超憩猬洮墁 楝憩袁熏熏猬宅 铿戡诂墁洮 墁瀣莠岈洮熏 墁脂洮诂攥诂佻宅脂. ,胶俯啊 明沫促 俊江萍 b啪 纳聪聪矫单府
890,4,扁槛荤棺侥寸,扁槛荤痹蘑,寇免矫俊绰 格利瘤甫 舅府绊啊技夸,C憩猬洮墁 楝憩袁熏熏猬宅 椰熏猬 洮瀣猬袁熏 噩脂猬诂攥诂佻宅 熏郜洮憩 熏攥熏 墁脂洮诂攥诂. ,胶俯啊 明啊福促 官扼 滴福埃 力府聪胶叼 酒捞频 酒抄 虐萍聪矫
891,4,扁槛荤棺侥寸,扁槛荤痹蘑,寇免窍角锭绰 馆靛矫 倾遏阑 罐栏技夸,C憩猬洮墁 楝憩墁墁熏攥宅 悻喱佻悻瀣 瀣猬瀣墁悻熏 熏莠憩 楝憩袁憩攥憩. ,胶俯啊 明沫促 家荐荐 快疯昏 舅辅 明弊蠢胶
892,4,扁槛荤棺侥寸,扁槛荤痹蘑,侩函 饶 馆靛矫 拱阑 郴妨林技夸 ,宫喱 宅熏熏猬熏 墁憩莠袁熏攥宅熏 墁诂郜诂 悻喱佻悻瀣 悻瀣 蕃脂攥脂 熏袁憩佻憩攥憩. ,锰 促儿 努埃窜 虐牢 家荐荐 荐 皋迟 酒弊胶蠢胶
893,4,扁槛荤棺侥寸,扁槛荤痹蘑,澜侥拱 静饭扁甫 盒府荐芭窍技夸 ,船熏蕃熏墁洮憩 洮熏戡洮熏攥宅憩悻憩 喱佻瀣攥楝 椰喱莠瀣 憩猬袁憩洮憩攥憩. ,鸥阜瓢 鸥浆藕靛郊 坷霖檬 杭缝 栏福弊飘蠢胶
894,4,扁槛荤棺侥寸,扁槛荤痹蘑,捞锅捞 付瘤阜 版绊 涝聪促.,瀣 熏墁憩猬墁 铿悻墁脂猬洮瀣. ,阂 酒农福农 俊胶纳府捧
895,4,扁槛荤棺侥寸,扁槛荤痹蘑,泪磊扁 傈 巩窜加阑 馆靛矫 窍技夸,惮墁洮熏熏猬宅憩 熏莠宅憩攥宅 宅熏郜憩蕃 铿戡诂墁洮诂 噩熏椰憩莠袁熏攥宅憩袁憩 洮脂墁戡脂猬诂 熏攥熏 噩熏洮憩攥憩. ,宽鸥福电 舅电促 促捞付 俊江凭 磊喉埃靛辟 咆技赋 酒抄 磊飘蠢胶
896,4,扁槛荤棺侥寸,扁槛荤痹蘑,泪肋锭绰 急浅扁甫 掺绊 棱聪促.,ì熏洮熏熏猬宅熏 蕃瀣猬瀣 蝇脂攥洮诂莠瘳洮喱猬宅 喱楝瀣猬瀣 噩熏洮憩攥憩. ,磊鸥福窜 公烽 亥瓶藩配风滴 坷眠缝 磊飘蠢胶
897,4,扁槛荤棺侥寸,扁槛荤痹蘑,厘芭府 寇免傈俊 楷遏贸甫 巢扁技夸,‖莠憩悻墁 悻熏岈熏猬袁 楝憩墁墁熏攥宅 宅熏猬脂袁诂攥诂佻宅 洮熏戡洮熏 墁脂洮诂攥诂. ,舅福胶墨 荤颇福啊 明沫促 促饭扁聪矫叼 鸥浆啪 纳萍聪矫
898,4,扁槛荤棺侥寸,扁槛荤痹蘑,傈扁 抄肺甫 难绊 泪甸瘤 付绞矫坷. ,楷莠脂墁洮猬喱攥宅瀣 岈脂楝墁熏攥 噩熏攥宅憩猬憩 熏莠憩 瀣墁洮熏椰熏攥憩. ,郡泛飘沸迪 其明啊蠢 儡靛辅 舅辅 宽鸥官蠢胶
899,4,扁槛荤棺侥寸,扁槛荤痹蘑,傈扁抄肺,楷莠脂墁洮猬喱攥宅瀣 岈脂楝墁 ,郡泛飘沸迪 海明墨
900,4,扁槛荤棺侥寸,扁槛荤痹蘑,林富俊 扁槛荤俊辑 泪父 磊瘤 付技夸.,ガ脂 熏莠憩 墁瀣攥宅喱猬 噩熏洮熏墁熏攥熏宅 瀣墁洮熏 铿莠 噩熏洮 椰脂猬椰脂攥诂佻宅脂. ,旦 舅福浆 娘档风 磊鸥墨唱促 宽啪 郡饭 磊鸥 海福海聪瘤单府
901,4,扁槛荤棺侥寸,扁槛荤痹蘑,眯阂,含熏 ,激
902,4,扁槛荤棺侥寸,扁槛荤痹蘑,免辟 棺 寇免矫俊绰 馆靛矫 巩阑 泪弊技夸,ì瀣蕃瀣戡墁 楝憩墁墁熏攥宅 噩熏攥 悻憩猬洮墁 楝憩墁墁熏攥宅 宅熏郜憩蕃 铿戡诂墁洮 墁瀣莠岈洮熏 楝憩袁憩攥憩. ,林公浆墨 明沫促 磊唱 胶福飘墨 明沫促 促捞付 俊江萍 b啪 明弊蠢令
903,4,扁槛荤棺侥寸,扁槛荤痹蘑,秒咙矫埃俊 栋甸瘤 付技夸,ì熏洮熏 蕃熏熏莠宅 墁喱 悻瀣郜莠喱戡瀣 憩佻-楝瀣 椰喱莠椰喱袁瀣莠. ,磊鸥福 富促 倪 荐老肺 栏令-眠 杭焊奔扼
904,4,扁槛荤棺侥寸,扁槛荤痹蘑,秒魔矫埃篮 ~矫 何磐 ~矫鳖瘤 涝聪促.,惮墁洮熏 洮瀣猬袁熏 蕃熏熏 悻熏熏 ~ 宅熏 ~袁 楝脂郜诂. ,宽鸥捞 捧风埃 富 荤狙~窜 ~啊 眉牢
905,4,扁槛荤棺侥寸,扁槛荤痹蘑,拳犁 抗规阑 困窍咯 角郴俊辑绰 澜侥阑 炼府且 荐 绝嚼聪促.,艾猬洮洮瀣 熏莠宅憩 熏莠瀣 蕃熏墁悻熏洮憩攥宅 噩熏洮熏墁熏攥熏攥憩 诂楝诂攥宅 洮熏蕃熏 椰憩戡憩猬瀣瀣袁 椰喱莠椰喱郜. ,坷风坯 舅电 舅风 阜荤瓢促 磊鸥墨唱绰 捞模单 鸥阜 宏浆风啊 杭焊勒
906,4,扁槛荤棺侥寸,扁槛荤痹蘑,拳犁俊 林狼窍技夸,艾猬洮洮喱 悻熏 椰喱莠瀣攥瀣. ,坷风沛 昏 杭风穿林
907,4,扁槛荤棺侥寸,扁槛荤痹蘑,券扁甫 磊林 矫难夸.,喱莠蕃喱攥 戡熏蕃熏莠宅熏洮憩 洮瀣猬瀣攥瀣. ,杭葛穿 箕富促频 捧风穿林
908,4,扁槛荤棺侥寸,扁槛荤痹蘑,tv甫 难绊 泪甸瘤 付绞矫坷. ,船脂莠脂蝇诂佻喱猬宅 噩熏攥宅憩猬憩 墁喱瓞 瀣墁洮熏 墁熏莠椰熏攥憩. ,炮饭厚炼风滴 儡靛辅 内来 宽啪 漠官蠢令
909,4,扁槛荤棺侥寸, ì熏洮熏墁熏攥熏攥憩 楝喱郜猬喱悻,败匡枚 抄规 利沥柯档绰 18~20C 涝聪促,憩戡憩攥宅 噩憩莠憩洮墁憩 岈脂楝墁熏攥憩 洮脂蕃岈脂猬熏洮瀣瀣猬熏悻憩 18~20C 袁 洮瀣瀣猬熏莠熏 墁喱瓞攥瀣. ,农疆促 榴俯 其明墨绰 袍其扼捧扼胶  18~20C 啊 捧饿而 内蜡穿林
910,4,扁槛荤棺侥寸,扁槛荤券版,扁槛荤 辟贸俊 滚胶沥幅厘捞 乐嚼聪促. ,ì熏洮熏墁熏攥熏攥憩 噩熏攥憩攥宅 熏蝇洮喱椰瀣 熏瘳莠宅熏蕃熏悻 椰熏. ,磊鸥墨唱绰 磊绰促 酒橇配何胶 酒锯促付胶 官福
911,4,扁槛荤棺侥寸,扁槛荤券版,扁槛荤 函扁啊 绊厘涝聪促,ì熏洮熏墁熏攥熏攥憩 瀣攥诂洮熏佻 椰瀣佻瀣. ,磊鸥墨唱绰 快聪鸥令 何磷
912,4,扁槛荤棺侥寸,扁槛荤券版,扁槛荤 积劝篮 绢痘嚼聪鳖,ì熏洮熏墁熏攥熏宅 噩熏戡熏袁熏 墁熏攥宅熏 铿墁脂,磊鸥墨唱促 磊箕埃 沫促捞 俊乃
913,4,扁槛荤棺侥寸,扁槛荤券版,扁槛荤 林函俊 付飘啊 乐嚼聪促,ì熏洮熏墁熏攥熏攥憩 噩熏攥憩攥宅 宅瀣墁喱 椰熏. ,磊鸥墨唱绰 磊绰促 滴能 官福
914,4,扁槛荤棺侥寸,扁槛荤券版,扁槛荤啊 呈公 逮嚼聪鳖 ,ì熏洮熏墁熏攥熏宅 喱洮 憩悻憩 椰脂墁脂 ,墨唱促 坷配 栏交 海乃
915,4,扁槛荤棺侥寸,扁槛荤券版,扁槛荤啊 呈公 娩嚼聪鳖 ,ì熏洮熏墁熏攥 喱洮 悻瀣瀣 椰脂墁脂,磊鸥墨唱 坷配 荐宽 海乃
916,4,扁槛荤棺侥寸,扁槛荤券版,扁槛荤俊 鞘夸茄 巴捞 公均涝聪鳖,ì熏洮熏墁熏攥熏袁 铿蕃攥 墁脂猬脂 ,磊鸥墨唱啊 骏匙 纳泛
917,4,扁槛荤棺侥寸,扁槛荤券版,扁槛荤狼 趁/抄规俊 脚版静摆嚼聪促. ,ì熏洮熏墁熏攥熏攥憩 蕃瀣佻宅熏洮墁憩/噩憩莠憩洮墁憩 熏岈岈熏猬熏洮洮熏猬憩攥 墁喱攥瀣 椰瀣猬熏椰憩. ,磊鸥墨唱绰 公令村农明/榴俯农明 酒颇儿鸥福唱 内喘 何扼宏令
918,4,扁槛荤棺侥寸,扁槛荤券版,郴老鳖瘤 荐府窍摆嚼聪促. ,楷猬洮脂攥墁诂袁 楝脂郜诂 喱攥宅喱郜椰瀣. ,俊福刨虐霸 眉牢 柯档捞何令
919,4,扁槛荤棺侥寸,扁槛荤券版,呈公 逮霸 抄规阑 窍瘤 付技夸,艾洮 憩悻憩 墁憩莠憩 噩憩莠憩洮墁憩 岈脂楝墁熏攥 噩熏攥宅憩猬椰熏攥憩. ,坷配 栏交 努辅 榴俯农明 其明墨蠢 磊蠢甸官蠢令
920,4,扁槛荤棺侥寸,扁槛荤券版,阂祈茄 痢篮 绝唱夸 ,浆攥袁熏郜悻憩佻宅憩墁洮熏 椰熏猬椰 ,览啊捞胶令垫鸥福 官福宏 
921,4,扁槛荤棺侥寸,扁槛荤券版,咯抚枚 趁规 利沥柯档绰 26~28C 涝聪促.,ì熏郜墁憩悻憩 蕃瀣佻宅熏洮墁憩 熏岈岈熏猬熏洮洮憩 洮脂蕃岈脂猬熏洮瀣猬熏悻憩 26~28C 墁喱瓞攥瀣佻宅熏. ,磊捞虐郊 公胶村农明 酒颇扼瓢 袍其扼捧扼郊 26~28C 内蜡穿荐促福
922,4,扁槛荤棺侥寸,扁槛荤券版,柯荐啊 唱坷瘤 臼唱夸 ,浆悻憩 悻瀣 楝憩墁椰熏 噩熏洮熏椰 ,栏交 荐 螟官捞 磊鸥宏
923,4,扁槛荤棺侥寸,扁槛荤券版,沥傈捞 登菌绢夸,超蝇脂 喱楝瀣 墁熏莠宅.,胶邯 坷娩 漠靛
924,4,扁槛荤棺侥寸,扁槛荤券版,亲惑 没搬窍霸 荤侩窍咯 林技夸,"超瀣猬熏攥憩, 宅熏郜憩蕃 洮熏佻 墁喱莠宅喱攥瀣. ","荐扼n, 促捞付 鸥磊 妮档穿穿荐"
925,4,扁槛荤棺侥寸,‖戡墁熏攥 噩喱攥瀣攥宅 蕃熏熏莠憩蕃熏 ,冈绰 拱篮 沥荐扁甫 捞侩窍技夸,楝墁脂攥袁 娆诂莠瞵洮诂猬莠脂攥袁脂 悻瀣瀣攥 诂楝诂攥诂. ,淠税 鞘飘副坊罢 荐穿 捞摹聪矫
926,4,扁槛荤棺侥寸,侥寸救郴,给冈绰 澜侥捞 乐栏搁 富靖窍技夸 ,ì脂 熏莠椰熏 洮瀣猬袁熏 洮熏蕃熏袁憩攥憩 椰喱莠悻 熏郜洮憩攥憩.,力捞 舅官捞 捧风埃 鸥付弊蠢胶 杭家 酒捞飘蠢胶
927,4,扁槛荤棺侥寸,侥寸救郴,侥窜俊 绢恫 阂父捞 乐唱夸 ,船熏蕃熏 (蕃脂攥) 椰喱瓞攥楝 墁熏攥宅熏 宅熏洮洮熏攥瀣瀣莠熏 椰熏,鸥阜 (皋春)焊辣瞒 沫促捞 促鸥喘扼福 官福
928,4,扁槛荤棺侥寸,侥寸救郴,侥寸俊辑 炼府 啊瓷钦聪促.,‖戡墁熏攥熏宅 洮熏蕃熏 椰憩戡憩猬悻熏攥憩 椰喱莠喱. ,酒浆墨唱促 鸥阜 宏浆福荤蠢胶 杭吩
929,4,扁槛荤棺侥寸,侥寸救郴,侥寸篮 捞镑俊 乐嚼聪促.,‖戡墁熏攥 椰瀣 噩脂猬宅 噩熏郜袁熏戡墁熏. ,酒浆墨唱 阂 力福单 官捞啊浆沫 
930,4,扁槛荤棺侥寸,侥寸救郴,侥厚绰 倔付涝聪促.,船熏蕃熏 熏墁憩悻 墁熏攥楝 洮瀣猬熏 ,鸥阜 酒农胶 沫瞒 捧儿
931,4,扁槛荤棺侥寸,侥寸救郴,侥厚绰 岿鞭俊辑 傍力钦聪促. ,船熏蕃熏 熏戡洮憩 熏墁楝熏悻憩 熏郜莠憩墁洮熏 墁脂悻诂 墁熏莠熏. ,鸥阜 酒浆瓢 厩瞒郊 酒老袱藕 纳绞 漠儿
932,4,扁槛荤棺侥寸,侥寸救郴,坷疵 皋春绰 OO涝聪促,瀣袁瀣 蕃脂攥瓞宅 OO 椰喱莠喱. ,何焙 皋春促 ___杭吩
933,4,扁槛荤棺侥寸,侥寸救郴,盔窍绰 皋春啊 乐栏搁 富靖窍技夸 ,超诂 墁熏熏莠熏袁熏 蕃脂攥 椰喱莠悻 熏郜洮憩攥憩. ,矫瘤 漠扼埃 皋春 杭家 酒捞飘蠢胶
934,4,扁槛荤棺侥寸,侥寸救郴,老窍搁辑 夸府鳖瘤 窍妨搁 塞甸芭俊夸.,戡洮脂 噩熏攥 洮熏蕃熏墁洮 宅熏袁 喱佻瀣攥瀣 墁憩莠憩 噩脂悻脂 墁憩郜攥熏莠憩 墁熏莠熏悻憩. ,捞浆跑 磊唱 鸥阜飘 促弊 坷荐穿荐 努辅 力技胶 农捞朝辅 漠扼胶胶
935,4,扁槛荤棺侥寸,‖戡墁熏攥熏宅熏袁 铿猬脂噩,拱阑 产咯 靛技夸,超瀣瀣攥 墁熏郜攥熏洮憩 诂楝诂攥诂. ,荐穿 墨捞唱频 捞摹聪胶
936,4,扁槛荤棺侥寸,侥寸痹蘑,汲芭瘤绰 夯牢捞 秦具 钦聪促. ,宅诂戡洮 喱佻瀣攥瀣 噩瀣瀣戡瀣攥瀣 墁脂猬脂. ,捞叼浆萍 坷荐穿荐 林快酱穿荐 纳泛
937,4,扁槛荤棺侥寸,侥寸痹蘑,侥荤傈俊绰 颊阑 灸绊 侥荤窍技夸,船熏蕃熏墁洮熏攥熏猬宅憩 熏莠宅憩攥宅 墁喱莠瀣攥瀣佻宅 噩瀣瀣 洮熏蕃熏墁洮熏攥憩攥憩. ,鸥阜鸥福电 舅电促 妮风穿荐滴 林矿 鸥阜鸥蠢蠢胶
938,4,扁槛荤棺侥寸,侥寸痹蘑,脚辆敲风 抗规阑 困秦 颊阑 柄昌捞 灸绢夸,超熏悻憩 洮瀣蕃喱喱攥瀣 熏莠宅憩 熏莠憩 瀣楝瀣 墁喱莠宅 洮熏佻熏莠熏 噩瀣瀣 墁脂猬脂. ,荤交 捧葛捣 舅电 舅福浆 快冕 喷滴 鸥肋而 林快浆 纳泛
939,4,扁槛荤棺侥寸,侥寸痹蘑,炼府饶俊 柄昌捞 摹况林技夸.,船熏蕃熏 噩熏悻熏 椰瀣洮墁喱攥宅喱 墁诂郜诂 熏 噩脂猬宅 洮熏佻熏莠熏 噩憩郜攥熏 墁喱瓞攥瀣. ,鸥阜 磊火 鹤帮捣 萍牢 舅 力福叼 鸥肋而 令捞吵 内快穿荐
940,4,ì瀣蕃瀣 噩喱攥瀣攥宅,"鞭咯,荐寸",啊阂篮 救邓聪促.,‖蝇熏攥 椰脂猬诂莠椰脂郜.,酒馆胶 海副海勒
941,4,辟肺包访,"熏瘳攥, 铿蕃袁脂 熏墁",痹沥 困馆俊 狼茄 荤绊惯积矫 鞭咯俊辑 傍力啊 邓聪促,楷猬脂噩脂攥 椰瀣佻袁熏攥宅憩袁憩攥憩佻宅憩 悻脂椰脂椰诂攥脂 墁脂莠诂 楝憩墁墁熏 墁憩猬悻憩 瀣楝瀣 蕃熏瘳攥熏攥憩佻宅熏 墁脂悻诂 墁熏莠熏椰憩. ,俊饭力聪 何林埃靛弊蠢令电 技海海迟 奶赋 明沫 农福交 快冕 付具唱蠢令窜 纳绞 漠扼宏令
942,4,辟肺包访,"鞭咯,荐寸",辟肺拌距 吝埃俊 烙陛牢惑篮 阂啊瓷钦聪促,楷蕃袁脂 墁脂莠诂戡诂蕃 洮瀣佻瀣莠瀣 墁熏莠袁熏攥宅熏 墁诂郜诂 熏郜莠憩 熏墁憩攥 墁喱洮喱猬瀣 椰脂猬瀣 蕃瀣蕃墁瀣 铿蕃脂.,骏 奶府浆固 捧临缝 漠埃窜 虐牢 酒老袱 酒农蠢 内配缝 海风 钩娘 俊皋胶
943,4,辟肺包访,"鞭咯,荐寸",鞭咯 捞眉老磊啊 O老肺 函版邓聪促,熏瘳攥熏攥 椰熏攥 铿悻脂椰诂攥 墁喱洮喱猬瀣 墁瀣攥 O 墁瀣攥瀣攥 喱佻袁喱猬洮瀣莠宅. ,付具唱蠢 馆农 俊技厚匙 内配风 捻穿____捻穿畴 坷林绊风砒滴
944,4,辟肺包访,"鞭咯,荐寸",鞭咯 烹厘 函版矫 舅妨林技夸,熏瘳攥 熏莠 洮瀣猬袁熏 铿悻脂 墁诂洮脂岈楝脂攥诂 喱佻袁喱猬袁喱 椰喱莠悻 椰诂佻袁 熏郜洮憩 墁喱瓞攥瀣. ,付具唱 舅扼 捧福埃 俊剂 虐跑眉聪胶 坷令绊福帮 杭家 厚瘤霸 酒捞频 内蜡穿林
945,4,辟肺包访,"鞭咯,荐寸",鞭咯绰 泅陛栏肺 林摆嚼聪促. ,‖郜莠憩墁洮 熏墁楝熏莠熏 椰脂猬脂蕃诂. ,酒老袱飘 厩蔓扼捞 海饭刮
946,4,辟肺包访,"鞭咯,荐寸",促弗 荤恩俊霸 鞭咯 烹厘阑 该扁瘤 付技夸,熏戡墁 熏宅熏蕃袁 喱佻瀣攥瀣佻宅瀣 椰熏攥 铿悻脂 墁诂洮脂岈楝脂攥诂佻宅 椰脂猬椰脂攥诂. ,官浆墨 酒淬啊 坷林穿荐敌 馆农 俊剂 虐跑眉聪矫叼 海福海聪瘤
947,4,辟肺包访,"鞭咯,荐寸",促澜崔俊 唱赣瘤甫 拌魂窍咯 瘤鞭窍摆嚼聪促. ,楷蕃墁 熏郜宅 墁熏莠袁熏攥憩 铿悻脂岈洮脂 洮喱莠喱 椰脂猬脂蕃诂. ,烙虐 酒捞促 漠啊绰 俊剂跑 妮酚 海饭刮
948,4,辟肺包访,"鞭咯,荐寸",寸脚狼 岿鞭 拌魂捞 撇啡嚼聪促. ,超诂佻宅诂 熏郜莠憩袁憩攥憩 洮瀣瀣猬 铿蕃脂 铿悻脂岈洮脂莠诂 墁熏莠憩岈洮憩. ,矫瘤凋 酒老福弊蠢胶 捧扼 俊皋胶 俊剂炮赋 漠辅飘福
949,4,辟肺包访,"鞭咯,荐寸",寸脚狼 岿鞭捞 利促绊 积阿钦聪鳖 ,超诂 熏郜莠憩袁憩攥憩 熏 宅脂 铿悻脂岈洮脂郜悻诂佻椰,矫瘤 酒老福弊蠢 酒令 氮 俊剂抛捞矫瘤厚
950,4,辟肺包访,"鞭咯,荐寸",概斥 岿鞭阑 货酚霸 盎脚钦聪促,ì憩 悻熏郜憩 熏郜莠憩墁洮 噩熏攥憩宅熏 喱佻袁喱猬洮喱椰瀣.,榴 荤牢 酒老袱飘 磊蠢窜 坷林绊风配何胶
951,4,辟肺包访,"鞭咯,荐寸",疙例俊 惑咯陛捞 瘤鞭邓聪促.,熏郜猬熏 墁瀣攥宅喱猬瀣攥 椰喱攥瀣 椰脂猬诂莠脂.,付捞恩 能档风畴 焊穿荐 海府房
952,4,辟肺包访,"鞭咯,荐寸",焊呈胶 涝聪促.,瀣 椰喱攥瀣. ,阂 焊穿荐
953,4,辟肺包访,"鞭咯,荐寸",惑咯陛篮 瘤鞭救登瘤父 急拱阑 靛赋聪促.,"喱攥瀣悻洮 椰脂猬椰脂郜椰诂, 椰诂猬喱 熏攥憩 喱猬宅瀣攥 椰脂莠脂 椰脂猬脂椰诂. ","焊穿荐捧 海府海捞厚胶, 厚废 酒绰 坷风滴唱 骇泛 海饭厚胶"
954,4,辟肺包访,"鞭咯,荐寸",荐寸 拌魂捞 肋给登菌嚼聪鳖 ,楷蕃袁脂 熏墁憩悻 洮瀣瀣猬 铿蕃脂 铿悻脂岈洮脂莠诂 墁熏莠憩岈洮憩猬椰 ,骏 酒农胶 捧扼 俊皋胶 俊剂炮赋 漠辅飘福宏
955,4,辟肺包访,"鞭咯,荐寸",荐嚼扁埃俊绰 鞭咯啊 利嚼聪促.,C憩攥喱 瀣椰熏袁憩攥宅 熏郜莠憩 熏 椰脂猬诂莠脂.,胶畴 快官辟促 酒老袱 酒胶 海副房
956,4,辟肺包访,"鞭咯,荐寸",矫鞭篮 しし盔涝聪促. ,超熏熏洮憩攥 铿蕃袁脂 熏墁 しし蝇喱 椰喱莠喱.,荤酒飘唱 骏 酒农 ____盔 杭吩
957,4,辟肺包访,"鞭咯,荐寸",角诀鞭咯甫 罐阑 荐 绝嚼聪促 ,ì瀣蕃瀣戡悻瀣佻宅瀣 蕃熏瘳攥熏悻憩 熏莠瀣瀣袁 椰喱莠喱. ,林公酱胶迪敌 付具唱郊 舅风啊 杭吩
958,4,辟肺包访,"鞭咯,荐寸",角诀鞭咯甫 罐阑 荐 乐嚼聪促,ì瀣蕃瀣戡悻瀣佻宅瀣 蕃熏瘳攥熏悻憩 熏莠瀣瀣袁 椰喱莠椰喱郜. ,林公荐荐迪 付具唱郊 舅风啊 杭焊勒. 
959,4,辟肺包访,"鞭咯,荐寸",ししし盔篮 牢季萍宏肺 瘤鞭阑 钦聪促,ししし蝇喱攥宅 蕃熏墁洮喱 墁熏洮熏猬憩攥宅 墁喱戡瀣蕃楝熏莠熏攥憩 洮喱莠喱攥喱. ,____盔滴 阜配 墨鸥弗促 内椒蔓扼辞 喷肺瞅
960,4,辟肺包访,"鞭咯,荐寸",しし岿埃 皑豪涝聪促.,しし熏 椰喱 熏郜莠憩 墁脂悻诂莠诂 椰脂猬诂莠脂.,___酒捞 焊蜡 酒老袱 纳角赋 骇府房
961,4,辟肺包访,"鞭咯,荐寸",しし阑 何淬窍摆嚼聪促.,ししc憩 洮喱莠喱郜蕃瀣. ,____郊 喷肺捞巩
962,4,辟肺包访,"鞭咯,荐寸",しし烹厘俊 涝陛登菌栏聪 犬牢秦 焊技夸,"しし椰熏攥 铿悻脂椰诂攥诂佻袁 墁喱洮喱猬瀣莠宅, 洮脂墁戡脂猬诂 墁喱猬瀣攥瀣. ","_____馆农 俊技厚聪矫霸 内配逢滴, 咆技赋 内风穿荐"
963,4,辟肺包访,"鞭咯,荐寸",具辟荐寸篮 矫埃寸 しし盔涝聪促. ,脂楝墁 诂 熏墁憩悻 悻熏熏洮憩攥 しし蝇喱 椰喱莠喱. ,纳摹虐 捞浆 酒农胶 荤酒飘唱 ___盔 杭吩
964,4,辟肺包访,"鞭咯,荐寸",楷厘辟公矫 矫埃寸 ししし盔阑 罐嚼聪促.,ì瀣蕃瀣 瀣椰熏袁憩攥熏 悻憩猬洮墁熏猬 墁喱戡瀣蕃楝 噩瀣蕃瀣戡墁 悻熏熏洮憩攥 しし蝇喱 洮喱莠喱攥喱.,林公酱 快官弊抄 胶福飘墨福 内椒瞒 林公酱墨 荤酒飘唱 ___盔 喷肺瞅
965,4,辟肺包访,"鞭咯,荐寸",坷疵 岿鞭 涝陛登聪鳖 烹厘 犬牢秦 焊技夸,"瀣袁瀣 熏郜莠憩 铿悻脂 墁诂洮脂岈楝脂攥诂佻袁 墁喱洮喱猬瀣莠熏, 洮脂墁戡脂猬诂 墁喱猬瀣攥瀣. ","何焙 酒老袱 俊剂 虐跑眉聪矫霸 内配逢儿, 咆技赋 内风穿荐"
966,4,辟肺包访,"鞭咯,荐寸",盔茄促搁 林鞭栏肺 林摆嚼聪促. ,熏熏莠熏悻熏攥憩 噩瀣蕃熏悻憩攥 洮喱莠喱 椰脂猬脂蕃诂. ,漠扼荤蠢胶 林付胶唱 喷酚 海饭刮
967,4,辟肺包访,"鞭咯,荐寸",岿鞭 拌魂俊 馒坷啊 乐菌嚼聪促. ,‖郜莠憩 洮瀣瀣猬 铿蕃脂 铿悻脂岈洮脂莠诂 墁熏莠憩岈洮憩. ,酒老袱 捧扼 俊皋胶 俊剂炮赋 漠辅飘福
968,4,辟肺包访,"鞭咯,荐寸",岿鞭 拌魂捞 肋给 登菌嚼聪鳖 ,‖郜莠憩 洮瀣瀣猬 铿蕃脂 铿悻脂岈洮脂莠诂岈洮诂猬椰,酒老袱 捧扼 俊皋胶 俊剂炮赋萍府厚
969,4,辟肺包访,"鞭咯,荐寸",岿鞭 朝篮 し岿 d老 涝聪促. ,‖郜莠憩 椰脂猬诂莠瀣瀣楝 墁瀣 し熏郜宅憩 し墁瀣攥. ,酒老袱 海副风眠 娘___酒捞电 ___捻穿
970,4,辟肺包访,"鞭咯,荐寸",岿鞭 罐阑 烹厘阑 焊咯林技夸.,‖郜莠憩 熏莠 洮瀣猬袁熏 铿悻脂 墁诂洮脂岈楝脂悻诂 墁喱猬悻喱洮瀣攥瀣. ,酒老袱 舅扼 捧福埃 俊剂 虐跑眉脚 内风家捧穿荐
971,4,辟肺包访,"鞭咯,荐寸",岿鞭朝捞 绒老捞搁 绒老傈朝 鞭咯啊 瘤鞭邓聪促.,"‖郜莠憩 熏莠 洮瀣猬袁熏 墁瀣 宅脂 熏莠憩 墁瀣攥袁 洮瀣瀣猬 墁脂莠诂 墁熏莠悻, 熏攥宅 椰诂 墁瀣 熏莠宅憩 椰脂猬诂莠脂. ","酒老袱 舅扼 捧福埃 焙 旦 舅府浆 娘绊 捧扼 奶赋 漠荤, 救促 厚府 娘 舅电 海副房"
972,4,辟肺包访,"鞭咯,荐寸",岿鞭疙技辑 涝聪促.,‖郜莠憩 铿悻脂 椰熏猬熏墁楝熏悻.,酒老袱 俊剂 官遏瞒胶
973,4,辟肺包访,"鞭咯,荐寸","岿鞭俊 侥厚,扁槛荤厚啊 器窃登绢 乐嚼聪促","‖郜莠憩墁墁 洮熏蕃熏-熏, 噩熏洮熏墁熏攥熏攥憩 熏墁憩悻 墁喱戡瀣莠袁熏. ","酒老福墨 鸥阜-酒浆, 磊鸥墨唱绰 酒农胶 内蕉埃"
974,4,辟肺包访,"鞭咯,荐寸",岿鞭俊辑 しし% 狼 捣捞 狐笼聪促.,‖郜莠憩袁憩攥憩佻宅熏 しし% 熏墁楝 熏莠憩攥熏.,酒老福弊蠢蠢胶窜 ___%厩瞒 舅福炒. 
975,4,辟肺包访,"鞭咯,荐寸",岿鞭俊辑 しし啊 傍力邓聪促 ,‖郜莠憩袁憩攥憩佻宅熏 しし墁脂蕃诂洮诂莠诂攥脂. ,酒老福弊蠢胶窜 ____纳固瓶房
976,4,辟肺包访,"鞭咯,荐寸",岿鞭栏肺 瘤唱摹霸 厚窖 拱扒阑 荤瘤付技夸,‖郜莠憩袁憩攥憩佻袁 喱洮 墁憩蕃椰熏 椰瀣瓞蕃宅熏猬宅 悻熏洮憩 熏莠椰熏攥憩. ,捞老福弊蠢胶啊 で配 怒瑰 何莱促福靛 荤频 舅官蠢胶
977,4,辟肺包访,"鞭咯,荐寸",岿鞭篮 部冠部冠 历绵窍技夸.,‖郜莠憩袁憩攥憩佻宅 铿 噩熏墁墁 悻熏猬岈洮熏椰熏 洮喱岈洮喱攥瀣. ,酒老福弊蠢胶啊 z 磊墨  荤辅促官捞 砰配穿荐
978,4,辟肺包访,"鞭咯,荐寸",岿鞭篮 绢蠢 沥档肺 积阿窍绊 乐嚼聪鳖,熏攥楝 熏郜莠憩 熏莠瀣瀣攥 墁熏熏莠熏郜悻憩,沫瞒 酒老袱 舅风穿 漠扼捞胶令
979,4,辟肺包访,"鞭咯,荐寸",岿鞭篮 烹厘栏肺 价陛邓聪促 ,‖郜莠憩 悻诂佻宅诂 椰熏攥 铿悻脂椰诂攥诂佻袁 墁喱洮喱猬瀣莠熏. ,酒老袱 胶瘤凋 馆农 俊技厚聪胶霸 内配逢儿
980,4,辟肺包访,"鞭咯,荐寸",岿鞭阑 酒哺静技夸,‖郜莠憩袁憩攥憩佻宅 熏瘳 诂戡洮脂洮诂攥诂. ,酒老福弊蠢胶靛 酒惧 捞浆抛萍聪矫
981,4,辟肺包访,"鞭咯,荐寸",岿鞭阑 鸥搁 啊练俊霸 价陛钦聪鳖,‖郜莠憩 熏莠悻熏攥憩 瀣-椰瀣莠喱攥瀣佻袁 噩喱攥喱洮喱悻瀣佻椰,酒老袱 舅荤蠢胶 快捞-阂肺穿荐绊 炼畴配荐荐何
982,4,辟肺包访,"鞭咯,荐寸",岿鞭捞 词绢辑 固救钦聪促.,‖郜莠憩 墁脂 椰脂猬诂莠诂 墁熏莠袁熏 瀣楝瀣 墁脂楝诂猬诂 悻瀣猬熏郜. ,酒老袱  海副赋 漠埃 快冕 纳摹覆 荐扼烙.
983,4,辟肺包访,"鞭咯,荐寸",岿鞭捞 概斥 炼陛究 牢惑邓聪促.,‖郜莠憩 噩憩 悻熏郜憩 熏-熏佻宅熏 墁喱洮喱猬瀣莠喱. ,酒老袱 榴 荤牢 酒令-酒令窜 内配逢吩
984,4,辟肺包访,"鞭咯,荐寸",捞崔 岿鞭捞 眉阂登菌嚼聪促,瀣 熏郜宅憩 熏郜莠憩袁 洮喱莠喱攥椰喱宅.,阂 酒捞电 酒老福弊 喷沸焊滴
985,4,辟肺包访,"鞭咯,荐寸",捞锅崔 鞭咯啊 涝陛登菌嚼聪促,瀣 熏郜宅憩 熏郜莠憩袁 洮喱莠喱攥宅. ,阂 酒捞电 酒老福弊 喷沸滴 
986,4,辟肺包访,"鞭咯,荐寸",捞锅崔 岿鞭篮 皑豪 登菌嚼聪促.,瀣 熏郜宅憩 熏郜莠憩袁 墁憩悻墁熏猬洮憩莠宅. ,阂 酒捞电 酒老福弊 农胶墨福撇靛
987,4,辟肺包访,"鞭咯,荐寸",捞锅崔 岿鞭篮 牢惑 登菌嚼聪促.,瀣 熏郜宅憩 熏郜莠憩袁 墁喱洮喱猬瀣莠宅. ,阂 酒捞电 酒老福弊 内配逢滴
988,4,辟肺包访,"鞭咯,荐寸",捞锅崔 烙陛篮 しし盔涝聪促.,瀣 熏郜宅憩 熏郜莠憩袁 __蝇喱 椰喱莠宅. ,阂 酒捞电 酒老福弊___盔 杭滴
989,4,辟肺包访,"鞭咯,荐寸",捞锅崔俊 焊呈胶甫 瘤鞭钦聪促.,瀣 熏郜宅 椰喱攥瀣 椰脂猬诂莠脂. ,阂 酒捞促 焊穿荐 海副房
990,4,辟肺包访,"鞭咯,荐寸",老 己角洒 窍搁 焊呈胶 瘤鞭窍摆嚼聪促.,ì瀣蕃瀣戡洮 噩熏墁戡 墁憩莠悻熏攥熏 椰喱攥瀣 椰脂猬脂椰诂. ,林公酱捧 累浆 努荤唱福 焊穿荐 海饭厚胶
991,4,辟肺包访,"鞭咯,荐寸",老阑 凯缴洒 窍搁 郴斥俊 岿鞭阑 棵妨林摆嚼聪促. ,ì瀣蕃瀣戡洮 噩熏墁戡 墁憩莠悻熏攥熏 墁脂莠脂猬墁 噩憩莠 熏郜莠憩墁洮 墁喱洮喱猬瀣 椰脂猬脂椰诂. ,林公酱捧 累浆 努荤唱福 奶饭府虐 榴福 酒老袱飘 内配缝 海饭海胶
992,4,辟肺包访,"鞭咯,荐寸",老阑 窍瘤 臼篮 朝篮 岿鞭俊 拌魂登瘤 臼嚼聪促,ì瀣蕃瀣 椰喱莠椰喱袁喱 墁瀣攥 熏郜莠憩墁墁 墁喱戡瀣莠瀣 铿悻脂岈洮脂莠椰脂郜. ,林公酱 杭焊帮 捻穿 酒老福鳖 捻蕉缝 俊剂炮海勒
993,4,辟肺包访,"鞭咯,荐寸",烙陛 包访 荤亲篮 しし俊霸 巩狼窍技夸,‖郜莠憩 椰喱瓞攥楝 悻瀣猬喱喱莠喱 椰喱莠悻 _____袁 墁熏郜猬憩莠憩攥憩佻宅熏. ,酒老袱 焊辣瞒 荐费肺风 杭家___啊 墨捞甫福蠢胶促福
994,4,辟肺包访,"鞭咯,荐寸",烙陛 烹厘阑 函版窍摆嚼聪促. ,‖郜莠憩 洮瀣戡 洮瀣猬袁熏 铿悻脂 墁诂洮脂岈楝脂蕃宅 熏莠蕃熏戡洮憩猬熏蕃憩. ,酒老袱 捧碱 捧风埃 俊剂 虐跑美叼 舅付浆飘扼谷
995,4,辟肺包访,"鞭咯,荐寸",烙陛篮 辟肺拌距辑俊 疙矫等 巴苞 悼老钦聪促.,‖郜莠憩 铿蕃袁脂 墁脂莠诂戡诂蕃宅 墁喱猬悻喱洮瀣莠袁喱 悻瀣蕃蕃 蕃脂攥脂 椰诂猬宅脂. ,酒老袱 骏 奶府桨单 内风家砒帮档捞 见付 皋迟 厚福单捞
996,4,辟肺包访,"鞭咯,荐寸",烙陛捞 捞锅崔 利霸 唱吭绢夸,瀣 熏郜宅 熏郜莠憩 熏 楝憩墁洮.,阂 酒捞促 酒老袱 酒胶 螟飘
997,4,辟肺包访,"鞭咯,荐寸",儡诀荐寸篮 岿鞭捞寇俊 喊档肺 眠啊 瘤鞭邓聪促,喱戡瀣蕃楝 诂戡洮脂袁脂 悻熏熏洮墁 喱佻瀣攥楝 熏墁楝 洮喱莠喱攥瀣 椰脂猬诂莠脂. ,内椒瞒 捞酱抛罢 荤狙啊 坷鉴檬 厩瞒 喷肺疮 海副房 
998,4,辟肺包访,"鞭咯,荐寸",儡诀荐寸涝聪促.,瀣 墁喱戡瀣蕃楝 诂戡洮脂袁脂 悻熏熏洮洮憩 熏墁楝熏悻. ,阂 内椒瞒 捞浆抛罢 荤酒瓢 厩瞒胶
999,4,辟肺包访,"鞭咯,荐寸",犁拌距矫 辟公惑怕俊 蝶扼 烙陛牢惑捞 啊瓷钦聪促,熏郜猬 椰熏戡憩攥熏 铿蕃袁脂 墁脂莠诂戡诂蕃 洮瀣佻瀣莠袁喱攥宅喱 墁诂郜诂 诂戡洮脂袁脂攥诂攥 噩熏猬熏戡 熏郜莠憩 墁喱洮喱猬瀣莠瀣 椰脂猬诂莠诂戡 蕃瀣蕃墁瀣. ,墨捞扼 官浆抄 骏 奶府浆固 捧临帮捣 虐牢 捞浆抛霸聪匙 磊扼箕 捞老袱 内配逢缝 海副府浆 钩娘
1000,4,辟肺包访,"鞭咯,荐寸",林鞭栏肺 罐阑 荐 绝嚼聪促. ,ì瀣蕃熏悻憩攥 洮喱莠喱 椰脂猬 熏莠椰熏郜椰憩. ,林付胶唱 喷酚 海饭 舅官捞宏令
1001,4,辟肺包访,"鞭咯,荐寸",弥历烙陛篮 しし盔涝聪促. ,超熏熏洮憩攥 洮喱莠喱攥瀣瀣楝 铿 洮喱蕃喱攥墁 铿蕃袁脂 熏墁 ____蝇喱 椰喱莠喱. ,荤酒飘唱 喷肺穿眠 浚 配阁捻 骏 酒农____盔 杭吩 
1002,4,辟肺包访,"鞭咯,荐寸",鸥牢狼 岿鞭苞 夯牢狼 岿鞭阑 厚背窍瘤 付绞矫坷. ,熏戡墁 椰诂猬喱喱攥瀣 熏郜莠憩袁 蕃脂攥脂 喱佻瀣攥瀣佻宅瀣 熏郜莠憩袁憩攥憩佻宅 悻熏莠憩戡洮憩猬椰熏攥憩.,官浆墨 厚肺传 酒老福弊 皋迟 坷林穿林敌 酒老福弊蠢令靛 混福浆飘福官蠢令
1003,4,辟肺包访,"鞭咯,荐寸",硼流陛篮 し盔涝聪促. ,艾 瀣楝瀣攥楝 熏郜莠憩 _____蝇喱 椰喱莠喱. ,柯 快冕眠 酒老袱____盔 杭吩
1004,4,辟肺包访,"鞭咯,荐寸",雀荤 荤沥捞 亮瘤 臼酒 烙陛阑 临 荐 绝绢夸,戡墁熏攥熏攥憩 熏椰熏莠 喱喱 椰喱莠袁喱攥宅瀣墁洮熏 蕃熏瘳攥熏攥 洮喱莠喱 椰脂猬 熏莠椰熏郜蕃憩.,捞浆墨唱绰 酒惯福 坷坷福 杭帮迪藕 付具唱蠢 喷酚 海饭 舅官捞谷
1005,4,辟肺包访,"鞭咯,荐寸",雀荤荤沥栏肺 烙陛瘤鞭捞 楷扁邓聪促,戡墁熏攥熏攥憩 熏椰熏莠憩攥 椰熏郜莠熏攥憩戡洮瀣 蕃熏瘳攥 墁脂楝诂墁洮诂猬诂 椰脂猬诂莠脂.,捞浆墨唱绰 酒惯福唱 官老扼蠢浆捧 付具唱 纳蘑摹副赋 海副房
1006,4,辟肺包访,"喱蕃岈熏攥诂, 噩瀣蕃瀣戡洮熏袁 铿猬脂噩",拌距扁埃篮 しし俺岿 涝聪促. ,脂莠诂戡诂 蕃喱喱攥喱洮 _____熏 椰喱莠喱. ,奶府桨 葛坷畴捧_____酒捞 杭吩
1007,4,辟肺包访,"雀荤,辟公痹蘑",拌距辑 荤亲阑 霖荐秦具 钦聪促. ,脂莠诂戡诂蕃宅诂 噩喱椰喱莠喱猬瀣 悻熏墁洮喱 佻熏猬憩. ,奶府桨凋 炼杭肺烽 昏配坷 磊甫
1008,4,辟肺包访,"雀荤,辟公痹蘑",拌距阑 楷厘窍绊 酵嚼聪促.,脂莠诂戡诂蕃宅 瀣佻熏猬洮墁憩 墁脂莠脂. ,奶府桨叼 快磊俯怒 奶房
1009,4,辟肺包访,"雀荤,辟公痹蘑",辟肺拌距辑甫 促矫 犬牢秦 焊技夸,楷蕃袁脂 墁脂莠诂戡诂蕃诂 墁熏郜猬熏宅熏 洮脂墁戡脂猬诂 楝憩袁憩攥憩. ,骏 奶府浆刮 墨捞扼窜 咆溅赋 明弊蠢令
1010,4,辟肺包访,"雀荤,辟公痹蘑",辟公矫埃篮 拌例俊 蝶扼 炼沥邓聪促., 瀣椰熏墁洮憩悻 噩憩 蕃脂佻袁诂莠诂攥 噩熏猬熏戡 喱佻袁喱猬瀣 洮瀣猬熏.,捞浆 快冠飘胶 榴 皋瘤辨府唱 磊扼箕 坷林绊缝 捧儿 
1011,4,辟肺包访,"雀荤,辟公痹蘑",辟公老阑 函版窍绊 酵栏技夸 , 墁瀣攥瀣 喱佻袁喱猬洮墁瀣攥瀣 墁脂莠脂椰,捞浆 捻传 坷林绊讽捻穿荐 奶饭厚
1012,4,辟肺包访,"雀荤,辟公痹蘑",促弗 雀荤肺 颗扁绊 酵唱夸 ,熏戡墁 墁喱蕃岈熏攥诂瘳袁 墁喱洮喱猬瀣莠袁瀣攥瀣 墁脂莠脂椰,官浆墨 寞颇聪具啊 内配逢备穿林 奶饭厚
1013,4,辟肺包访,"雀荤,辟公痹蘑",焊绊绝捞 雀荤俊 免辟窍瘤 臼阑 版快 捞呕脚绊甫 且 荐档 乐嚼聪促.,戡墁熏攥熏袁 铿悻墁脂猬洮椰脂 噩瀣蕃瀣戡墁 楝憩墁椰熏悻熏攥憩 诂戡墁熏攥 墁熏楝憩 墁脂洮洮 宅脂 熏猬憩 噩熏佻瀣瀣悻 蕃瀣蕃墁瀣. ,捞浆墨唱啊 俊胶纳福飘海捞 林公浆墨 溜官荤蠢令 捞浆墨唱 墨命 南叼 氮 酒福令 磊林荐 钩娘
1014,4,辟肺包访,"雀荤,辟公痹蘑",汗厘阑 窜沥洒 窍绞矫坷. ,ì瀣蕃瀣戡墁 墁诂郜诂蕃宅 洮憩墁熏 墁诂郜诂攥诂. ,林公浆墨 虐烙叼 飘沫 虐捞聪聪瘤 
1015,4,辟肺包访,"雀荤,辟公痹蘑",魂犁贸府甫 秦 靛副膊夸,艾攥喱 - 噩熏 洮熏猬蕃熏袁憩攥宅 墁憩猬悻憩 宅脂 楝脂楝诂 楝憩袁熏猬憩 椰脂猬脂蕃诂. ,坷畴福-磊捞 鸥福付辟促 农福交 氮 眉魔 明啊辅 海饭刮
1016,4,辟肺包访,"雀荤,辟公痹蘑",荐嚼扁埃捞 乐嚼聪促.,超憩攥喱 蕃喱喱攥喱洮 椰熏. ,胶畴坷 葛坷畴捧 官福
1017,4,辟肺包访,"雀荤,辟公痹蘑",酒流 侥荤矫埃捞 酒凑聪促 ,船熏蕃熏 噩脂 洮瀣猬袁熏 瀣椰熏墁憩 椰喱莠 铿莠脂. ,鸥阜 力捞 捧福埃 快官 杭肺 郡泛 
1018,4,辟肺包访,"雀荤,辟公痹蘑",具埃 辟公啊 啊瓷钦聪鳖,脂楝墁 悻蕃脂攥宅 诂戡洮脂 熏莠熏悻憩佻椰,纳摹虐 胶膏单 捞浆抛捞 舅扼胶令宏
1019,4,辟肺包访,"雀荤,辟公痹蘑",诀公矫埃篮 し矫 鳖瘤涝聪促 , 瀣椰熏墁洮憩悻 c熏熏 ____ 楝脂郜诂. ,捞浆 快冠飘胶 荤狙___眉牢.
1020,4,辟肺包访,"雀荤,辟公痹蘑",坷疵篮 具埃辟公涝聪促. ,瀣袁瀣 墁脂楝墁 悻蕃脂攥宅 诂戡洮脂郜椰诂. ,何焙 纳秒虐 胶膏单 捞浆抛捞厚瘤 
1021,4,辟肺包访,"雀荤,辟公痹蘑",坷疵篮 林埃辟公涝聪促. ,瀣袁瀣 墁瀣攥宅瀣佻袁 悻蕃脂攥熏宅 诂戡洮脂郜椰诂. ,何焙 焙滴荐备 胶皋唱促 捞浆抛捞厚胶
1022,4,辟肺包访,"雀荤,辟公痹蘑",快府流厘篮 OO阑 父奠聪促,诂佻宅诂 噩瀣蕃瀣戡洮 _____攥 噩熏悻熏 楝憩袁熏猬熏. ,厚瘤凋 林公酱鸥____蠢 磊火 明啊儿
1023,4,辟肺包访,"雀荤,辟公痹蘑","快府雀荤绰 2背措(3背措,4背措)涝聪促.","诂佻宅诂 墁喱蕃岈熏攥诂 2 悻蕃脂攥 (3 悻蕃脂攥, 4 悻蕃脂攥)蕃脂攥脂 诂戡洮脂郜. ","厚瘤凋 寞颇聪具 2胶皋唱 (3 胶皋唱, 4 胶皋唱)皋迟 捞浆抛勒."
1024,4,辟肺包访,"雀荤,辟公痹蘑",快府雀荤绰 辟公咯扒捞 亮嚼聪促,诂佻宅诂 墁喱蕃岈熏攥诂瘳攥憩 噩瀣蕃瀣戡楝瀣莠熏猬袁 洮瀣佻瀣莠袁喱 戡熏猬洮洮熏猬 噩熏墁戡.,厚瘤凋 寞颇聪具绰 林公浆免扼福啊 捧临帮 箕福鸥福 累浆.
1025,4,辟肺包访,"雀荤,辟公痹蘑",犁拌距阑 盔窍唱夸,熏郜猬熏宅熏 墁脂莠诂戡诂 洮瀣佻瀣瀣攥 墁熏熏莠熏郜悻憩佻椰,墨捞扼窜 奶府桨 滴林穿 漠扼捞胶令宏
1026,4,辟肺包访,"雀荤,辟公痹蘑",炼硼 窍绊 酵嚼聪鳖,ì瀣蕃瀣戡洮瀣 喱猬洮喱悻瀣攥熏 噩喱喱 悻瀣猬熏 墁脂洮墁诂攥诂 墁脂莠脂椰,林公酱坯 坷福配荐抄 良 荐而 南虐聪胶 奶饭厚
1027,4,辟肺包访,"雀荤,辟公痹蘑",亮酒夸. 2林老埃 绒啊甫 林摆绢夸.,ì熏猬熏郜. 2 噩瀣蕃熏袁 宅脂 熏莠憩 椰脂猬脂蕃诂.,磊扼勒. 2 林付啊 旦 舅ぉ浆 海饭刮
1028,4,辟肺包访,"雀荤,辟公痹蘑",硼流窍辨 盔窍唱夸,爆脂攥悻诂瘳袁 楝憩袁瀣瀣攥 墁熏熏莠熏郜悻憩佻椰,奇矫具啊 明备穿 漠扼捞胶令宏
1029,4,辟肺包访,"雀荤,辟公痹蘑",窍风俊 割矫埃 老窍绞聪鳖,诂 墁瀣攥宅 墁熏攥楝 悻熏熏 诂戡洮脂郜悻诂,厚福 坯档 沫瞒 荤狙 捞浆抛捞矫令
1030,4,辟肺包访,"雀荤,辟公痹蘑",雀荤 痹蘑阑 肋 蝶扼林技夸 ,喱蕃岈熏攥诂瘳攥憩 铿猬脂噩脂莠脂猬诂 噩熏墁戡 熏洮墁熏猬憩攥憩.,寞颇聪具绰 俊饭俩饭赴 累浆 狙墨福蠢令
1031,4,辟肺包访,"雀荤,辟公痹蘑",雀荤 荤沥栏肺 寸脚阑 秦绊秦具 钦聪促 .,喱蕃岈熏攥诂瘳攥憩 熏椰熏莠憩攥 椰熏郜莠熏攥憩戡洮瀣 悻诂佻宅 噩瀣蕃瀣戡洮熏 熏郜宅喱喱袁 洮瀣猬 墁脂莠诂 噩熏洮熏.,寞颇聪具绰 酒惯福唱 官老扼蠢浆捧 胶瘤叼 林公浆藕 酒捞档坷绊 捧扼 奶赋 磊趴
1032,4,辟肺包访,"雀荤,辟公痹蘑",绒啊绰 ~~ 何磐 ~~鳖瘤 涝聪促 ,ì熏郜墁 宅脂 熏莠憩 ~~攥熏 ~~攥 楝脂郜诂 椰喱莠喱. ,磊捞农 联 舅福浆~~抄 ~~唱 眉牢 杭吩
1033,4,辟肺包访,"雀荤,辟公痹蘑",绒啊绰 楷 しし老涝聪促. ,ì熏郜墁 宅脂 熏莠憩 椰诂 噩憩莠宅 ____墁瀣攥袁 楝脂郜诂 椰喱莠喱.,磊捞农 旦 舅福浆 厚福 榴促 _____娘绊 眉牢 杭吩
1034,4,辟肺包访,"雀荤,辟公痹蘑",绒啊甫 荤侩窍绊 酵唱夸 ,ì熏郜墁 宅脂 熏莠憩 墁瀣攥瀣 墁喱莠宅喱攥袁瀣攥瀣 墁脂莠脂椰,磊捞农 旦 舅福浆 捻传 妮捣备穿林 奶饭厚
1035,4,辟肺包访,"雀荤,辟公痹蘑",绒老 辟公啊 啊瓷 钦聪鳖,ガ脂 熏莠憩 墁瀣攥宅喱猬 诂戡洮脂 熏莠熏悻憩佻椰,旦 舅福浆 娘档风 捞浆抛捞 舅扼胶令宏
1036,4,辟肺包访,"‖墁楝 椰脂猬瀣瀣楝, 熏墁楝 熏莠瀣瀣楝 ",拌距辑 郴侩阑 肋 犬牢秦焊技夸,脂莠诂戡诂蕃宅诂 蕃熏熏攥诂悻诂 噩熏墁戡憩莠熏 洮脂墁戡脂猬诂 墁喱猬瀣攥瀣.,奶府桨凋 付酒聪脚 累蒋而 咆技赋 内风穿林
1037,4,辟肺包访,盲鼻盲公,"捣捞 何练且 抛聪鳖, 弊悼救 该酒滴菌带 捣阑 老何 倒矾林摆绢夸.","‖墁楝 噩脂洮椰脂 墁熏莠熏, 喱戡喱 瀣楝瀣 蕃瀣猬瀣攥洮熏 蕃熏袁 洮熏岈戡憩猬袁熏 熏墁楝熏攥憩佻宅憩 噩熏猬憩蕃憩 墁熏郜洮熏猬憩 椰脂猬脂郜诂.","厩瞒 连海捞 漠儿, 坷拣 快冕 公烽藕 付啊 啪浆福埃 厩瞒蠢令电 磊福谷 墨捞鸥辅 海饭牢"
1038,4,辟肺包访,盲鼻盲公,焊刘阑 辑角搏啊夸,が熏猬熏攥 (墁脂岈诂莠宅诂)墁熏袁熏佻憩 噩熏悻憩 椰脂猬脂悻诂佻椰,啊鄂飘 (纳鞘雕)墨啊琉 磊嚼 海饭矫匙府厚
1039,4,辟肺包访,ì瀣蕃瀣戡墁 熏莠瀣瀣宅 瀣猬瀣墁悻熏 椰脂猬瀣 .,3斥狼 秒诀扁埃 辆丰饶俊 眉幅扁埃 楷厘捞 啊瓷钦聪促. ,3 噩憩莠宅憩 诂戡洮喱 蕃喱喱攥喱洮 洮瀣袁喱攥袁喱攥宅喱 墁诂郜诂 蝇诂佻熏攥 瀣佻熏猬洮瀣瀣袁 椰喱莠喱.,3榴垫 捞浆配 葛坷畴捧 捧帮帮捣 虐牢 厚磊蠢 快磊福捧啊 杭吩
1040,4,辟肺包访,绊侩倾啊辑殿,拌距等 荤诀厘俊辑父 老秦具 钦聪促.,脂莠诂戡诂 洮瀣佻瀣莠袁喱 墁喱蕃岈熏攥诂瘳宅 袁熏攥 诂戡洮喱喱袁 熏墁憩莠瀣瀣悻瀣. ,奶府桨 捧临帮 寞颇聪具促 啊唱 捞浆配绊 酒努风荐林
1041,4,辟肺包访,绊侩倾啊辑殿,拌距辑涝聪促.,瀣 墁脂莠诂戡诂.,阂 奶府桨
1042,4,辟肺包访,绊侩倾啊辑殿,绊侩拌距扁埃篮 1斥涝聪促. ,楷蕃袁脂 墁脂莠诂戡诂蕃诂攥诂 蕃喱喱攥喱洮 1 噩憩.,骏 奶府浆固囱 葛坷畴捧 1 榴
1043,4,辟肺包访,绊侩倾啊辑殿,绊侩拌距扁埃篮 楷厘且 荐 乐嚼聪促. ,楷蕃袁脂 墁脂莠诂戡诂蕃诂攥诂 蕃喱喱攥喱洮瀣 瀣佻熏猬洮悻 椰喱莠喱. ,骏 奶府浆固囱 葛坷畴坯 快磊福飘荤 杭吩
1044,4,辟肺包访,绊侩倾啊辑殿,弊悼救 荤诀厘阑 捞呕秦辑绰 救邓聪促.,艾戡喱 蕃喱喱攥喱洮洮瀣 诂楝诂攥宅 诂戡墁熏攥熏宅熏 墁熏楝憩 墁脂洮瀣瀣袁 椰喱莠椰喱郜.,坷捡 葛坷畴坯 捞模单 捞浆墨唱窜 墨命 纳捧绊 杭焊勒
1045,4,辟肺包访,绊侩倾啊辑殿,辟肺拌距 炼扒阑 槛瘤秦具 茄促.,楷蕃袁脂 墁脂莠诂戡诂蕃诂攥诂 悻熏墁洮喱 墁脂猬脂,骏 奶府浆刮 昏配 纳泛 
1046,4,辟肺包访,绊侩倾啊辑殿,"辟肺扁霖过 力 61炼狼 丑覆, 绵魂, 剧泪, 荐魂荤诀狼 版快悼过惑狼 辟肺矫埃, 绒霸绒老俊 包茄 痹沥篮 利侩罐瘤 酒聪窃.","楷蕃袁脂 蕃憩郜佻熏蕃憩攥憩 61 -楝 椰脂猬脂攥脂悻诂攥 憩莠熏郜憩 洮喱墁喱 楝熏猬椰, 蕃熏 楝熏猬椰, 熏郜憩 楝熏猬椰, 噩诂椰脂墁楝诂莠诂 噩熏攥 椰熏莠憩 楝熏猬椰熏楝憩莠憩墁洮 椰诂猬宅脂 蕃憩郜佻熏蕃宅憩 攥脂袁诂佻诂攥宅脂袁 噩瀣蕃瀣 瀣椰熏墁憩洮, 宅脂 熏莠憩 墁瀣攥宅喱猬 噩喱攥瀣攥宅喱袁 蕃憩郜佻熏 墁熏椰憩 熏莠憩攥椰熏郜","骏 骨捞磊骨绰 61-摹 海饭匙矫匙 阑扼劳 配内捞 瞒福官, 富 瞒福官, 酒老 瞒福官, 瘤氦磨腐 磊唱 惯袱 瞒福官铭袱鸥 厚福单捞 骨捞泪电 匙扁柳单扁 林公浆 快官农飘, 旦 舅福浆 娘档风 炼传档备 骨捞泪 墨喉 舅弗官勒"
1047,4,辟肺包访,绊侩倾啊辑殿,辟公矫 1斥付促 辟肺拌距阑 盎脚秦具 钦聪促,‖ 1 噩憩 悻熏郜憩 铿蕃袁脂 墁脂莠诂戡诂蕃诂 噩熏攥憩猬洮憩 洮瀣猬瀣 墁脂猬脂 ,酒福 1 榴 荤捞篮 骏 奶府浆刮 磊蠢福频 捧风浆 纳泛 
1048,4,辟肺包访,绊侩倾啊辑殿,辟公矫 1斥付促 眉幅扁埃楷厘 倾啊甫 罐酒具 钦聪促,‖ 1 噩憩 悻熏郜憩 蝇诂佻熏攥 瀣佻熏猬洮瀣 瀣楝瀣 瀣猬瀣墁悻熏 熏莠瀣 佻熏猬憩,酒福 1榴 荤捞牢 厚磊蠢 快磊福捧 快冕 快疯获 舅风 磊甫
1049,4,辟肺包访,绊侩倾啊辑殿,丑绵魂诀俊辑 力炼诀辆栏肺 荤诀厘函版篮 阂过涝聪促.,‖郜憩 噩熏攥 蕃熏 楝熏猬椰熏楝憩莠憩墁洮熏 喱攥宅瀣猬瀣 洮熏猬蕃熏袁憩攥 噩瀣蕃瀣 喱猬宅瀣 熏莠蕃熏戡洮憩猬悻 蕃憩郜佻熏蕃悻憩 椰喱莠瀣 铿悻脂岈洮脂莠脂,酒老 瞒福官 磊唱 富 瞒福官铭袱藕 柯滴风浆 鸥福付辟促 林公浆 坷风敌 舅付浆飘福荤 骨捞泪胶令 杭缝 俊剂炮房
1050,4,辟肺包访,绊侩倾啊辑殿,阂过眉幅磊 秒诀舅急篮 阂过涝聪促.,憩郜佻熏蕃悻憩 噩瀣猬袁喱 噩瀣蕃瀣戡楝瀣莠熏猬袁 噩瀣蕃瀣 洮熏熏 椰脂猬瀣 蕃憩郜佻熏蕃悻憩 椰喱莠瀣 铿悻脂岈洮脂莠脂.,骨捞泪胶令 林风帮 林公浆免扼福啊 林公浆 鸥拘 海风 骨捞泪胶令 杭酚 俊剂炮房
1051,4,辟肺包访,绊侩倾啊辑殿,厚磊绰 E-9涝聪促.,，诂佻 E-9. ,厚磊 E-9
1052,4,辟肺包访,绊侩倾啊辑殿,寇惫牢绊侩倾啊力肺 茄惫俊 吭嚼聪促.,宫脂 喱莠墁喱莠瀣 噩瀣蕃瀣戡楝瀣莠熏猬宅 噩瀣蕃瀣戡墁 熏莠瀣 悻诂悻洮脂蕃熏悻 熏猬墁憩莠瀣 喱猬脂瘳袁 墁脂莠宅诂.,寐 棵妮疯 林公酱免扼福靛 林公酱墨 舅风 矫胶抛付胶 酒福努风 墨饭具啊 纳府吊
1053,4,辟肺包访,绊侩倾啊辑殿,眉幅扁埃篮 楷厘窍瘤 给钦聪促. ,，诂佻熏蕃宅 瀣佻熏猬洮 熏莠椰熏郜蕃憩. ,厚泪靛 快磊福鸥 舅官捞谷 
1054,4,辟肺包访,绊侩倾啊辑殿,眉幅扁埃捞 し岿 し老鳖瘤涝聪促. ,，诂佻熏蕃宅憩 蕃喱喱攥喱洮 ___熏郜宅憩 ____ 墁瀣攥瀣攥 楝脂郜诂 噩熏猬熏墁洮瀣. ,厚泪电 葛畴捧____酒捞电___捻穿畴 眉牢 磊遏捧
1055,4,辟肺包访,绊侩倾啊辑殿,茄惫狼 畴悼磊客 悼殿茄 鼻府客 狼公甫 爱绊 乐促.,喱猬脂瘳攥憩 噩熏猬熏熏攥宅熏猬 蕃脂攥脂 椰诂猬宅脂 瀣墁瀣墁洮熏猬袁 噩熏攥 蕃诂莠宅脂洮墁 铿. ,墨饭具绰 磊鄂促福 皋迟 厚福单捞 快念促福啊 磊唱 剐但霸 俊. 
1056,4,辟肺包访,绊侩倾啊辑殿,雀荤甫 付澜措肺 官曹 荐绰 绝促.,戡洮脂袁脂 噩脂猬诂攥诂佻宅 喱佻瀣攥瀣 墁熏熏莠熏袁熏攥宅熏 熏莠蕃熏戡洮憩猬 熏莠椰熏郜悻憩.,捞浆抛罢 力府聪胶叼 坷荐穿荐 漠扼埃促捞 舅付浆飘扼 舅官捞胶胶.
1057,4,辟肺包访,阿辆焊氰,啊涝茄 焊氰俊 措窍咯 舅绊 乐唱夸,超诂 墁熏洮洮熏莠袁熏 墁喱喱岈悻瀣佻宅瀣 洮莠 噩攥瀣攥 椰诂莠脂悻诂佻椰,矫瘤 墨呕埃 内可荐荐迪 喷芬 炼传档 呼饭矫矫厚
1058,4,辟肺包访,阿辆焊氰,扒碍 焊氰捞 利侩邓聪促. ,超熏莠熏蕃熏洮洮憩墁洮 悻熏墁洮喱 墁喱喱岈悻瀣佻宅瀣 洮莠蕃 墁喱莠宅喱攥瀣莠熏. ,混扼付漂靛 昏配 内可荐荐迪 喷肺公 妮档喘儿
1059,4,辟肺包访,阿辆焊氰,扒碍焊氰丰绰 荤诀林客 辟肺磊 阿阿1/2究 何淬秦具 钦聪促,超熏莠熏蕃熏洮洮憩墁洮 悻熏墁洮喱 墁喱喱岈悻瀣佻宅瀣 洮莠蕃瀣 噩瀣蕃瀣戡楝 蕃脂攥脂 诂戡墁熏攥 1/2 椰莠瀣袁瀣 喱猬洮喱宅喱 洮莠戡 ,混扼付漂飘 昏配 内可荐荐迪 喷肺巩 林公浆眠 皋迟 捞浆墨唱 1/2杭风焙 坷风配捣 喷肺剪
1060,4,辟肺包访,阿辆焊氰,搬犁烹厘俊 儡咀捞 何练窍咯 焊氰啊涝捞 瘤楷登绊 乐嚼聪促,楷悻脂 墁诂洮脂岈楝脂悻诂攥宅 熏墁楝 噩脂洮诂戡洮瀣 椰喱莠椰喱袁喱攥宅瀣墁洮熏 墁喱喱岈悻瀣佻宅瀣 洮莠蕃 墁熏洮洮熏莠瀣  瀣椰熏袁憩攥宅 噩瀣猬椰 噩熏洮熏 ,俊剂 虐跑眉脚单 厩瞒 力萍浆捧 杭焊帮迪藕 内可荐荐迪 喷芬绊 墨呕风 坷林 快官辟促 林福焊捞 磊趴
1061,4,辟肺包访,阿辆焊氰,绊侩焊氰 ,ì瀣蕃瀣戡墁 熏莠瀣 墁喱喱岈悻瀣佻宅瀣 洮莠蕃 ,林公酱墨 舅风 内可荐荐迪 喷肺公
1062,4,辟肺包访,阿辆焊氰,惫刮扒碍焊氰 ,惮莠瀣洮洮瀣 悻熏莠熏蕃熏洮洮憩墁洮 悻熏墁洮喱 墁喱喱岈悻瀣佻宅瀣 洮莠蕃 ,匡风碰 混扼付漂飘 昏配 配可荐荐迪 喷肺公 
1063,4,辟肺包访,阿辆焊氰,惫刮楷陛俊 啊涝登绢 乐嚼聪促. ,惮莠瀣洮洮瀣 岈脂攥悻诂瘳袁 墁熏洮洮熏莠袁熏攥悻憩.,匡风碰 亥矫具啊 墨呕埃胶胶
1064,4,辟肺包访,阿辆焊氰,蓖惫厚侩焊氰,喱猬脂瘳宅熏 楝憩袁憩 墁脂洮诂 噩熏洮墁熏攥宅 墁熏郜洮熏猬憩莠憩 椰脂猬诂莠瀣瀣楝 墁喱喱岈悻瀣佻宅瀣 洮莠,墨饭具窜 明鞭 纳屏 楞埃促 墨捞鸥甫辅 海副风眠 内可荐荐迪 喷芬
1065,4,辟肺包访,阿辆焊氰,蓖惫厚侩焊氰 陛咀篮   0000 盔涝聪促.,喱猬脂瘳宅熏 楝憩袁憩 墁脂洮诂 噩熏洮墁熏攥宅熏袁 洮莠攥瀣 椰脂猬诂莠瀣瀣楝 墁喱喱岈悻瀣佻宅瀣 洮莠蕃宅瀣 悻瀣蕃蕃熏悻 _____蝇喱. ,墨饭具窜 明鞭 纳屏 楞埃促弊 喷肺疮 骇府风眠 内可荐荐迪 喷芬敌 见付胶 ____盔
1066,4,辟肺包访,阿辆焊氰,蓖惫厚侩焊氰篮   茄惫俊辑 帮鄂茄 老阑 寸沁阑矫 夯惫栏肺 倒酒哎荐 乐档废 厚青扁钎甫 混 荐 乐绰 救傈厘摹 涝聪促.,脂墁脂攥诂攥 墁熏郜洮憩 墁脂洮脂猬宅 噩熏猬宅熏 墁熏洮熏猬 椰脂猬诂莠瀣瀣楝 墁喱喱岈悻瀣佻宅瀣 洮莠 噩瀣蕃瀣戡楝 瀣楝瀣 喱猬脂瘳宅 喱喱 熏椰熏莠袁 楝熏莠宅憩墁墁熏攥宅 蕃脂墁脂攥诂攥 墁熏郜洮憩 墁脂洮脂猬宅 墁熏郜洮熏猬憩莠憩 椰脂猬诂莠瀣瀣楝 洮莠,皋纳聪匙 墨捞频 纳抛府单 磊福淬 墨鸥福 海副风眠 内可荐荐迪 喷芬 林公酱眠 快冕 墨饭具窜 坷福 酒惯啊 蔓靛瘪促 皋纳聪匙 墨捞频 纳抛府单 墨捞鸥甫辅 海副风眠 喷芬
1067,4,辟肺包访,阿辆焊氰,蓖惫厚侩焊氰篮  夯牢狼 烹厘俊辑 牢免邓聪促.,脂墁脂攥诂攥 墁熏郜洮憩 墁脂洮脂猬宅 噩熏猬宅熏 墁熏洮熏猬 椰脂猬诂莠瀣瀣楝 墁喱喱岈悻瀣佻宅瀣 洮莠 噩瀣蕃瀣戡楝瀣攥瀣 佻瀣攥瀣 椰熏攥 铿悻脂 墁诂洮脂岈楝脂悻诂攥脂 熏蝇洮喱蕃熏洮洮憩 洮瀣猬 熏莠憩攥熏 ,皋纳聪匙 墨捞频 纳抛府单 磊福淬 墨飘福 海副风眠 内可荐荐迪 喷芬 林公酱眠传 坷林传 馆农 俊剂 虐跑眉矫迟 酒橇配付漂 捧风档 舅福炒
1068,4,辟肺包访,阿辆焊氰,蓖惫厚侩焊氰篮  眉幅扁埃阑 付摹绊 夯惫栏肺 蓖惫矫俊  瘤鞭邓聪促.,脂墁脂攥诂攥 墁熏郜洮憩 墁脂洮脂猬宅 熏莠憩攥瀣瀣楝 墁喱喱岈悻瀣佻宅瀣 洮莠 噩瀣蕃瀣戡楝瀣攥瀣 蝇诂佻熏悻 洮瀣袁攥瀣 蕃脂墁脂攥诂攥 墁熏郜洮憩 椰熏猬熏洮墁熏攥宅 椰脂猬诂莠脂 ,皋纳聪匙 墨捞频 纳抛府单 舅福穿眠 内可荐荐迪 喷芬 林林酱眠传 厚磊胶唱 捧绊疮 皋纳聪匙 墨捞频 官儿埃促 海副房 
1069,4,辟肺包访,阿辆焊氰,蓖惫厚侩焊氰篮 狼公涝聪促. ,脂墁脂攥诂攥 墁熏郜洮憩 墁脂洮脂猬宅 椰脂猬诂莠瀣瀣楝 墁喱喱岈悻瀣佻宅瀣 洮莠蕃 蕃诂莠宅脂洮洮瀣 洮瀣猬 墁熏洮洮熏莠瀣 墁脂猬脂 ,皋纳聪匙 墨捞频 纳抛府单 海副风眠 内可荐荐迪 喷芬绊 剐但滴 滴风档 谋呕风 纳泛
1070,4,辟肺包访,阿辆焊氰,"蓖惫矫 免惫父扁焊氰,蓖惫厚侩焊氰阑 脚没秦具 钦聪促",喱猬脂瘳袁 墁脂莠袁脂攥宅 墁熏郜洮憩 墁脂洮脂猬宅 墁熏郜洮熏猬憩 熏莠憩攥瀣瀣楝 13-楝 熏郜莠憩 噩熏攥 熏蝇诂 椰诂莠脂 墁喱喱岈悻瀣佻宅瀣 洮莠蕃瀣 熏莠瀣 墁脂猬脂 ,皋纳聪匙 墨捞频 纳抛府单 舅福穿眠 内可荐荐迪 喷芬 林公酱眠传 厚磊胶 捧绊疮 皋纳聪匙 墨捞频 官儿埃促 海副房
1071,4,辟肺包访,阿辆焊氰,寸脚惫啊绰 惫刮楷陛 利侩 力寇惫啊涝聪促,超诂佻宅诂 蕃熏蕃莠脂墁脂洮诂攥诂 瀣莠瀣洮洮瀣 岈脂攥悻诂 洮莠蕃瀣 墁熏洮洮熏莠椰熏袁熏 蕃熏蕃莠脂墁脂 椰喱莠瀣 铿悻脂岈洮脂莠脂 ,皋纳聪匙 墨捞频 纳抛福单 海副风眠 内可荐荐迪 喷芬绊 剐但滴 滴风档 谋崔风 纳泛
1072,4,辟肺包访,阿辆焊氰,焊氰陛篮 し盔 涝聪促.,喱喱岈悻瀣佻宅瀣 洮莠蕃瀣攥瀣 _____蝇喱. ,墨饭具啊 奶罢单 墨捞频 纳眉福单 墨捞鸥辅 舅福穿眠 13-眠 酒老袱 磊唱 酒厚酒 呼房 内可荐荐迪 喷肺巩 舅风 纳泛
1073,4,辟肺包访,阿辆焊氰,焊氰俊 啊涝窍妨搁 烹厘荤夯捞 鞘夸窍聪 烹厘阑 焊咯 林技夸,"喱喱岈悻瀣佻宅瀣 洮莠蕃 墁熏洮洮熏莠瀣 瀣楝瀣 椰熏攥 铿悻脂 墁诂洮脂岈楝脂悻 墁脂猬脂, 喱戡喱 瀣楝瀣 墁诂洮脂岈楝脂攥 墁猬悻洮瀣攥瀣. ",胶矫凋 妇ぉ饭霸萍聪矫 匡讽迪 奇矫具 喷肺公畴 墨呕官埃 妇饭南 杭缝 俊剂炮房
1074,4,辟肺包访,阿辆焊氰,焊氰篮 甸菌嚼聪鳖,喱喱岈悻瀣佻宅瀣 洮莠蕃 墁熏洮洮熏莠宅憩攥憩佻椰,内可荐荐迪 喷肺公穿荐____盔. 
1075,4,辟肺包访,阿辆焊氰,魂犁焊氰 ,攥-噩熏 洮熏猬蕃熏袁憩攥宅熏袁 墁憩猬悻憩 墁喱喱岈悻瀣佻宅瀣 洮莠,"内可荐荐迪 喷芬绊 呕风 快冕 馆农 俊剂 虐跑眉矫 纳泛, 坷拣 快冕 虐跑眉聪 内风家捧穿荐 "
1076,4,辟肺包访,阿辆焊氰,伙己拳犁 楷遏贸绰 02-2119-2400 涝聪促 ,超熏蕃悻瀣攥袁绗蝇熏噩 墁喱喱岈悻瀣佻宅瀣 洮莠 诂戡墁熏攥熏悻憩攥憩 洮脂莠脂娆喱 攥喱蕃脂猬 02-2119-2400.,伙鉴弊 儒客力 内可荐荐迪 喷芬 捞浆墨唱胶绰 炮饭迄 畴皋府 02-2119-2400
1077,4,辟肺包访,阿辆焊氰,惑秦焊氰,ì瀣蕃瀣戡洮熏 悻憩猬洮洮 噩瀣猬袁攥宅袁 墁憩猬悻憩 墁喱喱岈悻瀣佻宅瀣 洮莠蕃,林公酱藕 胶福鸥 林风帮档备 弊福交 内可荐荐迪 喷肺公
1078,4,辟肺包访,阿辆焊氰,惑秦焊氰 啊涝 陛咀篮 0000盔涝聪促.,超憩猬洮洮熏袁 墁憩猬悻憩 墁喱喱岈悻瀣佻宅瀣 洮莠蕃瀣 墁熏洮洮熏莠瀣 熏墁楝熏悻 _______蝇喱.,胶福鸥弊 农福交 内可荐荐迪 喷肺公畴 墨呕风 厩瞒胶____盔. 
1079,4,辟肺包访,阿辆焊氰,惑秦焊氰 巩狼绰 OO锅涝聪促,超憩猬洮洮熏袁 墁憩猬悻憩 墁喱喱岈悻瀣佻宅瀣 洮莠蕃瀣 _______攥喱蕃脂猬诂攥脂 悻瀣猬熏攥憩.,胶福鸥弊 农福交 内可荐荐迪 喷肺巩 ____畴皋府迟 荐扼蠢胶
1080,4,辟肺包访,阿辆焊氰,惑秦焊氰篮  老苞 饶 肚绰 绒老俊  促闷阑锭  焊惑阑 罐嚼聪促.,C憩猬洮洮熏袁 墁憩猬悻憩 墁喱喱岈悻瀣佻宅瀣 洮莠蕃瀣 噩瀣蕃瀣戡洮熏 墁诂郜诂 噩 宅脂 熏莠憩 墁瀣攥宅猬 墁憩猬悻憩墁墁 墁熏椰憩莠悻 洮莠攥瀣 椰脂猬诂莠瀣瀣楝 墁喱喱岈悻瀣佻宅瀣 洮莠.,胶福鸥弊 农福交 内可荐荐迪 喷肺公畴 林公酱藕 虐牢 力 旦 舅福浆 娘档风 农福胶墨 墨喉荤 喷肺疮 海副风眠 内可荐荐迪 喷芬
1081,4,辟肺包访,阿辆焊氰,惑秦焊氰篮 寇惫牢辟肺磊啊 狼公利栏肺 啊涝秦具 钦聪促.,C憩猬洮洮熏袁 墁憩猬悻憩 墁喱喱岈悻瀣佻宅瀣 洮莠蕃瀣 噩瀣蕃瀣戡楝 蕃诂莠宅脂洮洮瀣 洮瀣猬 墁熏洮洮熏莠瀣 墁脂猬脂 ,胶福鸥弊 弊福交 内可荐荐迪 喷肺公畴 林公浆眠 剐单捧 滴风档 墨呕风 纳泛
1082,4,辟肺包访,阿辆焊氰,ししし肺 焊氰陛 瘤鞭阑 没备窍技夸,________袁 墁喱喱岈悻瀣佻宅瀣 洮莠蕃宅 洮莠攥瀣 , ____霸 内可荐荐迪 喷肺公畴 喷肺穿穿荐
1083,4,辟肺包访,阿辆焊氰,咯矾盒篮 绊侩倾啊力 焊氰阑 啊涝秦具 钦聪促. ,超诂佻宅脂 噩瀣蕃瀣戡墁 熏莠瀣 墁喱喱岈悻瀣佻宅瀣 洮莠蕃瀣 墁熏洮洮熏莠瀣瀣攥瀣佻宅熏 佻熏猬憩. ,矫瘤单府 林公酱墨 舅风 内可荐荐迪 妮肺公畴 墨呕风穿荐促福 磊甫
1084,4,辟肺包访,阿辆焊氰,咯矾盒篮 蓖惫厚侩焊氰苞 惑秦焊氰丰俊 啊涝秦具 钦聪促. ,超诂佻宅脂 熏蝇诂 椰诂莠脂 噩熏攥 悻憩猬洮洮熏袁 墁憩猬悻憩 墁喱喱岈悻瀣佻宅瀣 洮莠蕃瀣 墁熏洮洮熏莠憩戡憩攥憩佻宅熏 墁脂猬脂 ,矫瘤单府 酒厚酒 呼房 磊唱 胶福鸥弊 弊福交 内可荐荐迪 喷肺公畴 崔福浆蠢令促福 纳泛
1085,4,辟肺包访,阿辆焊氰,寇惫牢辟肺磊啊 馆靛矫 啊涝秦具 登绰 焊氰捞 乐嚼聪促.,宫脂 莠墁莠瀣 噩瀣蕃瀣戡楝瀣莠熏 悻佻悻瀣 墁熏洮洮熏莠 洮瀣猬袁熏 墁喱喱岈悻瀣佻宅瀣 洮莠蕃宅 椰熏 ,寐 棵妮疯 林公酱免扼福 家荐荐 呕扼 眠福埃 内可荐荐迪 喷沸档福 官福 
1086,4,辟肺包访,阿辆焊氰,烙陛眉阂焊刘焊氰,‖郜莠憩袁憩 洮莠 椰脂猬椰脂袁脂 瀣楝瀣猬宅 噩熏猬宅熏 墁熏洮熏猬 洮莠攥瀣 椰脂猬瀣瀣楝 墁喱喱岈悻瀣佻宅瀣 洮莠. ,酒老福辟 喷酚 海福海罢 快眠福促 磊福淬 墨促福 喷肺疮 海风眠 配可荐荐迪 喷芬
1087,4,辟肺包访,阿辆焊氰,免惫父扁焊氰 ,喱猬脂瘳宅熏 楝憩袁憩 墁脂洮诂 噩熏洮墁熏攥宅 椰脂猬诂莠瀣瀣楝 墁喱喱岈悻瀣佻宅瀣 洮莠 ,墨饭具窜 明鞭 纳屏 楞埃促 海副风眠 内可荐荐迪 喷芬
1088,4,辟肺包访,阿辆焊氰,免惫父扁焊氰苞 焊刘焊氰篮 雀荤俊辑 啊涝钦聪促. ,喱猬脂瘳宅熏 楝憩袁憩 墁脂洮诂 噩熏洮墁熏攥宅 椰脂猬诂莠瀣瀣楝 墁喱喱岈悻瀣佻宅瀣 洮莠 蕃脂攥脂 墁脂岈诂莠宅诂 墁喱喱岈悻瀣佻宅瀣 洮莠蕃瀣 诂戡墁熏攥熏宅熏 墁熏洮洮熏莠熏. ,墨饭具窜 明鞭 纳屏 楞埃促 海副风眠 内可荐荐迪 喷芬 皋迟 纳鞘雕 内可荐荐迪 喷肺公畴 捞浆墨唱窜 墨呕儿
1089,4,辟肺包访,阿辆焊氰,免惫父扁焊氰篮 1斥捞惑 辟公窍矫搁 罐阑荐 乐嚼聪促.,喱猬脂瘳宅熏 楝憩袁憩 墁脂洮诂 噩熏洮墁熏攥宅 椰脂猬诂莠瀣瀣楝 墁喱喱岈悻瀣佻宅瀣 洮莠蕃宅 椰诂 诂戡墁熏攥熏宅 1 噩憩莠宅熏 熏戡憩 诂戡洮脂悻 袁熏攥 椰脂猬诂莠脂. ,墨饭具窜 明鞭 纳屏 楞埃促 海副风眠 内可荐荐迪 喷芬滴 厚福 捞浆墨唱促 1 榴窜 酒江 捞浆抛技 啊唱 海副房
1090,4,辟肺包访,喱喱岈悻瀣佻宅瀣 洮喱莠喱蕃宅瀣 洮瀣猬莠喱猬 ,免惫父扁焊氰篮 硼流陛苞 厚搅钦聪促. ,喱猬脂瘳宅熏 楝憩袁憩 墁脂洮诂 噩熏洮墁熏攥宅 椰脂猬诂莠瀣瀣楝 墁喱喱岈悻瀣佻宅瀣 洮莠 喱 瀣楝瀣攥楝 熏郜莠憩 蕃脂攥脂 喱墁戡喱 洮莠 椰喱莠瀣 铿悻脂岈洮脂莠脂. ,墨饭具窜 明鞭 纳屏 谋埃促 海副风眠 内可荐荐迪 喷芬 柯 快冕眠 酒老袱 皋迟 苛剪 杭缝 俊剂炮房
1091,4,辟肺包访,扁鸥,"2009斥 弥历烙陛篮 904,000涝聪促.","2009 噩憩莠宅憩 铿 洮蕃攥墁 蕃熏瘳攥熏悻 904,000 蝇喱.","2009 榴电 浚 配阁捻 付具唱胶 904,000盔."
1092,4,辟肺包访,扁鸥,鞍捞 秦搬 规救阑 茫酒壕矫促.,诂猬袁脂莠诂墁洮 蕃熏悻脂莠脂攥 楝脂楝瀣 噩喱莠瀣 诂佻宅脂 墁猬莠. ,厚福爸腐抛 付伎饭聪 眉眠 凉烽 捞瘤氮 内费风
1093,4,辟肺包访,扁鸥,绊沥利牢 老磊府甫 盔钦聪促.,船瀣猬瀣墁洮瀣 噩瀣蕃瀣戡洮 诂戡洮脂戡洮 墁熏熏莠熏郜蕃憩. ,捧疯捧 林公酱鸥 捞浆抛浆萍 漠扼捞谷
1094,4,辟肺包访,扁鸥,弊府绊 厚青扁钎绰 快府啊 舅酒辑 抗概秦 临膊夸.,‖攥熏 熏蝇诂 椰诂莠脂洮洮 椰诂 佻瀣椰瀣 椰诂莠诂 椰猬喱攥宅喱 椰脂猬脂椰诂. ,酒抄 酒厚酒 呼房叼 厚胶 坷荐何荐 呼赋 宏沸到 海饭厚矫
1095,4,辟肺包访,扁鸥,促矫 捞镑栏肺 汗蓖 窍技夸,熏郜猬熏宅熏 瀣戡瀣 噩脂猬袁 墁熏郜洮憩 墁脂莠诂攥诂. ,墨捞扼窜 快蕉 力福霸 墨捞频 奶府聪矫
1096,4,辟肺包访,扁鸥,寸脚篮 积劝焊龋 措惑磊 涝聪促.,超诂 噩熏猬宅熏 熏莠 洮瀣猬袁熏 熏宅熏蕃悻憩 ,矫瘤 磊福淬 舅扼 捧福埃 酒淬胶胶
1097,4,辟肺包访,扁鸥,寸脚狼 夸没阑 甸绢林瘤 给秦 固救钦聪促. ,C诂佻宅诂 悻瀣猬熏攥憩楝憩攥憩佻宅 墁熏椰憩 熏莠椰熏袁熏 瀣楝瀣 墁脂楝诂猬诂 悻瀣猬熏郜. ,矫矫凋 荐扼蠢明蠢胶靛 墨喉 舅官埃 快冕 纳摹覆 荐扼烙
1098,4,辟肺包访,扁鸥,搁立阑 茄锅 壕矫促,攥洮脂猬蝇瞵 墁憩莠憩 墁猬莠. ,牢抛福轰 努辅 内费风
1099,4,辟肺包访,扁鸥,荤厘丛篮 坷疵 免厘吝涝聪促,戡墁熏攥熏攥憩 宅诂猬脂墁洮喱猬 椰瀣袁瀣 墁喱蕃熏攥宅诂猬喱蝇墁熏宅 噩瀣猬. ,捞浆墨唱绰 叼泛配风 何焙 内父靛府橇墨促 林吩
1100,4,辟肺包访,扁鸥,技陛篮 しし盔涝聪促. ,超熏莠憩 ______蝇喱 椰喱莠宅. ,混袱_____盔 杭吩
1101,4,辟肺包访,扁鸥,技陛篮 盔玫隆荐邓聪促.,超熏莠憩 熏郜莠憩墁洮熏 墁脂蕃诂洮诂莠诂 熏莠憩攥熏 ,混袱 酒老袱藕 纳固屏ぉ赋 舅福炒
1102,4,辟肺包访,扁鸥,矫鞭 4玫盔*8矫埃秦辑 窍风 3父 2玫盔捞 弥历烙陛涝聪促.,"超熏熏洮憩攥 4,000 蝇喱*8 悻熏熏 椰诂 墁瀣攥 喱戡喱攥宅 32,000蝇喱 铿 洮蕃攥墁 蕃熏瘳攥 椰喱莠瀣 铿悻脂岈洮脂莠脂 ","荤酒飘唱 4,000盔*8荤狙 厚福 娘档 坷拣档 32,000盔 浚 配阁捻 付具唱 杭缝 俊剂炮房"
1103,4,辟肺包访,扁鸥,矫裹利栏肺 矫青钦聪促,爆诂莠喱洮洮瀣 攥脂袁诂佻宅 诂戡墁 熏戡憩猬瀣,鞘吩迪 匙霸瘤单 捞浆纳 酒浆风
1104,4,辟肺包访,扁鸥,酒福官捞飘甫 窍绊 乐嚼聪促.,惮椰熏墁洮憩莠瀣 (绗喱莠洮瀣猬) 噩瀣蕃瀣戡洮 诂戡洮脂 噩熏洮熏. ,快冠撇风 (且捧扼)林公浆鸥 捞浆跑 磊沤
1105,4,辟肺包访,扁鸥,菊栏肺 捞繁 老捞 绝档废 畴仿秦林技夸. ,脂莠脂楝脂墁洮 蕃憩攥宅熏 诂 墁熏郜洮熏莠熏攥椰熏袁熏攥宅熏 熏猬脂墁脂 墁憩莠憩攥憩. ,奶饭媒抛 谷促捞 捞浆 墨捞呕鄂官埃促捞 酒饭南 努福蠢令
1106,4,辟肺包访,扁鸥,局肺荤亲阑 富靖秦焊技夸,脂蕃楝诂莠诂墁洮脂猬宅 熏郜洮憩攥憩 ,耐磨腐抛府聪瘤叼 酒捞飘蠢令
1107,4,辟肺包访,扁鸥,绢妨款 痢 乐栏搁 OO 俊霸 富靖窍技夸,憩郜憩攥楝憩莠憩墁洮熏 椰喱莠悻 _____袁 熏郜洮憩攥憩佻宅熏.,农牢铭螟鸥福 杭家_____啊 酒捞飘蠢令促福
1108,4,辟肺包访,扁鸥,咯扁辑 老 且 荐 乐摆嚼聪鳖,瀣 噩脂猬宅 诂戡洮脂 熏莠 洮瀣猬袁熏攥宅熏郜悻憩佻椰,阂 力福单 捞浆抛捞 舅扼 捧福埃促捞胶令宏
1109,4,辟肺包访,扁鸥,凯缴洒 老秦林技夸 ,ì熏墁戡 诂戡洮脂 椰脂猬诂攥诂 ,累浆 捞浆跑 海府聪瘤
1110,4,辟肺包访,扁鸥,寇惫牢 殿废刘 锅龋啊 绢痘霸 邓聪鳖,ID 墁熏猬洮喱楝墁熏攥憩佻宅憩 攥喱蕃脂猬 墁熏攥宅熏,酒捞叼 墨福配明墨蠢令电 畴皋府 沫促捞
1111,4,辟肺包访,扁鸥,寇惫牢殿废刘阑 90老 救俊 惯鞭秦 临霸夸 ,ID 墁熏猬洮喱楝墁熏攥憩佻宅 90 墁瀣攥宅瀣 诂楝诂攥宅 楝憩袁熏猬憩 椰脂猬脂蕃诂. ,酒捞叼 墨福配明墨蠢令靛 90娘敌 捞模单 明啊辅 海饭刮
1112,4,辟肺包访,扁鸥,捞 老捞 塞奠聪鳖 ,瀣 诂 喱喱猬椰 ,阂 捞浆 坷坷风何
1113,4,辟肺包访,扁鸥,捞锅 崔  具埃 辟公 矫埃篮 醚 00矫埃涝聪促,瀣 熏郜宅 洮瀣攥墁 悻蕃脂攥宅 噩熏莠岈憩悻憩攥熏 ______c熏熏 诂戡洮脂郜椰诂,阂 酒捞促 坯捻 胶膏单 肋橇胶藕___荤狙 捞浆抛捞厚瘤
1114,4,辟肺包访,扁鸥,捞锅崔  傍绒老 狼 漂辟 矫埃篮 醚 00矫埃涝聪促.,瀣 熏郜宅 蕃熏郜猬熏 墁瀣攥宅猬 诂戡洮脂袁脂 悻熏熏 ______ 椰喱莠宅 ,阂 酒捞促 付捞恩 娘档风 捞浆抛罢 荤狙____杭滴
1115,4,辟肺包访,扁鸥,捞傈 雀荤俊辑绰 绢恫 老阑 窍继嚼聪鳖,瀣猬瀣攥墁 诂戡洮脂袁脂 墁喱蕃岈熏攥诂瘳宅 铿蕃攥 诂 墁憩莠宅憩攥憩 铿莠,公烽捻 捞浆抛罢 霓颇聪具促 骏匙 捞浆 努靛蠢令 郡饭
1116,4,辟肺包访,扁鸥,捞傈 雀荤俊辑绰 恐 硼荤窍继嚼聪鳖,楷蕃攥 瀣楝瀣 蕃瀣猬瀣攥墁 噩瀣蕃瀣戡瀣攥瀣佻宅熏 墁脂洮诂 墁熏莠宅憩攥憩,骏匙 快冕 公烽捻 林公酱穿林窜 纳屏 漠靛蠢令
1117,4,辟肺包访,扁鸥,捞傈 雀荤俊辑绰 岿鞭阑 倔付沥档 罐疽嚼聪鳖,瀣猬瀣攥墁 墁喱蕃岈熏攥诂瘳攥憩佻宅熏 熏郜莠憩 墁熏攥楝 熏莠楝瀣悻瀣,公烽捻 寞颇聪具蠢令窜 酒老袱 沫瞒 舅眠荐林
1118,4,辟肺包访,扁鸥,烙陛眉阂俊 包茄 脚绊绰 畴悼何肺 窍技夸,船莠攥瀣 椰脂猬诂莠椰脂袁脂 熏郜莠憩 噩攥瀣攥 熏猬憩佻宅 楷蕃袁脂 蕃诂攥诂悻洮诂猬莠诂袁诂攥 墁熏郜猬憩莠憩攥憩 ,喷肺疮 海副海罢 酒老袱 炼传档 酒福令靛 骏 固聪胶萍甫府扁匙 墨捞甫福蠢令
1119,4,辟肺包访,扁鸥,弥历烙陛篮 しし涝聪促.,楷 洮蕃攥墁 熏郜莠憩 ______ 椰喱莠喱.,浚 配阁捻 酒老袱 _____杭吩
1120,4,辟肺包访,扁鸥,秦寇备流钎甫 累己窍绞矫夸.,宫脂 莠墁 诂戡 墁熏袁熏佻憩 洮喱莠洮瀣猬瀣攥瀣 ,寐 棵内档 捞浆配 墨啊琉 妮捧风穿林 
1121,4,辟肺包访,扁鸥,雀荤 荤沥阑 捞秦秦林矫扁 官而聪促 ,喱蕃岈熏攥诂瘳攥憩 熏椰熏莠憩 洮瀣戡瀣攥瀣 墁喱瓞瀣攥瀣佻宅熏猬宅 悻瀣猬熏攥熏.,寞颇聪具绰 酒惯弗 捧酱疮 内蜡穿林促福靛 荐扼巢.
1122,4,辟肺包访,扁鸥,雀荤 荤沥捞 救亮嚼聪促.,喱蕃岈熏攥诂瘳攥憩 熏椰熏莠 攥熏楝熏. ,寞颇聪具绰 酒惯福 唱瞒福
1123,4,辟肺包访,扁鸥,雀荤啊 何档啊 车嚼聪促.,喱蕃岈熏攥诂 椰熏攥墁猬喱 椰喱莠宅.,寞颇聪具 馆农吩 杭滴
1124,4,辟肺包访,扁鸥,雀荤积劝俊 父练窍绞聪鳖,喱蕃岈熏攥诂瘳攥憩 噩瀣蕃瀣戡瀣攥 憩猬熏熏佻憩悻憩佻椰,寞颇聪具绰 林公酱唱 栏扼令胶令宏
1125,4,辟肺包访,ì熏攥 椰熏戡墁熏莠熏 ,雀荤俊辑 具蜡雀甫 癌聪促.,戡洮脂袁脂 噩脂猬宅脂 洮喱喱袁 铿 熏莠袁熏攥 椰熏猬熏椰憩.,捞浆抛罢 力福掸 配坷绊 俊胶 舅啊蠢 官扼宏令
1126,4,绊侩包访脚绊,ì瀣蕃瀣戡墁 喱猬攥喱戡瀣,捞镑俊 秒诀阑 盔秦夸,瀣 噩脂猬袁 诂戡洮脂袁诂攥诂 墁脂莠脂椰,阂 力福单 捞浆抛扁聪瘤 奶饭厚
1127,4,绊侩包访脚绊,ì瀣蕃瀣戡洮熏 楝憩袁瀣 ,拌距捞 父丰登菌嚼聪促.,脂莠诂戡诂 熏瘳墁洮熏宅. ,奶府桨 酒距鸥靛
1128,4,绊侩包访脚绊,ì瀣蕃瀣 喱猬宅瀣 喱佻袁喱猬洮瀣 ,寸脚阑 犁绊侩窍绊 酵绢夸,超诂佻宅 墁熏郜猬 噩瀣蕃瀣戡墁 熏莠熏 宅脂 噩熏洮熏椰 ,矫瘤叼 墨捞扼 林公浆墨 舅恩 氮 磊鸥宏
1129,4,绊侩包访脚绊,荤诀厘函版,犁绊侩磊绰 蓖惫饶 林犁荤公家甫 规巩窍寂具 钦聪促,熏郜猬 噩瀣蕃瀣戡墁 楝熏墁憩猬憩莠袁熏攥宅熏 佻瀣攥瀣 蕃熏蕃莠脂墁脂洮诂攥宅脂袁 噩熏郜袁熏戡墁熏 喱娆诂悻墁 墁熏郜猬憩莠憩戡 墁脂猬脂. ,墨捞扼 林公酱墨 瞒农甫埃促福 坷林传 妇饭纳凭单扁 磊捞啊浆沫 坷乔胶纳 墨捞甫福浆 纳泛
1130,4,绊侩包访脚绊,荤诀厘函版,"流厘阑 函版矫 馆靛矫 畴悼何,过公何俊 脚绊秦具 钦聪促",ì瀣蕃瀣戡瀣攥瀣佻宅 墁喱洮喱猬袁喱攥宅 悻佻悻瀣 楷蕃袁脂 蕃诂攥诂悻洮诂猬莠诂袁诂攥 噩熏攥 垃悻洮诂璎诂 蕃诂攥诂悻洮诂猬莠诂袁诂攥 蕃熏熏莠憩蕃熏 椰脂猬诂攥诂,林公酱穿林滴 内配风帮档 家荐林 骏 固聪胶萍副府扁 磊唱 蜡胶萍矫具 固聪胶萍副府扁匙 付舅福咐 海府聪瘤
1131,4,绊侩包访脚绊,诂袁猬熏璎诂 ,"1. 厚青扁钎 抗距(免惫, 涝惫)","‖蝇诂 椰诂莠脂 佻熏墁熏 墁憩莠瀣 (宫憩袁瀣, 墁诂猬瀣)","酒厚酒 呼房 磊墨胶 努风 (明备, 虐风)"
1132,4,绊侩包访脚绊,免涝惫,2. 犁涝惫倾啊 悼狼辑,熏郜猬 墁诂猬诂 墁脂莠瀣瀣 瀣猬瀣墁悻熏 椰脂猬诂莠袁脂 墁熏袁熏 ,墨捞扼 虐赋 奶风绊 快疯获 海副罢 墨啊令 
1133,4,绊侩包访脚绊,免涝惫,3. 脚没辑,‖攥墁脂洮 ,救纳鸥 
1134,4,绊侩包访脚绊,免涝惫,3斥 秒诀扁埃 辆丰饶 蓖惫矫 寇惫牢殿废刘阑 馆靛矫 傍亲 免涝惫包府荤公家俊 馆吵秦具 钦聪促,3 噩憩 诂戡洮脂 蝇诂佻熏攥憩 蕃攥洮 椰瀣洮墁攥宅 墁诂郜诂 ID 墁熏猬洮喱楝墁熏攥 墁脂洮诂 噩熏洮墁熏攥宅 熏铿猬喱岈喱猬洮洮喱袁 蕃诂袁猬熏璎诂 墁憩佻蕃熏洮憩攥 洮熏戡洮熏 墁脂洮瀣 墁脂猬脂  ,3榴 捞浆跑 厚磊绰 葛畴捧 鹤能捣 虐牢 酒捞叼 墨福配明墨蠢 纳屏 楞沫促 酒捞扼器福沛 雇扼揪具 农令付飘唱 鸥浆啪 纳捧 纳泛
1135,4,绊侩包访脚绊,免涝惫,4. 荐荐丰 3父盔,"‖宅蕃诂攥诂悻洮猬熏洮诂蝇宅诂 洮莠 30,000 蝇喱 ","酒靛固聪胶飘扼萍宏雕 喷芬 30,000盔"
1136,4,绊侩包访脚绊,免涝惫,5. 寇惫牢 殿废刘,宫脂 铿莠宅诂 噩瀣蕃瀣戡楝瀣攥瀣 ID 墁熏猬洮喱楝墁熏悻,寐 郡雕 林公荐眠传 酒捞叼 墨福配明墨胶
1137,4,绊侩包访脚绊,免涝惫,6. 咯鼻,爆熏悻岈喱猬,颇胶器福飘
1138,4,绊侩包访脚绊,免涝惫,蓖惫朝楼客 亲傍祈阑 舅妨林技夸,脂洮 洮瀣猬袁熏 墁瀣攥瀣攥瀣 蕃脂攥脂 熏蝇诂 椰诂莠脂洮诂攥诂佻宅 熏郜洮憩攥憩 ,纳抛 捧福埃 捻穿穿林 皋迟 酒厚酒 呼房萍聪令叼 酒捞飘蠢令
1139,4,绊侩包访脚绊,免涝惫,"措府牢捞 且 版快 犁流刘疙辑, 脚盒刘, 困烙厘捞 鞘夸钦聪促.","楷袁脂猬宅 佻瀣攥 椰熏戡墁 熏宅熏 墁憩莠悻 诂戡洮脂袁脂 噩脂猬诂攥脂 墁熏袁熏, 佻宅瀣墁洮 洮熏悻洮憩墁洮喱喱楝 宅喱墁瀣蕃脂攥洮, 诂戡脂攥诂 墁熏 墁脂猬脂. ","俊霸福单 坷林稠 官浆墨 酒淬 努荤 捞浆抛罢 力府迟 墨啊令, 坷林迪捧 鸥胶漂配眠 促捻膏萍, 捞技丛 谋 纳泛"
1140,4,绊侩包访脚绊,免涝惫,牢磐齿栏肺档 脚没啊瓷钦聪促.,攥洮脂猬攥脂 熏猬墁憩莠瀣 墁熏洮洮喱喱宅喱 洮 椰喱莠喱.,牢抛福齿 舅努风 配捣 渴家 杭吩
1141,4,绊侩包访脚绊,免涝惫,老矫免惫阑 且 锭绰 促澜狼 辑幅甫 霖厚秦具钦聪促.,惮椰熏墁洮憩莠瀣 喱猬脂瘳宅熏 楝憩袁憩 噩熏洮墁熏攥宅 洮蕃攥墁 宅喱墁瀣蕃脂攥洮洮脂猬宅 宅熏瘳猬宅喱 墁脂猬脂.,快冠撇风 墨饭局窜 明鞭 楞沫促 配阁捻 促捻膏抛福叼 促具福档 纳泛.
1142,4,绊侩包访脚绊,免涝惫,犁涝惫阑 窍角伯聪鳖,熏郜猬 喱猬脂瘳袁 墁诂猬诂 墁脂莠脂悻诂佻椰,墨捞扼 墨饭具啊 虐赋 奶饭矫矫厚
1143,4,绊侩包访脚绊,免涝惫,眉幅扁埃楷厘阑 秦具钦聪促.,，诂佻熏攥憩佻宅 瀣佻熏猬洮憩 墁脂猬脂.,厚磊蠢令靛 快磊福飘浆 纳泛
1144,4,绊侩包访脚绊,免涝惫,眉幅楷厘 窍绊 酵栏技夸,，诂佻熏攥憩佻宅 瀣佻熏猬洮墁憩攥憩 墁脂莠脂椰,厚磊蠢令靛 快磊俯农蠢令 奶饭厚
1145,4,绊侩包访脚绊,免涝惫,免惫寸老 免惯矫埃 5矫埃傈俊 傍亲俊辑 免涝惫荤公家俊 辑幅甫 力免钦聪促.,脂洮 洮瀣猬袁熏 墁瀣攥 5 悻熏熏 熏莠宅憩 熏铿猬喱岈喱猬洮洮喱袁 蕃诂袁猬熏璎诂 墁憩佻蕃熏洮憩攥 宅喱墁瀣蕃脂攥洮洮脂猬宅 洮熏岈戡憩猬熏 ,纳抛 捧风埃 捻穿 5 荤狙 舅电 酒俊肺器福配备 雇扼揪具 弊令付飘唱 档捻膏抛福叼 啪浆儿
1146,4,绊侩包访脚绊,免涝惫,免涝惫 包府 荤公家绰 咯扁 涝聪促.,诂袁猬熏璎诂 喱娆诂悻 瀣戡瀣 噩脂猬宅 噩熏郜袁熏戡墁熏.,雇扼揪具 坷乔矫 快蒋 力福单 磊捞啊浆沫 
1147,4,绊侩包访脚绊,免涝惫,免涝惫荤公家俊 函版荤亲阑 脚绊窍咯具 钦聪促,诂袁猬熏璎诂 喱娆诂悻诂攥 佻瀣攥瀣 噩攥瀣攥 佻袁猬瀣瀣莠 椰喱莠悻 瀣戡瀣 噩脂猬袁 椰诂莠宅诂猬诂戡诂攥诂 墁脂猬脂. ,雇扼摹具 坷乔矫匙 坷林穿林 炼传档 坷林绊逢肺风 杭家 快蒋 力福霸 呼叼府浆聪令 纳泛
1148,4,绊侩包访脚绊,楷蕃袁脂 蕃脂攥脂 墁熏蕃悻憩 墁憩莠瀣 椰喱猬椰喱猬 ,绊侩瘤盔季磐绰 しし俊 乐嚼聪促. ,ì瀣蕃瀣 蕃脂攥脂 墁熏蕃悻憩 墁憩莠瀣 椰喱猬椰喱猬 ______ 噩脂猬宅 噩熏郜袁熏戡墁熏.,林公浆 皋迟 寞胶令 努风 焊福焊风_____力福单 磊捞啊浆沫.
1149,4,绊侩包访脚绊,绊侩瘤盔季磐,绊侩瘤盔季磐俊 函版荤亲阑 脚绊窍咯具 钦聪促,楷蕃袁脂 蕃脂攥脂 墁熏蕃悻憩 墁憩莠瀣 椰莠瀣蕃瀣 噩瀣蕃瀣戡瀣攥宅熏袁 佻袁猬袁 蕃熏熏莠憩蕃熏洮洮 墁熏洮洮熏洮瀣 墁脂猬脂 ,骏 皋迟 皑令令 努风 杭风公畴 林公疆促弊 坷林绊福帮 富府付飘 墨鸥捧 纳泛
1150,4,绊侩包访脚绊,绊侩瘤盔季磐,"脚绊辑, 脚没辑甫 累己窍继唱夸","熏洮洮喱喱宅喱 洮瀣 墁熏袁熏佻, 熏攥墁脂洮熏攥 洮喱莠洮瀣猬宅瀣攥瀣佻椰","墨配捣 坷捧 墨啊令, 救纳鸥蠢 喷捧风滴穿林宏"
1151,4,ì瀣蕃瀣戡墁 喱猬攥喱戡瀣瀣宅 椰诂莠宅诂猬瀣 噩熏悻喱 ,ì熏攥 椰熏戡墁熏莠熏 , 林犁盔荤公家 距档绰 罐栏继唱夸,攥宅瀣猬瀣 墁瀣莠楝瀣莠瀣袁 噩熏郜袁熏戡墁熏 噩脂猬宅诂 墁熏猬洮熏悻憩 熏莠宅憩佻椰,柯滴风浆 坷酿免风备 磊捞啊浆藕 力福凋 墨福鸥郊 舅靛蠢令宏
1152,4,绊侩包访脚绊,扁鸥荤亲,1. 绊侩倾啊力 犁绊侩 辟肺磊 蓖惫脚绊辑,1.熏郜猬 墁脂莠诂戡诂 蕃脂攥脂 楝熏墁憩猬憩莠袁熏 噩瀣蕃瀣戡楝瀣攥瀣攥瀣 墁诂猬诂 墁脂莠袁脂攥诂 椰诂莠宅诂猬瀣 墁熏袁熏佻,1. 墨捞扼 奶府桨 皋迟 瞒农甫埃 林公浆眠传 虐赋 奶霸囱 呼叼风 墨啊令
1153,4,绊侩包访脚绊,扁鸥荤亲,2. 秒诀扁埃 父丰磊 犁涝惫 秒诀劝悼犬牢辑,2. ，诂佻熏攥憩 攥喱蕃脂猬 (墁熏袁熏 蝇诂佻 ),2. 厚磊绰 畴皋府 (墨啊令 厚磊)
1154,4,绊侩包访脚绊,扁鸥荤亲,3. 荤刘 惯鞭锅龋(辆捞荤刘),3. ，诂佻熏攥 熏莠瀣 瀣楝瀣 椰脂猬诂莠袁脂 攥喱蕃脂 (墁熏袁熏 蝇诂佻),3. 厚磊蠢 舅风 快冕 海副罢 畴皋府 (墨啊令 厚磊)
1155,4,绊侩包访脚绊,扁鸥荤亲,4. 咯鼻,4. 爆熏悻岈喱猬,4. 官胶器福飘
1156,4,绊侩包访脚绊,扁鸥荤亲,5. 亲傍鼻,5. ‖蝇诂 椰诂莠脂 ,5. 酒厚酒 呼房
1157,4,绊侩包访脚绊,扁鸥荤亲,6. 荤刘惯鞭荐荐丰(5父盔沥档),"6. ，诂佻 熏莠瀣 瀣楝瀣 洮莠攥瀣瀣楝 熏墁楝 (50,000 蝇喱攥宅喱)","6. 厚磊 舅风 快冕 喷肺穿眠 厩瞒 (50,000 盔档捞)"
1158,4,绊侩包访脚绊,扁鸥荤亲,7. 荤刘脚没辑(秦寇 林犁荤公家 厚摹) 涝聪促.,7. ‖攥墁脂洮 (宫脂 蕃熏蕃莠脂墁脂洮洮 噩熏郜袁熏戡墁熏 喱娆诂悻洮 椰熏),7. 救纳鸥 (寐 妇饭南单 磊捞啊浆沫 坷乔胶抛 官福)
1159,4,绊侩包访脚绊,扁鸥荤亲,阿辆 脚没 肚绰 脚绊矫 倾困荤角阑 焊绊窍瘤 付绞矫夸,船瀣猬宅瀣 宅喱墁瀣蕃脂攥洮洮 熏莠瀣瀣袁 熏猬憩 噩熏攥 墁熏洮洮喱喱宅喱 洮瀣 噩熏洮墁熏攥宅 洮瀣瀣猬 铿蕃脂 蕃熏熏莠憩蕃熏洮洮熏猬宅 噩熏佻椰熏攥憩.,滴风滴 档捻膏抛福叼 舅风啊 酒福令 磊唱 墨配捣 坷批 楞埃促 林扼 し[け[胶 富福咐促福靛 磊令官蠢令 
1160,4,绊侩包访脚绊,扁鸥荤亲,惫利蓖拳 窍绊 酵栏技夸,ì熏猬熏攥宅憩 熏莠瀣瀣攥 墁熏熏莠熏郜悻憩佻椰,磊鄂垫 舅风穿 漠扼捞胶令宏
1161,4,绊侩包访脚绊,扁鸥荤亲,蓖惫脚绊辑甫 累己窍技夸.,脂墁脂攥诂攥 墁熏郜洮憩 墁脂洮瀣 噩攥瀣攥宅袁 墁熏袁熏佻宅 洮喱莠洮瀣猬瀣攥瀣. ,皋纳聪匙 墨捞频 纳捧 炼传档 墨啊令靛 喷捧风穿林
1162,4,绊侩包访脚绊,扁鸥荤亲,蓖惫脚绊矫 力免辑幅救郴涝聪促.,脂墁脂攥诂攥 墁熏郜洮憩 墁脂洮脂猬宅 洮熏岈戡憩猬 洮瀣猬袁熏 宅喱墁瀣蕃脂攥洮洮脂 噩攥瀣攥宅袁 蕃熏熏莠憩蕃熏 椰熏猬熏墁楝熏悻.,皋纳聪匙 墨捞频 纳单福单 啪浆扼 捧福埃 档捻膏抛福 炼传档 富福咐 官遏瞒胶
1163,4,绊侩包访脚绊,扁鸥荤亲,蓖惫 饶 傍窜 林犁盔荤公家俊 馆靛矫 脚绊窍技夸. ,脂墁脂攥诂攥诂佻袁 墁熏郜洮憩 椰熏猬袁熏攥宅熏 墁诂郜诂 喱戡喱 噩熏墁洮 噩熏郜袁熏戡墁熏 攥宅猬瀣猬瀣 墁瀣莠楝瀣莠瀣袁瀣 悻佻悻瀣 墁熏洮洮熏莠憩攥憩.,皋纳聪聪瘤霸 墨捞频 官福埃窜 虐牢 坷贾 累鸥 磊捞啊浆沫 柯滴风浆 坷酿免风备畴 家荐林 鸥府蠢令
1164,4,绊侩包访脚绊,扁鸥荤亲,巩力啊 积扁搁 しし俊霸 富靖秦林技夸,熏悻脂莠 楝憩袁憩 墁熏莠悻 _________ 袁 熏郜洮憩攥憩. ,付伎饭 眠绷 漠荤 _________霸 酒捞飘蠢令
1165,4,绊侩包访脚绊,扁鸥荤亲,荤刘惯鞭捞 脚没登菌嚼聪促.,，诂佻 熏莠瀣 瀣楝瀣 墁熏洮洮喱喱宅喱 洮洮瀣攥瀣.,厚磊 舅风 快冕 墨配捣 坷捧穿林
1166,4,绊侩包访脚绊,扁鸥荤亲,しし 辑幅啊 鞘夸钦聪促.,__________宅喱墁瀣蕃脂攥洮 墁脂猬脂.,_______________________档捻膏萍 纳泛 
1167,4,绊侩包访脚绊,扁鸥荤亲,しし 阑 眠玫 钦聪促.,__________宅 悻瀣攥瀣 墁憩莠熏蕃憩.,_________靛 荐穿浆 努扼谷
1168,4,绊侩包访脚绊,扁鸥荤亲,ししし肺 傈拳窍矫搁 惑淬阑 秦靛赋聪促.,_________攥喱蕃脂猬诂攥 洮脂莠脂娆喱 楝熏莠悻熏攥憩 洮瀣戡瀣攥宅瀣猬瀣 椰脂猬诂戡脂.,________畴皋府匙 每府迄 蔓荤令 捧疆滴风仟 海府悸
1169,4,绊侩包访脚绊,扁鸥荤亲,咯鼻 犁惯鞭篮 O老捞 吧赋聪促,爆熏悻岈喱猬洮洮 墁熏郜猬熏宅熏 噩熏悻熏洮瀣 瀣楝瀣 ____墁瀣 墁脂洮脂. ,官胶檬风捧 墨捞扼 磊荤捧 快冕 ______ 娘 纳泡
1170,4,绊侩包访脚绊,扁鸥荤亲,"咯鼻, 馆疙窃 漠扼荤柳, 父盔, 荤诀磊殿废刘 荤夯捞 鞘夸秦夸","爆熏悻岈喱猬, 岈熏悻岈喱猬洮墁 洮瀣悻洮瀣 悻瀣猬, 10,000 蝇喱, 墁喱蕃岈熏攥诂瘳攥憩 莠诂璎脂攥佻诂瘳悻憩攥憩 墁楝瀣猬蕃悻 墁脂猬脂.","官胶器福飘, 官胶器风飘内 捧荐捧 荐吩, 10,000 盔, 霓颇聪具绰 府眉蠢瘤具胶绰 内眠风葛荐 纳泛"
1171,4,绊侩包访脚绊,扁鸥荤亲,咯鼻盒角俊 措厚窍咯 咯鼻荤夯阑 焊包窍技夸,"爆熏悻岈喱猬洮瀣攥瀣佻宅 噩喱袁喱洮瀣 熏莠憩戡憩攥憩 蕃瀣蕃墁瀣, 喱戡喱 瀣楝瀣 墁楝瀣猬蕃悻瀣 椰脂墁诂洮诂 墁喱瓞攥瀣.","官胶器风捧穿林滴 炼绊批 舅夫矫蠢令 钩娘, 坷颊 快冕 内眠风葛鉴 海虐屏 内蜡穿林"
1172,4,绊侩包访脚绊,扁鸥荤亲,咯鼻阑 汗荤窍技夸,爆熏悻岈喱猬洮瀣攥瀣佻宅 墁悻脂猬墁楝瀣猬蕃宅 洮墁猬瀣攥瀣.,官胶器捧穿林滴 农技肺内眠风葛捣 坷捧内风穿林
1173,4,绊侩包访脚绊,扁鸥荤亲,咯鼻阑 盒角沁嚼聪鳖,爆熏悻岈喱猬洮瀣攥瀣佻宅 噩喱袁喱洮瀣 熏莠宅憩攥憩佻椰,官胶器风捧穿林滴 炼绊批 舅滴蠢令宏
1174,4,绊侩包访脚绊,扁鸥荤亲,寇惫牢 辟肺磊 殿废刘篮 涝惫饶 90老捞郴 惯鞭罐酒具钦聪促.,宫脂 莠墁莠瀣 噩瀣蕃瀣戡楝瀣莠熏猬宅憩 ID 墁熏猬洮熏悻憩 喱猬脂瘳袁 墁诂猬诂 墁脂莠袁脂攥宅脂 椰熏戡洮熏 90 墁瀣攥宅瀣 诂楝诂攥宅 熏莠憩 墁脂猬脂.,寐 棵妮疯 林公浆免扼福电 酒捞叼 墨福鸥郊 墨饭具啊 虐赋 奶罢掸 官浆啪 90 娘敌 捞模单 舅夫浆 纳泛 
1175,4,绊侩包访脚绊,扁鸥荤亲,寇惫牢 辟肺磊 瘤盔季磐 楷遏贸甫 扁撅窍技夸,宫脂 莠墁莠瀣 噩瀣蕃瀣戡楝瀣莠熏猬袁 墁蕃 墁猬悻洮瀣瀣楝 椰喱猬椰喱猬宅瀣 洮脂莠脂娆喱 攥喱蕃脂猬诂 噩熏洮洮熏 墁熏莠憩攥憩.,寐 棵妮疯 林公浆免扼福啊 内格 内风家捧眠 焊福焊福敌 炮饭迄 畴皋赴 磊啪 漠福蠢令
1176,4,绊侩包访脚绊,扁鸥荤亲,寇惫牢殿废荤亲狼 函版矫 馆靛矫 脚绊甫 秦具 钦聪促,ID 墁熏猬洮喱楝墁熏攥憩佻宅 佻袁猬瀣瀣莠 椰喱莠悻 悻佻悻瀣 洮瀣猬 椰诂莠宅诂猬瀣 噩熏悻熏攥憩.,酒捞叼 墨福配明墨蠢令促 坷林绊逢肺福 杭家 家荐林 捧风档 呼叼风 磊荤蠢令
1177,4,绊侩包访脚绊,扁鸥荤亲,寇惫牢殿废刘 惯鞭老篮 涝惫茄 朝何磐 90老 捞郴俊 殿废秦具 茄促.,ID 墁熏猬洮喱楝墁熏攥 喱猬脂瘳袁 墁诂猬诂 墁脂莠袁脂 墁瀣攥宅 椰熏戡洮熏 90 墁瀣攥宅瀣 诂楝诂攥宅 墁熏洮洮喱喱宅喱 洮瀣 墁脂猬脂.,酒捞叼 墨福配明墨蠢 墨饭具啊 虐赋 奶罢 娘捣 官浆啪 90 娘敌 捞模单 墨配坷捣 坷捧 纳泛
1178,4,绊侩包访脚绊,扁鸥荤亲,"寇惫牢殿废刘(咯鼻,烹厘,舅急厘)阑 汗荤窍绊 靛府摆嚼聪促.","ID 墁熏猬洮喱楝墁熏攥憩佻宅 (岈熏悻岈喱猬,椰熏攥 铿悻脂 墁诂洮脂岈楝脂悻, 噩瀣蕃瀣 洮熏熏 椰脂猬瀣瀣楝 噩脂)墁悻脂猬喱墁楝瀣猬蕃宅 洮墁猬瀣 椰脂猬脂郜诂.","酒捞叼 墨福配明墨蠢令靛(颇胶器福飘, 馆农 俊剂 虐跑眉矫, 林公浆 鸥拘 海幅眠 力福)农技肺内眠风葛捣 坷捧内风仟 海饭牢."
1179,4,绊侩包访脚绊,扁鸥荤亲,寇惫牢殿废刘阑 爱绊 乐唱夸,ID 墁熏猬洮喱楝墁熏攥憩 噩熏攥憩攥憩佻宅熏椰,酒捞叼 墨福配明墨蠢令 磊蠢蠢令促宏
1180,4,绊侩包访脚绊,扁鸥荤亲,寇惫牢殿废刘阑 馆吵窍技夸,ID 墁熏猬洮喱楝墁熏攥憩佻宅 洮熏岈戡憩猬憩 墁脂洮诂攥诂.,酒捞叼 墨福配明墨蠢令靛 啪浆福橇 纳萍聪令 
1181,4,绊侩包访脚绊,扁鸥荤亲,寇惫牢殿废刘阑 焊咯林绞矫夸.,ID 墁熏猬洮喱楝墁熏攥憩佻宅 墁猬悻洮瀣攥瀣.,酒捞叼 墨福配明墨蠢令靛 内风家捧穿林
1182,4,绊侩包访脚绊,扁鸥荤亲,寇惫牢殿废刘阑 汗荤窍技夸.,ID 墁熏猬洮喱楝墁熏攥憩佻宅 墁悻脂猬喱墁楝瀣猬蕃宅 洮墁猬瀣 熏莠憩攥憩.,酒捞叼 墨福配明墨蠢令靛 农技肺内眠风葛捣 坷捧内风橇 舅府蠢令
1183,4,绊侩包访脚绊,扁鸥荤亲,寇惫牢殿废刘阑 肋 包府窍技夸,ID 墁熏猬洮喱楝墁熏攥憩佻宅 噩熏墁戡憩莠熏 墁熏猬熏 噩瀣猬瀣攥瀣.,酒捞叼 墨福配明墨蠢令靛 累蒋而 墨而 林风穿令
1184,4,绊侩包访脚绊,扁鸥荤亲,寇惫牢殿废刘阑 亲惑 家瘤窍绊 促聪寂具 钦聪促,ID 墁熏猬洮喱楝墁熏攥憩佻宅 宅熏郜憩蕃 佻瀣攥瀣 蕃脂攥脂 熏莠憩 噩瀣猬瀣戡瀣攥瀣 墁脂猬脂. ,酒捞叼 墨福配明墨蠢令靛 促捞付 坷林穿林 皋迟 舅赋 林风浆穿林 纳泛
1185,4,绊侩包访脚绊,扁鸥荤亲,捞镑俊 档厘阑 嘛绢林技夸,瀣 噩脂猬袁 蕃猬宅 椰熏悻憩攥憩.  ,阂 力福霸 葛坷福滴 官胶蠢令
1186,4,绊侩包访脚绊,扁鸥荤亲,捞镑俊 辑幅甫 立荐窍技夸,瀣 噩脂猬袁 宅喱墁瀣蕃脂攥洮洮脂猬宅 洮熏岈戡憩猬憩攥憩. ,阂 力福霸 促捻膏抛福叼 翠浆福蠢令
1187,4,绊侩包访脚绊,扁鸥荤亲,犁绊侩辟肺磊 救郴巩阑 肋佬绢焊技夸.,熏郜猬熏宅熏 噩瀣蕃瀣戡墁 熏莠憩攥袁熏 噩瀣蕃瀣戡楝 瀣楝瀣 熏猬攥熏莠袁熏 蕃熏熏莠憩蕃熏 墁诂洮脂岈楝脂攥 喱墁瀣 楝憩袁憩攥憩.,墨捞扼窜 林公浆墨 舅赴埃 林公浆眠 快冕 酒福朝埃 富府咐 虐跑眉聪 坷尿 摹扁聪令.
1188,4,绊侩包访脚绊,扁鸥荤亲,犁惯鞭阑 盔钦聪促.,熏郜猬熏宅熏 噩熏悻熏洮墁憩 墁脂莠脂.,墨捞扼窜 磊获怒 奶房
1189,4,绊侩包访脚绊,扁鸥荤亲,眉幅扁埃 楷厘阑 秦具 钦聪促. ,，诂佻熏攥 瀣佻熏猬洮瀣 墁脂猬脂.,厚磊蠢 快磊福捧 纳泛
1190,4,绊侩包访脚绊,扁鸥荤亲,眉幅扁埃捞 父丰登菌嚼聪促.,，诂佻熏攥憩佻宅憩 蕃攥洮 洮瀣袁攥宅. ,厚磊蠢令电 葛畴捧 捧帮滴
1191,4,绊侩包访脚绊,扁鸥荤亲,眉幅瘤 函版矫 馆靛矫 傈涝脚绊甫 秦具 钦聪促,ì熏戡熏袁熏 噩脂猬诂攥诂佻宅 佻袁猬洮墁攥 悻佻悻瀣 佻袁猬袁攥宅瀣袁 洮瀣瀣猬熏莠瀣 蕃熏熏莠憩蕃熏 椰脂猬诂戡诂攥诂 墁脂猬脂 ,磊箕埃 力府聪令叼 坷林绊福飘帮档 家眠林 坷林绊福帮滴备 捧饿风 富府咐 海府浆聪令 奶泛
1192,4,绊侩包访脚绊,扁鸥荤亲,免惫矫 寇惫牢殿废刘篮 傍亲 免涝惫包府荤公家俊 馆吵秦具 钦聪促. ,喱猬脂瘳宅熏 楝憩袁憩 墁脂洮诂 噩熏洮墁熏攥宅 熏铿猬喱岈喱猬洮洮喱袁 蕃诂袁猬熏璎诂 墁憩佻蕃熏洮憩攥 ID 墁熏猬洮喱楝墁熏攥 洮熏戡洮熏 墁脂洮瀣 墁脂猬脂.,墨饭具窜 明鞭 纳屏 楞埃促 酒俊扼器福配备 固弊扼揪具 农令付飘唱 酒捞叼 墨福配明墨蠢 鸥浆啪 纳捧 纳泛
1193,4,绊侩包访脚绊,扁鸥荤亲,免惫抗沥老 函版 肚绰 犁涝惫阑 器扁窍绊磊且锭绰 茄惫魂诀牢仿傍窜 秦寇林犁荤公家肺馆靛矫 楷遏窍咯具钦聪促.,喱猬脂瘳袁 墁熏郜猬 墁诂猬诂 墁脂莠瀣瀣楝 墁瀣攥宅 佻袁猬洮悻攥 噩 墁脂莠椰攥 墁熏熏莠熏悻熏攥熏 喱猬脂 噩瀣蕃瀣戡楝瀣莠熏 噩熏攥 攥宅瀣猬瀣  熏袁脂攥洮洮诂袁诂攥 熏郜洮憩 墁喱瓞攥瀣佻宅熏,墨饭具啊 墨捞扼 虐赋 奶幅眠 娘滴 坷令绊福檬畴福 力 奶焊穿 漠扼荤唱福 墨饭具 林公浆铭扼福 磊唱 柯滴风浆 酒罢萍虐匙 酒捞屏 内蜡穿令促福
1194,4,绊侩包访脚绊,扁鸥荤亲,茄惫眉幅扁埃捞 倔付唱 巢疽嚼聪鳖,喱猬脂 蝇诂佻熏攥憩佻宅憩 蕃攥洮 墁熏攥楝 墁熏莠宅,墨饭具 厚磊蠢令电 葛畴捧 沫瞒 漠靛
