연번,대분류코드,대분류,소분류,한국어 문장,외국어 문장,외국어 발음
1,3,일상생활,"인사,소개",고맙습니다.,RAHMAT,랗맛
2,3,일상생활,"인사,소개",그동안 수고하셨습니다 ,SHU KUNGACHA ISHLAGANILAR USHUN RAHMAT,수 군가차  잇라간이랄  우춘  랗맛
3,3,일상생활,"인사,소개",다음에 또 뵈요,YANA UCHRASHGUNCHA,야나 웆랏군자
4,3,일상생활,"인사,소개",다음에 오겠습니다. ,YANA   KELAMAN,야나 게라만
5,3,일상생활,"인사,소개",당신을 잊지 못할 것 입니다 ,SIZNI UNUTMAYMAN,싲니 우눝마에만
6,3,일상생활,"인사,소개",당신의 상사는 ㅇㅇㅇ 입니다.,MEN  SIZLARNI BOSHLIQILARMAN,멘 싲랄니 봇릭이랄만
7,3,일상생활,"인사,소개",당신의 성공을 기원합니다 ,SIZLARGA OMAD TILAYMAN,싲랄가 오맡 티라에만
8,3,일상생활,"인사,소개",동료 ,QOLLEQTIV,골렉팁
9,3,일상생활,"인사,소개",만나서 반갑습니다.,UCHRASHGANIMDAN HURSANDMAN,웇랐가니밎단 훌산드만
10,3,일상생활,"인사,소개",맛있게 드세요 ,YOQIMLI ISHTAHA,요금리 있타하
11,3,일상생활,"인사,소개",먼 길 오시느라고 수고하셨습니다.,UZOQ YOL BOSIB KELDILAR,우적 열 버십 갤디랄
12,3,일상생활,"인사,소개",미안합니다 ,KECHIRASIZ,개치라싳
13,3,일상생활,"인사,소개",미안합니다. ,KECHIRASIZ,개치라싳
14,3,일상생활,"인사,소개",방해해서 미안합니다. ,KECHIRASIZ  BEZOVTA QILDIM,개치라싳 배조타 킬딤
15,3,일상생활,"인사,소개",사과를 받아주세요 ,UZURIMNI QABUL QILING,우주림니 가불 기링
16,3,일상생활,"인사,소개",사과하세요.,UZUR,우줄
17,3,일상생활,"인사,소개",사장님 ,BOSHLIQ,벘가
18,3,일상생활,"인사,소개",식사하셨습니까 ?,OVATLANDIZMI?,옵같란딤
19,3,일상생활,"인사,소개",식사합시다 ,OVQATLANING,옵같라닝
20,3,일상생활,"인사,소개",안녕하세요 ㅇㅇㅇ입니다. ,ASSALOMU ALAYKUM    OOOOO MAN,앗사로무 아라에굼 0000 만
21,3,일상생활,"인사,소개",안녕히 가세요 ,YAHSHI BORING,얗씨 보링
22,3,일상생활,"인사,소개",안녕히 계세요,YAHSHI QOLING,얗씨 거링
23,3,일상생활,"인사,소개",앞으로 좋은 관계를 유지할 수 있기를 바랍니다. ,OLIDINDA  YAHSHI KELISHIB ISHLASIZNI SORAYMAN,얼딘다 얗시 개리십 잇릿니 소라애만
24,3,일상생활,"인사,소개",약속을 지키지 못해 죄송합니다.,UZUR   SOZIM USTIDAN CHIQOLMADIM,우술 소즘 웃티단 직마듬
25,3,일상생활,"인사,소개",우리 회사에 오신 것을 환영합니다 ,HUSH KELIBSIZ BIZNING  KORHONAMIZGA,후시 켈립시스 비즈링 코르호나미즈가
26,3,일상생활,"인사,소개",우리와 함께 잘 해봅시다.,BIRGALIQDA  QILIB KORAYLIK,빌가릭다 기립 고라에릭
27,3,일상생활,"인사,소개",이분들에게 인사드리세요 ,SALOMLASHING,소롬라싱
28,3,일상생활,"인사,소개",이분은 함께 일하게 될 ㅇㅇㅇ입니다. ,BIRGALIKDA  ISHLAYSIZLAR  OOOOOOOO ,빌가릭다 잇라에싲랄  000000
29,3,일상생활,"인사,소개",이분을 소개합니다.,TANISHING,타니싱
30,3,일상생활,"인사,소개",인사 나누세요,ASSALOMU ALAYKUM    ,앗소로무 아라에굼
31,3,일상생활,"인사,소개",일찍 주무세요,ERTAROQ UHLANG,엘타럭 웋랑
32,3,일상생활,"인사,소개",자기소개를 해보세요,OZIZNI TANISHTIRING,오싲니 타닛티링
33,3,일상생활,"인사,소개",잘 다녀오십시오. ,YAHSHI BORIB KELING,얗시 버립 게링
34,3,일상생활,"인사,소개",잘 부탁드립니다.,ILTIMOS,일티못
35,3,일상생활,"인사,소개",잘 부탁합니다. ,ILTIMOS QILAMAN,일티못 기라만
36,3,일상생활,"인사,소개",저는 ㅇㅇㅇ회사의 ㅇㅇㅇ입니다. ,MEN OOOOO  KORHONADA  OOOOO MAN,멘  00000000 골호나다  0000000만
37,3,일상생활,"인사,소개",전화해주세요 ,QONGIROQ QILING,곤키럭 기링
38,3,일상생활,"인사,소개",즐거운 주말 보내십시오 ,YAKSHANBANI YAHSHI OTKAZING,약산바니 얗시 옽가증
39,3,일상생활,"인사,소개",직장동료를 만나면 항상 인사를 하세요,BIRGA ISHLAYDIGON ISHCHILARGA  SALOM BERING,빌가 잇라에디곤랄가 사롬 베링
40,3,일상생활,"인사,소개",축하합니다.,TABRIKLAYMAN,탑릭리에만
41,3,일상생활,"인사,소개",친절하게 인사하세요,KORISHGANIMDAN HURSANDMAN,고릿가님단 훌산드만
42,3,일상생활,"인사,소개",편히 쉬십시오 ,INOQ BOLING,이넉 버링
43,3,일상생활,"인사,소개",화를 내서 미안합니다. ,JAHLIM CHIQDI   UZUR,챃림 직디 우술
44,3,일상생활,"날씨,여가",가을,KUZ,궂
45,3,일상생활,"날씨,여가",감기에 걸리지 않도록 유의하세요,SHOMOLLAB QOLISHDAN SAQLANING,소멀랍 고릿단 삭라닝
46,3,일상생활,"날씨,여가",겨울,QISH,깃
47,3,일상생활,"날씨,여가",날씨가 나쁩니다. ,HAVO YOMON,하버 여몬
48,3,일상생활,"날씨,여가",날씨가 더워요?,HAVO ISSIQ,하버 잇식
49,3,일상생활,"날씨,여가",날씨가 많이 쌀쌀해 졌어요.,SOVUQ KUNLAR OTIB KETTI,소북 군랄 어딥 겥티
50,3,일상생활,"날씨,여가",날씨가 좋네요,HAVO YAHSHI,하버 얗시
51,3,일상생활,"날씨,여가",날씨가 추워요?,HAVO SOVUQ,하버 소북
52,3,일상생활,"날씨,여가",내일은 공휴일이니 기숙사에서 쉬도록 해요,ERTAGA BAYRAM  YOTOQHONADA DAM OLINGLAR,엘타가  바에람  여턱호나다  담  오링랄
53,3,일상생활,"날씨,여가",눈이 옵니다. ,QOR YOGADI,골 여가디
54,3,일상생활,"날씨,여가",당신의 취미는 무엇입니까?,qizikkan ISHIZ NIMA?,기즉간 이신깆 니마
55,3,일상생활,"날씨,여가",동상에 걸리지 않도록 조심하세요,EHTIYOT BOLING  STATUYA BOLMASLIK UCHUN,엫디옅 보링 스타두야 볼맛릭 우준
56,3,일상생활,"날씨,여가",두꺼운 옷이 필요합니까 ?,QALIN  KIYIM KERAK BOLADI,가린 기에임 개락 보라디
57,3,일상생활,"날씨,여가",바람이 붑니다. ,SHOMOL ESYAPDI,사몰 애스얍디
58,3,일상생활,"날씨,여가",봄,BOHOR,보홀
59,3,일상생활,"날씨,여가",비가 옵니다 ,YOMGIR YOGYAPDI,엠길 여그얍디
60,3,일상생활,"날씨,여가",쉬는 날에는 주로 뭐해요?,DAM OLISH KUNI  NIMA BILAN SHUGULLANASIZ?,담 오릿 구니 니마 비란 수굴라나스즈
61,3,일상생활,"날씨,여가",쉬는날에 무엇을 하고 싶나요?,DAM OLISH KUNI NIMA QILISHNI HOHLAYSIZ?,담 군라리 니마 기릿니 홓라에스즈
62,3,일상생활,"날씨,여가","아침, 저녁으로 온도차이가 많이납니다.",,
63,3,일상생활,"날씨,여가",여름,YOZ,엦
64,3,일상생활,"날씨,여가",오늘은 공휴일입니다. ,BUGUN BAYRAM,부군 바애람
65,3,일상생활,"날씨,여가",옷을 따뜻하게 입으세요.,ISSIQ KIYIM KIYIB OLING,잇슥 기에임 기에입 오링
66,3,일상생활,"날씨,여가",운동을 좋아하십니까?,SPORTNI YAHSHI KORASIZMI?,스봁니 얗시 고라스즈미
67,3,일상생활,"날씨,여가",이번 주말에 등산하는건 어떻습니까?,BU HAFTA OHIRIDA TOQQA CHIQSAK QANDAY?,부 합타 오히리다 톡가 직삭 간다애
68,3,일상생활,"날씨,여가",이번 주말에는 쉬세요.,BU HAFTA OHIRIDA DAM OLING,부 합타 오흐리다 담 오링
69,3,일상생활,"날씨,여가",일요일에는 일이 없습니다.,YAKSHANBA KUNI ISH YOQ,약산바 군 잇 에옥
70,3,일상생활,"날씨,여가",좀 더 얇은 옷이 필요한가요 ?,SAL YUQAROQ KIYIM KERAKMI?,살 유고록 기에임 게락미
71,3,일상생활,"날씨,여가",주말에 뭐할꺼예요?,HAFTA OHIRIDA NIMA QILASIZ?,합타 오히리다 니마 기라스즈
72,3,일상생활,"날씨,여가",주말에 친구들과 여행을 하세요,HAFTA OHIRIDA DOSTLAR BILAN SAYOHAT QILING,합타 오히리다 더스드랄 비란 사여핟 그링
73,3,일상생활,"날씨,여가",주말에 OO를 구경시켜 드릴께요,HAFTA OHIRIDA SAYOHAT QILDIRAMAN,합타 오히리다  사여핱 길드라만
74,3,일상생활,"날씨,여가",주말에는 함께 교회에 가면 어때요?,HAFTA OHIRIDA MASJITGA BORSAK  QANDAY?,합타 오히리다 맛즏가 볼삭 간다에
75,3,일상생활,"날씨,여가",친구들하고 어디로 놀러가나요?,DOSTLARIZ BILAN QAYERGA AYLANGANI BORASIZ?,도스드라리미즈 비란  가엘가 아에란가니 보라미즈
76,3,일상생활,"날씨,여가",한국에서 가볼만한 산을 알려줄게요',KOREYADA TANIQLI TOGNI  BILDIRAMAN,고래아다 타늑리 톡니 빌디라만
77,3,일상생활,"날씨,여가",환절기입니다.,CHAP TOMONDA CHIZIQ BOR,잡 터먼다 지즈그 볼
78,3,일상생활,"시장,교통", 시내를 가려면  00번 버스(지하철)를 타야합니다.,SHAHARGA CHIQISH UCHUN 00000 RAQAMLI AVTOBUSGA CHIQILADI,사할가 치그스 우준 0000라감리 압더부스가 치그라디
79,3,일상생활,"시장,교통",가전제품,BUYURTMA MAHSULOT,부율드마  맣수러디
80,3,일상생활,"시장,교통",거리에 따라 버스요금이 다릅니다. ,SHAHARLAR ARO AVTOBUS BAHOSI BOSHQA,사할랄 아로  압도부스 바호스 보스가
81,3,일상생활,"시장,교통",거리에 따라 지하철요금이 다릅니다. ,SHAHARLAR ARO POEZD BAHOSI BOSHQA,사할랄 아로  보엦드 바호스 보스가
82,3,일상생활,"시장,교통",교통카드 충전은 ㅇㅇ에서 해요, AVTOBUS KARTAGA PUL SOLIB OLING,압더부스 갈타가 불 서립 오링
83,3,일상생활,"시장,교통",기차,POET,보옅
84,3,일상생활,"시장,교통",마트 ,DOKON,도곤
85,3,일상생활,"시장,교통",백화점 ,UNIVERMAG,우니벨막
86,3,일상생활,"시장,교통",버스 ,AVTOBUS,압도부스
87,3,일상생활,"시장,교통",버스요금은 ㅇㅇ원입니다. ,AVTOBUS KIRA   000000.,압도부스 기라 0000000
88,3,일상생활,"시장,교통",비쌉니다 ,QIMMAT,김맡
89,3,일상생활,"시장,교통",비행기표는 예매했어요?,SAMALET CHIPTASINI BUYURTMA QILDIZMI?,사마렽 칩다스니 부윭마 길드즈미
90,3,일상생활,"시장,교통",시내를 가려면 택시를 타야합니다.,SHAHARGA BORISH UCHUN TAKSI CHAQIRISH KERAK,사할가 보릿 우준  탁스 차그리시 개락
91,3,일상생활,"시장,교통",시내버스 ㅇㅇㅇ번을 타세요,SHAHAR AVTOBUS 0000 RAQAMLI SHUNGA CHIQING,사할 압도부스 0000 라감리 순가 지긍
92,3,일상생활,"시장,교통",시장 ,BOZOR,보졸
93,3,일상생활,"시장,교통",시장은 ㅇㅇ역에 있습니다. ,BOZOR   MANABU ERDA ,보졸 마나부 엘다
94,3,일상생활,"시장,교통",식료품,OZIQ OVQATLAR,오즈그 옵같랄
95,3,일상생활,"시장,교통",신용카드,KREDIT KARTASI,ㄱ래디트 갈다스
96,3,일상생활,"시장,교통",신호를 꼭 지키세요,CHORAHADAN OTISH  AMALGA ROYA QILING,촐라하단 오딧 아말가 로야 기링
97,3,일상생활,"시장,교통",쌉니다. ,ORZON,올손
98,3,일상생활,"시장,교통",ㅇㅇ역 ㅇ번 출구에 있습니다. ,…….BEKAT……….CHIQISHDA JOYLASHGAN,……베같………치그스다 초에랏간
99,3,일상생활,"시장,교통",ㅇㅇ역에서 ㅇ호선으로 갈아타세요,…….BEKATDA…YONALISHDA ALMASHING,……베같다 …….여나릿다 알마싱
100,3,일상생활,"시장,교통",어디로 가십니까 ?,QAYERGA KETYAPSIZ?,가엘가 게타얍스즈
101,3,일상생활,"시장,교통",어떻게 지불하시겠습니까 ?,QANDAY TO'LAYSIZ?,간다에 도라애스즈
102,3,일상생활,"시장,교통",여기서 가까운 지하철역은 ㅇㅇ 입니다,BU ERGA YAQINMETRO BEKATI….,부 엘가 야근 멭로 베가트
103,3,일상생활,"시장,교통",오른쪽,ONG TOMON,옹 도몬
104,3,일상생활,"시장,교통",왼쪽,CHAP TOMON,찹 도몬
105,3,일상생활,"시장,교통",은행 ,BANK,반그
106,3,일상생활,"시장,교통",이것은 ㅇㅇ원 입니다. ,BU NARHI 0000CHA,부 날흐 00000차
107,3,일상생활,"시장,교통",이것을 사고 싶습니까 ?,SHU NARSANI SOTIB OLISHNI HOHLAYSIZMI?,수날사니 소드브 오릿니 홓라에스즈미부 날사단 우족
108,3,일상생활,"시장,교통",이곳은 시내와 멀리 떨어져 있어요,BU SHAHARDAN UZOQ,부 사할단 우조그
109,3,일상생활,"시장,교통",이곳이 번화가입니다. ,BU JOY SHAHARNI ORTASIDA,부 조에 사할니 올다스다
110,3,일상생활,"시장,교통",일상용품,KUNDA KERAK BOLADIGON  NARSALAR,군다 게라그 보라디곤 날사랄
111,3,일상생활,"시장,교통",자동차가 매우 많습니다.,MOSHINAGA JUDA KOP,모시나가 주다 곱
112,3,일상생활,"시장,교통",지하철 ,METRO,메드로
113,3,일상생활,"시장,교통",지하철 0호선입니다.,METRONING…YO'NALISHI,메드로닝 …여나리시
114,3,일상생활,"시장,교통",지하철 탈수 있어요?,METRODA KETSAK BOLADIMI?,메드로다 겓삭 보라드미
115,3,일상생활,"시장,교통",출퇴근이 편리합니다.,KIRISH CHIQISH QULAY,기릿 지깃 가라에
116,3,일상생활,"시장,교통",택시 ,TAKSI,탁스
117,3,일상생활,"시장,교통",택시요금은 비싸니까 버스를 이용하세요,TAKSIDA KETISH QIMMATLIGI UCHUN AVTOBUSDAN FOYDALANING,닥스다 게딧 김맡리기 우준 압도부스단 보에다라닝
118,3,일상생활,"시장,교통",편의점은 저쪽에 있습니다.,RADAQSIYA XONA BU ERDA JOYLASHGAN,라닥시야 호나 부 엘다 초에랏간
119,3,일상생활,"시장,교통",필요한 물건이 무엇입니까 ?,NIMA KERAK BOLYAPDI?,니마 게락 볼얍드
120,3,일상생활,"시장,교통",현금 ,NAKD PUL,낙 불
121,3,일상생활,"시장,교통",회사에서 가까운 은행은 ㅇㅇ은행입니다.,FIRMAGA YAQIN BANK……. BANK,빌마가 야근 반그 …….반그
122,3,일상생활,"시장,교통",횡단보도를 건널때는 신호등을 잘 보세요.,KATTA YOLDAN KESIB OTAYOTGAN SVITAFORDA YAHSHILAB  QARANG,가타 열단 게스브  오타옅간  스비타볼다 얗시랍 가랑
123,3,일상생활,"시장,교통",휴대폰,QOL TELEFON,골 테레본
124,3,일상생활,"시장,교통",OO까지 버스요금이 얼마인가요?,………GACHA AVTOBUS HAQI  QANCHA,………가차 압도부스 날흐 간차
125,3,일상생활,"문화,관습",가족들에게 자주 연락하세요,UYDAGILAR BILAN TEZ TEZ HABARLASHIB TURING.,우에다기랄 비란 테즈 테즈 하발라십 두링
126,3,일상생활,"문화,관습",공공장소에서 떠들면 안되요,ASOSIY ZAVODDA SHOVQIN SOLISH MUMKIN EMAS.,아소시에 자볻다 솝근 소릿  뭄군 에마스
127,3,일상생활,"문화,관습",금식기간입니까 ?,OVQATLANISH MUMKIN BOLMAGAN VAQTMI?,옵같라닛 뭄군 볼마간 바그트미
128,3,일상생활,"문화,관습",기독교,KRISTIAN,ㄱ리스티안
129,3,일상생활,"문화,관습",당신의 나라에는 어떤 명절이 있습니까?,SIZNING VAQTINGIZDA QANDAY BAYRAMLAR BOR?,시즈닝 박팅깆다 간다에 바에람랄 보르
130,3,일상생활,"문화,관습",명절에는 부모님과 가족을 방문합니다.,BAYRAMLARDA OTA ONANG VA OILANGIZNI TAKLIF QILAMIZ,바에람랄다 오다 오낭 바 오이란기즈니 탁립 그라밎
131,3,일상생활,"문화,관습",문화적 차이가 있을수 있습니다.,ANANALARIMIZDA O'HSHASHLIK BORMIKAN,안아나라리미즈다 옿삿릭 볼미간
132,3,일상생활,"문화,관습",설날,YANGI YIL,얀기 에일
133,3,일상생활,"문화,관습",설날에는 떡국을 먹습니다.,YANGI YILDA TOKKUK YEYMIZ.,얀기 에일다 독국 에애미즈
134,3,일상생활,"문화,관습",양력,QUYOSH KALENDARI.,구엿 가렌다리
135,3,일상생활,"문화,관습",어떠한 언어를 사용하시나요?,QANDAY TILDAN FOYDALANASIZ?,간다에 딜다 보에다라나시즈
136,3,일상생활,"문화,관습",우리는 각 나라의 개인의 종교를 다 존중해요.,BIZ HAR BIR DAVLAT DININI HURMAT QILAMIZ,비즈 하르 비르 다비라드 디니니 훌마트 그라미즈
137,3,일상생활,"문화,관습",음력,OY QALENDARI,오에 가렌다리
138,3,일상생활,"문화,관습",음력 8월 15일은 추석입니다.,OY QALENDARI BOYICHA 15 AVGUST HOSIL BAYRAMI,오에 가렌다리 보에이차 15 압구스드 호슬 바에라므
139,3,일상생활,"문화,관습",이슬람교,ISLOM DINI,이스롬 디니
140,3,일상생활,"문화,관습",이슬람교도입니까 ? ,ISLOM MASJIDIMI?,이스롬  마스지드미
141,3,일상생활,"문화,관습",조상들께 제사도 지냅니다.,MEROSDAN JABIRLANGANLAR BOR ,메로스단 차빌란간랄 보르
142,3,일상생활,"문화,관습",종교가 무엇입니까?,DININGIZ NIMA,디닝기즈 니마
143,3,일상생활,"문화,관습",추석,XOSIL BAYRAMI,호스르 바에라미
144,3,일상생활,"문화,관습",추석에는 송편을 먹습니다.,XOSIL BAYRAMIDA SONGPYON YEYMIZ,호스르 바에라미가 송부엥 에애미즈
145,3,일상생활,"문화,관습",카톨릭,QATOLIQ DINI,가더릭 디니
146,3,일상생활,"문화,관습",한국사람은 손가락질 하는 것을 싫어합니다.,KOREISLAR BARMOQ BILAN ISHORA QILIB GAPIRISHNI YOQTIRMAYDI,고렛랄 발목 비란 가비리시니 역딜마에디
147,3,일상생활,"문화,관습",한국에 대해서 어떤 생각을 가지고 있나요?,KOREA HAQIDA QANDAY FIKIRDASIZ,고레아 하그다 간다에 비길다시즈
148,3,일상생활,"건강,병원",119는 응급할때 전화 하세요,119GA TEZ YORDAM KERAK BOLGANDA TELEFON QILING,119가 데즈 열담 게라그 볼간다 데레본 기링
149,3,일상생활,"건강,병원",가슴이 아프세요?,KOKRAGINGIZ OGRIYAPTIMI?,곡라긴기즈니 오그리얍디미
150,3,일상생활,"건강,병원",가장 가까운 병원은 ㅇㅇ병원입니다.,ENG YAKIN SHIFOHONA…….. SHIFOHONA.,엥 야긴 시보호나 ……..시보호나
151,3,일상생활,"건강,병원",감기에 걸렸어요?,SHAMOLLADIZMI?,사몰라디즈미
152,3,일상생활,"건강,병원",감기에 걸리지 않도록 조심하세요.,SHAMOLLAB QOLLISHDAN SAQLANING,사몰랍 고리스단 삭라닝
153,3,일상생활,"건강,병원",개인위생을 철저히 해야 아프지 않습니다.,SHAHSIYATINGIZNI NAZORAT QILSANGIZ KASALIKKA CHALINMAYSIZ ,싷시야딘기즈니 나조랃 길산기즈 가살릭가 자린마에디
154,3,일상생활,"건강,병원",건강검진,SOGLOMLIK  HOLATI,속롬릭 호라드
155,3,일상생활,"건강,병원",건강은 좀 어떠세요?,HOSH SOGLIGINGIZ QANDAY,홋 속리긴기즈 간다에
156,3,일상생활,"건강,병원",건강을 생각하세요,SOGLIGINGIZ OYLANG,속리기즈니 오에랑
157,3,일상생활,"건강,병원",건강이 무엇보다도 중요해요,SOGLIK HAMMA NARSADAN MUHIM,속릭 함마 날사단 무훔
158,3,일상생활,"건강,병원",과로입니다,MIQDORIDAN OSHGAN ISH,믹도리단 옷간 이스
159,3,일상생활,"건강,병원",규칙적으로 운동을 하세요,TOGRI SPORT BILAN SHUGULLANING,도그리 스보르트 비란 수굴라닝
160,3,일상생활,"건강,병원",기침을 하세요? ,YOTALYAPSIZMI?,여탈얍스즈미
161,3,일상생활,"건강,병원",내과,TERAPIYA,테라비야
162,3,일상생활,"건강,병원",다친 부위가 어디세요?,LAT EGAN JOYINGIZ QAYER?,랕 에간 초에인기즈 가에르
163,3,일상생활,"건강,병원",담배를 많이 피우면 건강에 해롭고  돈을 모을수 없습니다.,SIGARET KOP CHEKSANGIZ SOGLIKKA ZARAR VA PUL HAM YIGA OLMAYSIZ,스가레드 곱 착산기즈 속식 우준 자라르 바 불 함 에이가 일마에시즈
164,3,일상생활,"건강,병원",당신을 병원에 데려가겠습니다. ,SIZ SHIFO FONAGA QATNASHINGIZ KERAK,스즈 시보호나가 같나신기즈 게라그
165,3,일상생활,"건강,병원",등이 아프세요?,UMURTQANGIZ OGRIYAPTIMI?,우무르트간기즈 오그리얍드미
166,3,일상생활,"건강,병원",머리가  아프세요?,BOSHINGIZ OGRIYAPTIMI?,보신기즈  오그리얍드미
167,3,일상생활,"건강,병원",머리가 아플때는 두통약을 먹어요,BOSHINGIZ OGRISA ASPIRIN ICHING,보신기즈 옥라사 아스비린 이징
168,3,일상생활,"건강,병원",목이 부었나요?,BOYNINGIZ TORTISHIB QOLDIMI?,보에닝기즈 톨티시브  골디미
169,3,일상생활,"건강,병원",몸살에 걸렸나요 ?,SHOMOLLAB QOLDINGIZMI,사몰라브  골딘기즈미
170,3,일상생활,"건강,병원",무릎이 아프세요?,TIZZANGIZ OGRIYAPTIMI?,딪잔기즈 오그리얍드미
171,3,일상생활,"건강,병원",무리하지 마세요,KOP URINIB QOLMANG,곱  우리니브 골망
172,3,일상생활,"건강,병원",발가락이 아프세요? ,OYOQ BARMOQLARI OGRIYAPTIMI?,오역 발목라리  오그리얍드미
173,3,일상생활,"건강,병원",발이 아프세요?,OYOGINGIZ OGRIYAPTIMI,오여긴기즈 오그리얍드미
174,3,일상생활,"건강,병원",밤에 아플때는 000로 연락하세요,KECHASI OGRIB QOLSANGIZ….GA TELEFON QILING,게차스 오그리브 골산기즈 …..가 테레본 그링
175,3,일상생활,"건강,병원",배가  아프세요?,QORNIZ OGRIYAPTIMI?,골니즈 오그리얍드미
176,3,일상생활,"건강,병원",병원에 가야 할 시간입니다.,SHIFOHONAGA BORADIGON VAQT,시보호나가 보라디곤 바그트
177,3,일상생활,"건강,병원",병원에 같이가서 치료해 드릴께요,SHIFOHONAGA OLIB BORIB DAVOLATAMAN,시보호나가 오립 보립 다보라타만
178,3,일상생활,"건강,병원",비상약은 사무실에 있습니다.,……….DORI OFFISDA BOR,………..도리 오비스다 보르
179,3,일상생활,"건강,병원",산부인과,GINIKOLOGIYA,기니고로기야
180,3,일상생활,"건강,병원",소화가  안되세요?,XOJATGA BOROLMAYAPSIZMI?,호자트가 보라얼마얍스즈미
181,3,일상생활,"건강,병원",손가락이 아프세요?,QOL BARMOQLARIZ OGRIYAPTIMI?,골 발목라리즈 오그리얍드미
182,3,일상생활,"건강,병원",손목을 삐었나요?,BILAGIZ QAYRILIB QOLDIMI?,비라긴기즈 가에리립 골드므
183,3,일상생활,"건강,병원",손목이 아프세요?,BILAGIZ OGRIYAPTIMI?,비라긴기즈  오그리얍드미
184,3,일상생활,"건강,병원",손을 깨끗이 씻으세요,QOLINGGIZNI TOZALAB YURING,고링기즈니 토자랍 에우빙
185,3,일상생활,"건강,병원",수술 동의서가 필요합니다.,JARROHLIK KERAKMI?,잘롷릭 게락미
186,3,일상생활,"건강,병원",수술을 해야할것 같아요,OPERASIYA QILISH KERAKKA OHSHAYDI,오베라즈야 그리스 게락가  옿사에드
187,3,일상생활,"건강,병원",술을 많이 먹으면 건강에 해롭습니다.,KOP AROQ ICHSANGIZ SOGLIK UCHUN ZARAR,곱 아럭 이즈산기즈 속릭 우준 자라르
188,3,일상생활,"건강,병원",신종플루를 조심하세요,GRIPDAN SAQLANING,그릅단 삭라닝
189,3,일상생활,"건강,병원",아프면 관리자에게 반드시 이야기 하세요,OGRISANGIZ MASULGA AYTING,옥리산기즈  마술가 아에팅
190,3,일상생활,"건강,병원",아프면 병원에 가세요,OGRISANGIZ SHIFOXONAGA BORING,옥리산기즈  시보호나가  보링
191,3,일상생활,"건강,병원",안과,KOZ DOKTORI,고즈 독도리
192,3,일상생활,"건강,병원",약 드세요,DORI ISHING,더리 이층
193,3,일상생활,"건강,병원",약은 시간에 맞추어  복용해야 빨리 낫습니다.,DORINI VAQTIDA ICHSANGIZ TUZALIB QOLASIZ,더리니  바그트다 잋산기즈 두자립 고라시즈
194,3,일상생활,"건강,병원",약은 식사후 30분에  물과 함께 꼭 드세요,DORINI OVQATDAN SONG 30MINUTDAN OTIB SUV BILAN ISCHING,더리니 옵같단 송 30미눝단 오팁 숩 비란 이칭
195,3,일상생활,"건강,병원",약은 약국에서 사야해요,DORINI APTEQADAN SOTIB OLISH KERAK,더리니 압데가단 소딥 오릿 게락
196,3,일상생활,"건강,병원",어깨가 아프세요?,YELKANGIZ OGRIYAPTIMI?,엘간기즈 오그리얍디미
197,3,일상생활,"건강,병원",어디가 아픕니까?,QAYERINGIZ BEZOVTA QILYAPTI,가에린그즈  베조타 글얍드
198,3,일상생활,"건강,병원",얼굴이 창백해 보이네요,YUZINGIZ YAHSHI EMAS,유즌그즈 얗시 에마스
199,3,일상생활,"건강,병원",열이 있나요?,ISTIMA BORMI,이스드마 볼므
200,3,일상생활,"건강,병원",열이나면 푹 쉬어야 해요.,ISTIMANGIZ BOLSA YAHSHILAB DAM OLISH KERAK,이스드만그즈  볼사  얗시랍 담 오리스 게락
201,3,일상생활,"건강,병원",예방접종을 하세요.,ILTIMOS VAKTINASIYAGA KIRING,일디모스 박디나스가 기링
202,3,일상생활,"건강,병원",오늘부터 입원하셔야 합니다.,BUGUNDAN BOSHLAB SHIFOXONADA YOTISHIZ KERAK,부군단 봇랍 스보호나다 여디슨기즈 게라그
203,3,일상생활,"건강,병원",오늘부터 통원치료를 받아야 합니다.,BUGUNDAN BOSHLAB DAVOLANISHINGIZ KERAK,부군단 보스라브 다보라슨기즈 게라그
204,3,일상생활,"건강,병원",외과,XIRURGIYA,히룰기야
205,3,일상생활,"건강,병원",음주를 줄여주세요,AROQ ICHISHNI OZAYTIRING,아록 이치스니 오자에티린
206,3,일상생활,"건강,병원",의료보험에 가입하였으니 병원에 가더라도 치료비가 적게 나옵니다,Hayeoteuni  STRAHAVANIYA KOMPANIYASI  DAVOLANISHINGIZNI ORZON NARHDA QILIB BERADI.,스트로호바니야 곰바니야스 다보라니신기즈니 올존 그립 베라드
207,3,일상생활,"건강,병원",이 계좌로 입금해주세요,BUGUN HISOB RAQAMGA PUL OTKAZING,부군 히솝 라가미가 불 옽가증
208,3,일상생활,"건강,병원",이 병은 전염이 되니 조심하세요,BU KASALLIK CHALINISHDAN EXTIYOT BOLING,부 가살릭  차리니스단  엫티옅 보링
209,3,일상생활,"건강,병원",이 약은 삼일분입니다.,BU DORI  3 KUNLIK DORI,부 도리 3 군릭 더리
210,3,일상생활,"건강,병원",이곳에 싸인을 해주세요,BU ERGA IMZO CHEKING,부 엘가 임초 체깅
211,3,일상생활,"건강,병원",이비인후과,LOR,롤
212,3,일상생활,"건강,병원",임신했나요?,IKKIQATMISIZ?,익기같스즈
213,3,일상생활,"건강,병원",잠시만 가만히 있으세요,OZGINA TOHTAB TURING,오즈기나 텋탑 두링
214,3,일상생활,"건강,병원",잠시만 숨을 참아주세요,OZGINA NAFASIZNI USHLAB TURING,오즈기나 나바슨기즈니 우스랍 두링
215,3,일상생활,"건강,병원",잠잘때는 꼭 씻으세요,UHLAYOTGANDA ALBATTA QOLINGIZNI YUVING,웋라옅간단 알밭타 고린그즈니 유븡
216,3,일상생활,"건강,병원",장애가 있습니까?,KASALLIK BORMI?,가살릭 볼미
217,3,일상생활,"건강,병원",조금 아플수 있습니다.,OZGINA OGRIB TURIBDI,오즈기나 오기립 두립드
218,3,일상생활,"건강,병원",종아리가 아프세요?,BOGIM OGRIQLARI,보금 오그륵라리
219,3,일상생활,"건강,병원",종합검사를 받기를 권유합니다.,MASLAHAT BERAMIZ  DOKTOR KORIGIDAN OTISHINGIZNI,마스라핱 베라미즈 덕털 고리기단 어디슨기즈니
220,3,일상생활,"건강,병원",종합병원,KASALHONA,가살호나
221,3,일상생활,"건강,병원",컨디션은 어떠세요?,AHVOLINGIZ QANDAY?,이흐보린기즈 간다에
222,3,일상생활,"건강,병원",콧물이 흐르나요 ?,BURNINGGIZ OQYAPTIMI?,불닝기즈 어그얍디미
223,3,일상생활,"건강,병원",팔이 아프세요? ,QOLINGIZ OGRIYAPTIMI?,고린기즈 오그리얍드미
224,3,일상생활,"건강,병원",평소 지병이 있나요?,DOIMIY OGRIB TURADIGON KASALINGGIZ BORMI?,도이미에 오그리브 두라드간 가살리긴기즈 벌므
225,3,일상생활,"건강,병원",푹 주무셨나요?,YAHSHI UHLAYAPSIZMI?,얗시 웋라얍스즈미
226,3,일상생활,"건강,병원",피곤하십니까?,CHARCHADINGIZMI?,찰차딘기즈미
227,3,일상생활,"건강,병원",항상 건강에 조심하세요,DOIM SOGLIGINGIZNI EHTIYOT QILING,도임 속리긴기즈니 엫티여드 그링
228,3,일상생활,"건강,병원",허리가 아프세요?,BELINGIZ OGRIYAPTIMI?,베링그즈 옥리얍드미
229,3,일상생활,"건강,병원",허벅지가 아프세요?,KUYMICH OGRIYAPTIMI,구에미츠 오그리얍드미
230,3,일상생활,"건강,병원",휴식이 필요합니다.,DAM OLISHNI ISTAYSIZMI?,담 오릿니 이스타에스즈미
231,3,일상생활,"음식,식생활",계란,TUHUM,두훔
232,3,일상생활,"음식,식생활",골고루 드세요.,OVQATNI MEYORIDA EYNG,오브가트니 메여리다 엥
233,3,일상생활,"음식,식생활",과일을 드십시요,MEVALARDAN YENG,메바라리단 엥
234,3,일상생활,"음식,식생활",과일을 좋아하십니까?,MEVALARNI YAHSHI KORASIZMI?,메바랄니 얗시  고라시즈미
235,3,일상생활,"음식,식생활",국을 드시겠습니까?,SHORVA  ICHASIZMI?,솔바 이차시즈미
236,3,일상생활,"음식,식생활",김치 먹을 수 있어요?,KIMCHI EYA OLASIZMI?,김지 에야 오라시즈미
237,3,일상생활,"음식,식생활",달다,SHIRIN,시린
238,3,일상생활,"음식,식생활",당신은 무슨 음식을 좋아하십니까?,QANDAY OVQATLARNI YAHSHI KORASIZ?,간다에 옵같랄니 얗시 고라시즈
239,3,일상생활,"음식,식생활",돼지고기 먹습니까?,CHOCHQA GOSHTINI EYSIZMI?,촟가 곳트 에시즈미
240,3,일상생활,"음식,식생활",라면을 좋아하세요?,LAGMONNI YAHSHI KORASIZMI?,락몬니 얗시 고라시즈미
241,3,일상생활,"음식,식생활",막걸리,YESIZMI,에시즈미
242,3,일상생활,"음식,식생활",많이 드세요,KOP EYNG,곱 엥
243,3,일상생활,"음식,식생활",매운것도 잘 먹을 수 있어요?,ACHIQ HAM EYYA OLASIZMI?,이직 함 에야 오라시즈미
244,3,일상생활,"음식,식생활",맥주 한잔 할까요?,PIVA ICHASIZMI?,비바 이자스즈미
245,3,일상생활,"음식,식생활",맵다,ACHIQ  ,아즉
246,3,일상생활,"음식,식생활",먹고 싶은게 있으면 말씀하세요.,EYGIZ KELGAN NARSANI AYTING,에근기즈 겔간 날사니 아에팅
247,3,일상생활,"음식,식생활",무엇이 먹고 싶습니까 ?,NIMANI YEYISHNI HOHLAYSIZ,니마니 에이시니 홓라에시즈
248,3,일상생활,"음식,식생활",물 드세요 ,SUV ICHING,숩  이칭
249,3,일상생활,"음식,식생활",밥 많이 먹었어요?,KOP OVQAT YEDINGIZMI?,곱 옵가드 에든그즈미
250,3,일상생활,"음식,식생활",배가 고프신가요?,QORNINGIZ OCHDIMI?,골닝기즈 오즈드미
251,3,일상생활,"음식,식생활",소주를 좋아하세요?,AROQ YOQADIMI/,아록 여가드미
252,3,일상생활,"음식,식생활",쇠고기 먹습니까?,MOL GOSHTI YEYSIZMI?,몰 고스드 에시즈미 에시즈미
253,3,일상생활,"음식,식생활",수저가 여기에 있습니다.,KOSHIQ BU ERDA,고식 부 엘다
254,3,일상생활,"음식,식생활",식사 후 설거지를 깨끗하게 해주세요,OVQATDAN SONG IDISHLARNI YAHSHILAB YUVING,옵같단 송 이딧랄니 얗시랍 유빙
255,3,일상생활,"음식,식생활",식사는 제대로 해 먹고 있나요?,TOGRI OVQATLANYAPSIZMI/,톡리 옵갇란얍시즈미
256,3,일상생활,"음식,식생활",식사를 거르지 않도록 하세요,OVQATSIZ YURMASLIKKA HARAKAT QILING,옵같시즈 율마스릭가 하라같 그링
257,3,일상생활,"음식,식생활",식사를 더 하고 싶은 분은 말씀하세요 ,YANA OVQATLANMOQCHI BOLSANGIZ AYTING,야나 오같란목치 볼산그즈 아에팅
258,3,일상생활,"음식,식생활",싱겁다,SHOR ,솔바 이차시즈미
259,3,일상생활,"음식,식생활",쓰다,NORDON,놀던
260,3,일상생활,"음식,식생활",아주 잘 먹었습니다.,JUDA YAHSHI EDIM,주다 얗시 에딤
261,3,일상생활,"음식,식생활",아침 식사 하셨습니까?,NONUSHTA QILDINGIZMI,노눗타 길디즈미
262,3,일상생활,"음식,식생활",양이 부족합니까 ?,TUPPASI YETARLI EMASMI,툽바스 에탈리 에마스
263,3,일상생활,"음식,식생활",어떤 반찬을 좋아하십니까?,QANAQA SALATLARNI YOQTIRASIZ,가나가 사랕랄니 엑트라시즈
264,3,일상생활,"음식,식생활",어떤 요리를 잘하시나요 ?,QANDAY OVQATNI YAHSHI TAYORLAYSIZ,간다에 옵같니 얗시 타열라에시즈
265,3,일상생활,"음식,식생활",여러분 스스로 음식을 해드십시오. ,HAR KIMGA MAKUL KELADIGON OVQAT QILIB BERAMAN,할 김가 마굴 게라디곤 오같니 기립 베라만
266,3,일상생활,"음식,식생활",오늘 반찬은 ~~ 입니다.,BUGUN…. SALAT TURI,부군 ………사랕 투리
267,3,일상생활,"음식,식생활",요리할줄 아시나요 ?,OSHPAZLIK QILA OLASIZMI,옷바즈릭 기라 오라시즈미
268,3,일상생활,"음식,식생활",우리 오늘 저녁 외식하는게 어때요?,BUGUN TASHQARIDA OVQATLANSAK QANDAY,부군 탓가리다 오같란삭 간다에
269,3,일상생활,"음식,식생활",음식을 남기면 안됩니다. ,OVQATNI QOLDIRMANGLAR,오같니 골들망랄
270,3,일상생활,"음식,식생활",이 음식이 몸에 좋아요,BU OVQAT ORGANIZM UCHUN FOYDA,부 오같 오가니즘 우춘 보에다
271,3,일상생활,"음식,식생활",전통음식입니다.,MILLYI TAOM,밀리에 타옴
272,3,일상생활,"음식,식생활",점심 같이 먹어요.,TUSHLIKNI BIRGA QILAMIZ,툿릭니 빌가 기라미즈
273,3,일상생활,"음식,식생활",제가 맛있는거 해드릴께요.,MEN SHIRIN OVQAT QILIB BERAMAN,멘 시린 옵같 기립 베라만
274,3,일상생활,"음식,식생활",좋아하는 음식이 있어요?,YOQTIRGAN OVQATINGIZ NIMA,역틸간 오가틴기즈 니마
275,3,일상생활,"음식,식생활",짜다,SHOR,솔  
276,3,일상생활,"음식,식생활",한국 음식 중 좋아하는 것이 있습니까 ?,KOREA OVQATLARI ORASIDA YOQTIRGANINGGIZ QAYSI,고레아 옵같라리 오라시다 역틸가니즈 가에스
277,3,일상생활,"은행,송금",가까운 은행 통장으로 새로 만듭시다.,YAQINROQ BANKDAN BANK DAFTARCHASI TAYYORLAYMIZ,야근록 반그단  반그 답탈차시니 타열라에시즈
278,3,일상생활,"은행,송금",같이 은행에 갑시다.,BIRGA BANKGA KETTIK,빌가 반ㄱ가 겥틱
279,3,일상생활,"은행,송금",교육장에서 만든 통장이 있으면 저에게 보여주세요.,OQISH JOYIDA TAYYORLANGANDAN BANK DAFTARCHASI BOLSA KORSATING,어깃 저이다 타열란간 반그 답탈차스 볼사 골사탕
280,3,일상생활,"은행,송금",다른 외국인근로자에게 송금을 부탁하지 마세요 ,BEGONA ISHCHILARGA PUL OTKAZIB BERMANG,베고나 잇치랄가 불  옽가즈브 벨망
281,3,일상생활,"은행,송금",도박장 출입하면 월급 하루에 다 날립니다. ,KAZENOGA KIRISHDA BIR MARTA OTILADI,가스노가 기릿다 빌 말타 오티라드
282,3,일상생활,"은행,송금",돈을 낭비하지 마십시오. ,PULIZNI BEHUDAGA ISHLATMANG,부링기즈니 베후다가 잇랕망
283,3,일상생활,"은행,송금",돈을 전부 본국으로 송금하지 마세요 ,PULNI BUTUNLAY BOSHQA DAVLATDA JONATMANG,불니 부툰라에 벗가 답랕가 초낱망
284,3,일상생활,"은행,송금",돈을 펑펑 쓰지 마세요,PULNI BEKORGA SARIFLAMANG,불니 베골가 사립 길낭
285,3,일상생활,"은행,송금","본국에 송금하려면 은행코드, 받는 사람 및 주소를 정확히 알려주셔야 합니다.",BANKDA SIZGA KOD RAQAM BERADI SIZ UNU MANSILINI TOGRI BERING,반그다 시즈가 곧 라감 베리라디 시즈 우니 만즈리니 터그리 베링
286,3,일상생활,"은행,송금",본인 생활비를 고려해서 송금하세요.,SHU KUNLIK SARF XARAJATLARGA PUL OLIB QOLGANINI JONATING,수 군릭 사립 하라잩랄가 불 오립 골가니니 초나팅
287,3,일상생활,"은행,송금",비밀번호는 무엇입니까?,MAHPIY RAQAMI NECHA,맣비 라가미 네지
288,3,일상생활,"은행,송금",송금 수수료가 ㅇㅇ원 입니다. ,"JONATGAN PUL , TARTIBBI RAQAMI BILAN …..WON","저낱간 불 , 탈팁 라가미 비란 ……본"
289,3,일상생활,"은행,송금",송금수수료가 비싸요,PUL JONATISH HAQQI QIMMAT,부 조나티스 학그 김마트
290,3,일상생활,"은행,송금",수수료는 ㅇㅇ 입니다.,JONATISH HAQQI …..WON,조나티스 학그 ……원
291,3,일상생활,"은행,송금",얼마를 송금할거예요 ?,QANCHA PUL JONATASIZ,간자 불 조나타시즈
292,3,일상생활,"은행,송금",열심히 힘들게 일해서 번 돈 귀하게 쓰세요. ,QATTIYAT BILAN ISHLAB TOPGAN PULINGIZNI AVAYLAB ISHLANG.,같티얕 비란 이시랍 텁간 부링기즈니 압아아랍 앗라팅
293,3,일상생활,"은행,송금",월급 본국 송금을 사장님이 대신해 주시길 원하세요?,PULNI BOSHLIKNI NOMIDAN OTKAZMOKCHIMISIZ?,불니 보스릭니 노미단 옽가즈목치미즈
294,3,일상생활,"은행,송금",월급날 술마시고 유흥업소에 가지 마세요,"OYLIK KUNI AROQ ISHIB, CHAYIB CHIQIB KETMANG",어에릭 구니 아록 이집  차에입 치깁 게티망
295,3,일상생활,"은행,송금",은행업무를 가르쳐 줄게요.,BANK VARAQASINI TUSHUNTIRIB BERAMAN ,반그 바라가시니 투순티립 베라만
296,3,일상생활,"은행,송금",은행에 계좌를 개설하세요.,BANKKA HISOZB RAQAMI………..,반가 히섭 라가미
297,3,일상생활,"은행,송금",은행에서 돈 찾을 수 있나요?,BANKDA PUL ALMASHTIRA OLASIZMI,반ㄱ다 불 알마시티라 어라시즈미
298,3,일상생활,"은행,송금",은행에서는 먼저 번호표를 뽑으세요,BANKDA BIRINCHI RAQAMLAR JADVALINI TOLDIRING,반그다 비린치 라감랄 잗바리니 털디링
299,3,일상생활,"은행,송금",이 서류를 작성하세요 ,BU HUJJATGA YOZIB TOLDIRING ,부 후잩가 여즙 덜디링
300,3,일상생활,"은행,송금",이 은행은 여기서 너무 멀리 있습니다.,BU BAND BU YERGA JUDA UZOQ,부 반그 부 엘가 주다 우조그
301,3,일상생활,"은행,송금",이 통장으로 월급을 송금해 줄게요.,BU HISOB RAQAMGA PULNI OTKAZING,부 히섭 라가미가 불니 옽가증
302,3,일상생활,"은행,송금",인터넷뱅킹은 수수료가 더 쌉니다.,INTERNET TUSHURISH HAQQI YANAHAM QIMMAT,인델네드 두수릿 헉기 야나함 김마드
303,3,일상생활,"은행,송금",자동이체로 하겠습니다.,AVTOMATICHESKIY QILIB BERAMAN ,압더마디젯기에 기립 베라만
304,3,일상생활,"은행,송금",저축을 하세요 ,ILTIMOS SAQLAB QOYING,일디머스 삭랍 고에잉
305,3,일상생활,"은행,송금",절약해야합니다.,IQTISOD QILISH KERAK,익트서드 그리시 게라그
306,3,일상생활,"은행,송금",통장 계좌번호를 알고 싶습니다.,HISOB RAQAMINGIZNI BILGIM KELYAPTI,히섭 라가민기즈니 빌김 게라얍드
307,3,일상생활,"은행,송금",현금은 분실할 위험이 있습니다.,NAQT PULNI YOQOLIB QOLISH EHTIMOLI BOR,나그드 부리 여거립 고리시 엫드모리 볼
308,3,일상생활,"은행,송금",현금을 가지고있으면 소비하기 쉽습니다.,NAQT PULNI KILIB YURSANGIZ ISHLATGANI OSON,나그드 불니 그리브 율산그즈 이시랕가니 오소니
309,3,일상생활,"은행,송금",현금을 찾기가 불편하니 카드를 신청하세요,NAQT PULNI CHIQARISH QIYIN BOLSA QARTOCHQADAN FOYDALANING,나그드 불니 지가리스 그에인 봀 갈덫가단 보에다라닝
310,3,일상생활,기타,10월,OKTYABR,옥턉르
311,3,일상생활,기타,11월,NOYABR,노야브르
312,3,일상생활,기타,12월,DEKABR,데갑르
313,3,일상생활,기타,1월,YANVAR,얀바르
314,3,일상생활,기타,2월,FEVRAL,베브라르
315,3,일상생활,기타,3월,MART,말트
316,3,일상생활,기타,4월,APREL,압레르
317,3,일상생활,기타,5월,MAY,마에
318,3,일상생활,기타,6월,IUN,이유느
319,3,일상생활,기타,7월,IUL,이유르
320,3,일상생활,기타,8월,AVGUST,아부구스트
321,3,일상생활,기타,9월,SENTYABR,센트야브르
322,3,일상생활,기타,가족과 상의해 보셨나요?,OYILANGIZ BILAN BOGLANIB KORDINGIZMI,오이란기즈 비란  보그라닙 골딘기즈미
323,3,일상생활,기타,가족들에게 줄 선물은 많이 샀나요.,OYILANGIZ UCHUN KOP SOVGALAR OLDINGIZMI,오이란기즈 우준 곱 섭가랄 얼딘기즈미
324,3,일상생활,기타,가족은 몇 명입니까 ?,OYILANGIZDA NECHA KISHI BOR,오이란기즈다 네차 기시 볼
325,3,일상생활,기타,각서를 쓰세요,TILXAT YOZING,딜하드 여승
326,3,일상생활,기타,개인 소지품을 잘 관리하세요 ,SHAHSIY NARSALARINGIZNI EHTIYOT QILING,샇시에 날사라링기즈니 엫디여드 그링
327,3,일상생활,기타,개인사정으로 본국에 돌아가고 싶습니까 ?,OZ HOHSHINGIZ BILAN VATANGA QAYTASIZMI,어즈 홓싱기즈 비란 바탄가 가에타시즈미
328,3,일상생활,기타,걱정하지 마세요,HAVOTIRLANMANG,하버들랑망
329,3,일상생활,기타,결정하셨습니까?,QATTIY QAROR QILDINGIZMI,같티에 가로르 길든기즈미
330,3,일상생활,기타,결혼했습니까 ?,QILASIZMI,그라시즈미
331,3,일상생활,기타,경치가 아름답습니다.,TABIAT GOZAL,타비앝 구잘
332,3,일상생활,기타,고국에 돌아가면 편지하세요 ,QAYTIB KETSANGIZ HAT YOZING,가에디브 겥산기즈 핱 여증
333,3,일상생활,기타,고장이 나면 A/S 를 부르시면 됩니다.,BUZILIB QOLSA A/S CHAQIRING,부즈립 골사  A/S  차그링
334,3,일상생활,기타,고향에 가면 이제 무엇을 할 건가요?,YURTIZGA QAYTIB NIMA ISH QILMOQCHISIZ?,율드즈가 가에티브 니마 잇 길목치시즈
335,3,일상생활,기타,공장에 같이 일하는 친구들은 몇 명이에요?,BIRGA ISHLAYDIGON DOSTLARIZ NECHI KISHIDAN IBORAT?,빌가  이스라여트간 더스디라리미즈 네자 기시단 이보라트
336,3,일상생활,기타,과음해서는 안됩니다. ,KOP ICHMANG,곱 이치망
337,3,일상생활,기타,괜찮아요,HECHKISI YOQ,헻그스 여그
338,3,일상생활,기타,국제운전면허증이 있나요?,HALQARO PRAVANGIZ BORMI?,할가로 브라반기즈 보르미
339,3,일상생활,기타,국제통화를 자주하면 요금이 많이 나와요,HALQARO QONGIROQ QILGANIZDA QIMMAT EMASMI?,할가로 곤그로그 길가니즈다 금마트 에마스미
340,3,일상생활,기타,궁금한점이 무엇입니까?,SHUBHALANGANIZ NIMADAN?,수브하란가니즈 니마단
341,3,일상생활,기타,그래요. 무슨일인가요?,SHUNAQAMI  NIMA ISHIZ BOR?,수나가미 니마 이시즈 버리
342,3,일상생활,기타,글쎄요,SHUNDAYMI,슨다에미
343,3,일상생활,기타,금요일,JUMA,주마
344,3,일상생활,기타,기분이 좋아졌습니까?,KAYFIYATINGIZ YAHSHIMI?,가에비야딘기즈 얗시미
345,3,일상생활,기타,기술이 있으십니까?,KASBINGIZ NIMA?,가스빈기즈 니마
346,3,일상생활,기타,기억하세요,ESLAY OLASIZMI?,에스라에 어리시즈미
347,3,일상생활,기타,나는 그것을 모릅니다.,MEN UNI BILMAYMAN,멘 우니 빌마에마느
348,3,일상생활,기타,나는 당신때문에 화났습니다. ,MEN SIZZMI DEB JAHLIM CHIQDI.,멘 시즈니 데브  자흐림 지크디
349,3,일상생활,기타,나는 화가 났습니다.,MEN JAHLIMDAN TUSHDIM,멘 잫림단 둣듬
350,3,일상생활,기타,나에게 말을 해 주세요.,MENGA GAPIZNI AYTING,멘가 가비즈니 아에등
351,3,일상생활,기타,나이가 어떻게 됩니까?,YOSHIZ NECHIDA?,여신그즈 네차다
352,3,일상생활,기타,내가 그것을 주겠습니다.,MENGA ANABU NARSANI BERIB YUBOROLASIZMI?,멘가 아나부 날사니 베리브 유보로라시즈미
353,3,일상생활,기타,내리십시오,TUSHUNG,두싱
354,3,일상생활,기타,내일은 일찍 일어나야 합니다.,ERTAGA ERTAROQ TURING,엘타가  엘타록 두링
355,3,일상생활,기타,내일을 생각하세요,ERTAGA OYLAB KORING,엘타가 오에라브 고링
356,3,일상생활,기타,너무 늦게 다니지 마세요.,JUDA KECHGA QOLIB YURMANG,주타 게즈가 고리브 율망
357,3,일상생활,기타,넷 4,TORT,터르트
358,3,일상생활,기타,누가 당신에게 욕을 했습니까 ?,KIM SIZNI URUSHTI?,김 시즈니 우루시드
359,3,일상생활,기타,누가 당신을 때렸습니까 ?,KIM SIZNI URDI?,김 시즈니 울드
360,3,일상생활,기타,누구와 함께 사세요?,KIM BILAN BIRGA YASHAYSIZ,김 비란 빌가 야사에시즈
361,3,일상생활,기타,누구한테서 편지를 받았습니까?,KIMDAN HAT OLDINGIZ?,김단 하트 올딘기즈
362,3,일상생활,기타,누나 ,OPA,오바
363,3,일상생활,기타,눈치껏 잘 하십시요.,KOZ BILAN YAHSHILAB CHAMALANG,고즈 바란 얗시라브 자마랑
364,3,일상생활,기타,다섯 5,BESH,베스
365,3,일상생활,기타,다음 날을 위해 술을 조금만 드세요 ,KEYIN KUN AROQ KAMROQ ICHING,게인 군 아로그 감로그 이징
366,3,일상생활,기타,다음에 다시 말해주세요,KEYIN YANA AYTIB BERASIZ,게인 야나 아에티브 베라시즈
367,3,일상생활,기타,다음은 당신 차례입니다,KEYINGI SIZNI NAVBATINGIZ,게인 시즈니 납바딘기즈
368,3,일상생활,기타,담배는 흡연실에서 피우세요,SIGARETNI CHEKISH MAHSUS JOYGA CHIQIB CHEKING,시가레타니 맣수스 조이다 지그브 제깅
369,3,일상생활,기타,당신 전공은 무엇인가요?,SIZNI MUTAHHASISINGIZ NIMA,시즈니 무타하시즈리기즈 니마
370,3,일상생활,기타,당신 전공은 무엇인가요?,SIZNI MUHIM NARSANGIZ NIMA?,시즈니 무훔 날산기즈 니마
371,3,일상생활,기타,당신과 이야기하고 싶습니다. ,SIZ BILAN SUHBATLASHGIM KELYAPTI,시즈 비란 숳밭랏김 게리얍트
372,3,일상생활,기타,당신에게 전화가 왔습니다.,QONGIROQ KELDI SIZGA,곤크로그 겔디 시즈가
373,3,일상생활,기타,당신은 부지런합니다. ,SIZ MEHRIBONSIZ,시즈 멯리본시즈
374,3,일상생활,기타,당신은 예쁩니다 ,CHIROYLIK EKANSIZ,지로에릭 에간시즈
375,3,일상생활,기타,당신은 이일을 이해했습니까?,SHU ISHNI QIL DEB AYTINGIZMI?,수 이스니 글 데브 이에틴기즈미
376,3,일상생활,기타,당신은 참 잘생겼네요,CHIROYLIK EKANSIZ,지로에리 에간시즈
377,3,일상생활,기타,당신은 참 좋은 사람입니다 ,YAHSHI INSON EKANSIZ,얗시 인손 에간시즈
378,3,일상생활,기타,당신은 화가 났습니까?,JAHLINGIZ CHIQDIMI?,챃린기즈 직디미
379,3,일상생활,기타,당신을 위한겁니다.,SIZNI DEB……,시즈니 뎁……
380,3,일상생활,기타,당신의 꿈은 무엇인가요?,SIZNING ORZUYINGIZ NIMA,시즈니 올주인기즈 니마
381,3,일상생활,기타,당신의 전화번호와 주소를 알려주시겠습니까?,TELEFON RAKAMIZ BILAN MANZILINGIZNI BERING,테레본 라가민ㄴ기즈 비란 만지린기즈니 베링
382,3,일상생활,기타,당신이 원한다면 본국으로 돌아갈 수 있습니다. ,SIZ HOHLASANGIZ ,시즈 홓라산기즈
383,3,일상생활,기타,더 열심히 연습하세요.,YANA GAYRATIZ BILAN ISHLANG,야나 카에라디즈 ㅂ비란 이스랑
384,3,일상생활,기타,도박은 하면 안됩니다.,SIZ CHAQIMCHILIK QILMANG,시즈 자큼지맄 길망
385,3,일상생활,기타,도와드릴 일이 있나요 ?,BIRON NARSA QILIB BERA OLAMANMI?,비론 날사 그리브 베라 오라시즈미
386,3,일상생활,기타,도움을 받을만한 친구가 있습니까?,YORDAM BERADIGON DOSTINGIZ BORMI?,열담 베라드곤 도스딘기즈 볼미
387,3,일상생활,기타,도움이 필요하다면 아무 때나 전화하세요.,QACHON KERAK BOLDANDA QONGIROQ KILING.,가존 게라그 볼간ㄷ 곤그로그 기링
388,3,일상생활,기타,도움이 필요하면 언제든 연락해주세요,KACHON KERAK BOLGANDA HABAR BERING,간자 게라그 볼간다 하바르 베링
389,3,일상생활,기타,동료들 지내는 건 괜찮습니까?,YASHAYDIGAN JOY YAHSHIMI,야사에디곤 조에 얗시미
390,3,일상생활,기타,동생,UKA,우가
391,3,일상생활,기타,동요하지 마십시요.,JAHLINI CHIQARMANG,챃림니 지갈망
392,3,일상생활,기타,동행 해 주세요,BELGILAB BERING,벨기라브 베링
393,3,일상생활,기타,둘 2,IKKI,익기같스즈
394,3,일상생활,기타,뒤로 가십시요.,ORQAGA YURING,올가가 유링
395,3,일상생활,기타,딸인가요?,QIZINGIZMI,기즌기즈미
396,3,일상생활,기타,떠날 준비는 다 됐어요?,JONASH TAYORGARLIGINI QILIB BOLDIZMI,조나스 타열갈리기 그리브 볼디즈미
397,3,일상생활,기타,똑같아요,BIR HIL,빌 힐
398,3,일상생활,기타,마음이 불편합니까?,QALBINGIZGA OGIR BOTTIMI,갈빈기스가 오그리 봍티미
399,3,일상생활,기타,만 10000,ON MING,온 밍
400,3,일상생활,기타,메모해 두세요,REJALASHTIRIB BERING,레자라스트리브 베링
401,3,일상생활,기타,몇 시에 도착합니까?,SOAT NECHADA ETIB KELASIZ,소아트 네자다 에디브 게라시즈
402,3,일상생활,기타,몇시에 일어나십니까?,SOAT NECHIDA UYGONASIZ,소아트 네자다 우에고나시즈
403,3,일상생활,기타,모르면 모른다고 해주세요.,BILMASANGIZ BILMAYMAN DEB AYTING,빌마산기즈 빌마에만 뎁 아에딩
404,3,일상생활,기타,목요일,PAYSHANBA,바에산바
405,3,일상생활,기타,무슨 말인지 못 알아듣겠어요,NIMA DEYOTGANINGIZNI TUSHUNMAYAPMAN,니마 데가니즈니 투순마얍만
406,3,일상생활,기타,문을 닫아주세요,ESHIKNI YOPING,에식니 여빙
407,3,일상생활,기타,문을 열어주세요,ESHIKNI OCHING,에식니 오징
408,3,일상생활,기타,물을 한잔 주세요.,BIR STAQAN SUV BERING,빌 스타간 수브 베링
409,3,일상생활,기타,미리 표를 사야합니다.,OLDINDAN CHIPTANI SOTIB OLISH KERAK,올딘단 칩다니 소딥 오리스 게라그
410,3,일상생활,기타,미혼입니까 ?,BOYDOQMISIZ,버에독미시즈
411,3,일상생활,기타,밤,KECHKURUN,겢구룬
412,3,일상생활,기타,배를 타면 멀미를 할 수도 있습니다.,Seasick GA QAYIQDA BORSA BOLADI,Seasick 가 가에익다 벌사 보라드
413,3,일상생활,기타,백 100,YUZ,유즈
414,3,일상생활,기타,부모님과는 서로 연락을 하십니까?,OTA ONANGIZ BILAN OZARO ALOQAGA CHIQIB TURIBSIZMI,오타 오낭기즈 비란 오자로 아로가가 지기브 두립시즈미
415,3,일상생활,기타,부모님께 어떤 선물을 하고 싶으세요?,OTA ONAGIZGA QANDAY SOVGA HOHLAYSIZ,오타 오낭기즈가 간다에 소브가 호흐라에시즈
416,3,일상생활,기타,부모님은 건강하신가요?,OTA ONANGIZ SOG SALOMATMI,오타 오낭기즈 속 사러마트미
417,3,일상생활,기타,부모님은 무슨 일을 하시나요?,OTA ONANGIZ NIMA ISH QILADI,오타 오낭기즈 니마 이스 그라드
418,3,일상생활,기타,불법체류자들과 어울려서는 안됩니다. ,NOQONUNIY ISHCHILAR BILAN MOS KELSANGIZ BOLMAYDIMI,노고누니에 이지랄 비란 모스 겔산기즈 볼마에드
419,3,일상생활,기타,불법체류자로부터 접촉이 있으면 OO로 신고하세요,NOQONUNIY ISHCHILAR BOLSA ……….RAQAMGA HABAR BERING,노고누니에 잇지랄 벌사…..라가미가 하바르 베깅
420,3,일상생활,기타,불편한 점이 있다면 말씀해보세요. ,BEZOVTA HOLAT BOLSA AGAR AYTING,베좁타 호라트 볼사 아가르 아에팅
421,3,일상생활,기타,빨리,TEZ,데즈
422,3,일상생활,기타,사람들이 많고 매우 복잡합니다.,ODAMLAR KOP  JUDAHAM TIR BAND,오담랄 곱 주다함  딜  반드
423,3,일상생활,기타,사장님과 같이 가길 원하세요?,BOSHLIQ BILAN BIRGA KETISHNI HOHLAYMAN,보시가 비란 게티시니 홓라에만
424,3,일상생활,기타,상관없습니다.,FARQI YOQ,발그 에어그
425,3,일상생활,기타,서로 사이좋게 지내세요,BIR BIRINGIZ BILAN OZARO YAHSHI BOLINGIZ,빌 비린기즈 비란 어자로 얗시 버링
426,3,일상생활,기타,설명을 이해하셨습니까?,TUSHUNTIRISHLARNI ANGLAYAPSIZMI,두순디릿랄니 앙라얍시즈미
427,3,일상생활,기타,셋 3,UCH,우즈
428,3,일상생활,기타,수요일,CHORSHANBA,졸산바
429,3,일상생활,기타,술집에 가지 마십시오. ,ISHRAT HONAGA BORMANG,이시라드 호나가 버리망
430,3,일상생활,기타,쉽게 스트레스를 받습니다.,OSONGINA STRESGA YOLIQDIM,오손기나 스트레스가 여릭틈
431,3,일상생활,기타,스트레스를 많이 받으셨나요?,KOP STRES OLDINGIZMI,곱 스트레스 올딘기즈미
432,3,일상생활,기타,시간을 두고 기다려보세요.,VAQTNI AYTMAY KUTUB TURING,바그트니 아에트마에 구투브 두링
433,3,일상생활,기타,시간이 있으십니까?,VAQTINGIZ BORMI,바느틴기즈 볼미
434,3,일상생활,기타,시간있으면 ㅇㅇ 으로 오세요,VAQTINGIZ BOLSA…..GA KELING,바그틴기즈 볼사 ………가 게링
435,3,일상생활,기타,시험 준비를 하세요 ,IMTIHONGA TAYORGARLIK KORING,임티혼가 타열갈릭 고링
436,3,일상생활,기타,심심하십니까?,ZERIKDINGIZMI,제릭튼기즈미
437,3,일상생활,기타,ㅇㅇ 앞에서 만나기로 해요,………….ROPARASIDA  UCHRASHADIGON BOLDIK,……….로바라시다 우지라사디곤 볼디그
438,3,일상생활,기타,아기가 참 귀엽네요,BOLA JUDAHAM YOQIMLI,보라 주다 함 여금리
439,3,일상생활,기타,아들인가요?,OGLINGIZMI,옥신기즈미
440,3,일상생활,기타,아래에 있습니다.,YUQORIDA TURIBDI,유고리다 두룹드
441,3,일상생활,기타,아무것도 아니예요,HECH NARSA EMAS,해즈 낤 에마스
442,3,일상생활,기타,아버지,OTA,오타
443,3,일상생활,기타,아이가 있습니까?,FARZANDINGIZ BORMI,발잔딩기즈 벌미
444,3,일상생활,기타,아이가 자고 있으니 조용히 해주세요,BOLA UHLAYAPTI JIMLIKNI SAQLANG,보라 우흐라얍드 침릭 삭랑
445,3,일상생활,기타,아직 연락 하지 못했습니다.,HALI BOGLANA OLMADIM,하리 버그라나 올마드므
446,3,일상생활,기타,아홉 9,TOQQIZ,독그즈
447,3,일상생활,기타,앉으세요.,OTIRING ,오티링
448,3,일상생활,기타,앞으로 가십시요.,OLDINGA QARAB YURING,올딘가 가라브 유링
449,3,일상생활,기타,약속을 하셨습니까?,VADALASHTIZMI,바다랏디즈미
450,3,일상생활,기타,약속이 몇시입니까?,UCHRASHUVINGIZ SOAT NECHIDA,우치라수빈기즈 소아드 네차다
451,3,일상생활,기타,어느것이 가장 좋아요?,QAYER ENG YAHSHI,카에르 엥 얗시
452,3,일상생활,기타,어떤 문제인지 말씀해보세요. ,QANDAY MUAMMOLIGINI AYTING,칸다에 무아모리기니 아에딩
453,3,일상생활,기타,어머니,ONA,오나
454,3,일상생활,기타,언니,OPA,오바
455,3,일상생활,기타,언어통역이 필요합니다,TARJIMA QILISH KERAK,탈지마 크리시 게라그
456,3,일상생활,기타,언제 출발하세요?,QACHON JONAB KETASIZ,가존 조나스 게라크  
457,3,일상생활,기타,언제 한국에 왔어요?,QACHON KOREAGA KELASIZ,가존 고레아가 게라시즈
458,3,일상생활,기타,여권과 외국인등록증을 분실하지 않도록 잘 보관하세요,PASPORT VA SHAHS QARTOCHQASINI EXTIYOT QILING,바스버르트 바 시흐스 갈텆가스니  에흐티여트 기링
459,3,일상생활,기타,여권을 다른 사람에게 맡기면 안됩니다. ,PASPORTNI BOSHQA ODAMLARGA ISHONIB TOPSHIRMANG,바스보르트니  버시가 오담랄가 이소니브 텁실망
460,3,일상생활,기타,여기에 타십시오.,BU ERGA CHIQING,부 엘가 치깅
461,3,일상생활,기타,여덟 8,SAKKIZ,삭기즈
462,3,일상생활,기타,여러분이 한국에 오신 목적은 무엇인가요?,BARCHANGIZNI KOREAGA KELISHDAN MANSADINGIZ NIMA,발찬기즈니 고레야가 게리시즈단  막사틴기즈 니마
463,3,일상생활,기타,여섯 6,OLTI,올티
464,3,일상생활,기타,연락 하셨습니까?,BOGLANDINGIZMI,복란딘기즈미
465,3,일상생활,기타,열 10,ON,온 
466,3,일상생활,기타,열심히 일하면 돈을 벌 수 있어요.,QATTIYAT BILAN ISHLASANGIZ PIL TOPASIZ,같티야드 비란 이스 보시라산기즈 불 토바시즈
467,3,일상생활,기타,열심히 해줘서 고마워요.,QATTIYAT QILGANINGIZ UCHUN RAHMAT,같티야트 길가니즈 우준 랗마트
468,3,일상생활,기타,오늘 근무후에 OO에 갑시다,BUGUN ISHDAN SONG ………..BORAMIZ,부군 이스단 송 ………….보라미즈
469,3,일상생활,기타,오늘 아침 기분이 좋으신가 봐요,BUGUN ERTALABDAN KAYFIYATINGIZ ALO KORINADI,부군 엘타라브단 카에비야틴기즈 아로 고리나디 
470,3,일상생활,기타,오늘도 힘내십시오,BUGUN HAM YAHSHI ISHLANG,부군 함 얗시 이스랑
471,3,일상생활,기타,오늘은 며칠입니까?,BUGUN QAYSI SANA,부군 캉에스 사나
472,3,일상생활,기타,오늘은 무슨 요일입니까?,BUGUN HAFTANING QAYSI KUNI,부군 하브타닝 카에스 구니
473,3,일상생활,기타,오늘은 ㅇㅇ 월 ㅇㅇ일 입니다.,BUGUN….. …….   KUN,부군 ….. ….. 군
474,3,일상생활,기타,오른쪽으로 가십시요.,ONG TOMONDA YURING,옹 더몬가 유링
475,3,일상생활,기타,오빠,AKA,아가
476,3,일상생활,기타,오전,ERTALAB,엘타라브
477,3,일상생활,기타,오타를 수정해 주세요,ILTIMOS QOLINGGIZNI OZGARTIRING,일티모스  고링기스니 고리사팅
478,3,일상생활,기타,오해하지 마세요,HAFA BOLMANG,하바 볼망
479,3,일상생활,기타,오후,TUSHLIK ,투시맄
480,3,일상생활,기타,왜 집에 가지 않습니까?,NEGA UYINGIZGA KETYAPSIZ,네가 우에인기지가 게타얍시즈
481,3,일상생활,기타,왼쪽으로 가십시요.,CHAP TOMONGA YURING,잡 더몬가 유링
482,3,일상생활,기타,요즘 ㅇㅇ이 유행입니다.,SHU KUNLARDA ……..MODA TUSIGA KIRGAN,쑤 구랄다 ……….모다 두시가 길드
483,3,일상생활,기타,우리 집에 초대하겠습니다.,UYGA TAKLIF QILAMAN,우에가 타기리브 키라만
484,3,일상생활,기타,운전 시 사고가 나지 않도록 조심하세요.,ROLDA BOLGANINGIZDA AVTOHALOKATDAN SAQLANING,롤다 볼산기즈다  아브더하러카트단 삭라닝
485,3,일상생활,기타,움직이지 마세요 ,QIMIRLAMAY TURING,크믈라마에 두링
486,3,일상생활,기타,월요일,DUSHANBA,두싼바
487,3,일상생활,기타,위에 있습니다.,TEPADA TURIBDI,데바다 두리브디
488,3,일상생활,기타,위험합니다.,TAVAKKAL ,타바칼
489,3,일상생활,기타,유언비어에 속지 마세요 ,OZINGIZNI YOLGAN GAPLARGA ISHONTIRMANG,오즌기즈니 열곤 갑랄가 이쏜디리망
490,3,일상생활,기타,음주운전은 절대 안됩니다.,HECH QACHON ICHMANG VA QIMIRLAMANG,헤즈 가존 이지망  바 ㄱ밀라망
491,3,일상생활,기타,의견을 말씀해 주십시요,SHARTINGIZNI GAPIRING,싹틴기즈니 가비링
492,3,일상생활,기타,의사표현을 확실히 해주세요.,TAKSHIRGANDA ISHONCH HOSIL QILING,탁들가 이손즈 호실 기링
493,3,일상생활,기타,이 옷을 한번 입어 보세요,BU KIYIMNI BIR KIYIB KORING,부 기에임니 빌 기에이브 고링
494,3,일상생활,기타,이 프로그램을 사용하실수 있습니까?,BU PROGAMMASINI ISHLATA OLASIZMI,부 브로그람마니 이씨라타 오라시즈미
495,3,일상생활,기타,이것은 무엇입니까 ?,BU NIMA,부 니마
496,3,일상생활,기타,이것은 ㅇㅇ입니다 ,BU NARSA,부 날사
497,3,일상생활,기타,이것은 압수 입니다.,BU USHLASH,부 우씨리쓰
498,3,일상생활,기타,이것을 가지고 들어가면 안됩니다.,BU NARSANI OLIB KETSANGIZ BOLMAYDI,부 날사니 오리브 겥산기즈 볼마에디
499,3,일상생활,기타,이것을 꼭 준비해 주세요,BUNI ALBATTA TAYORLAB QOYING,부니 알바타 타열라브 고에잉
500,3,일상생활,기타,이곳에서 편히 쉬세요,BU ERDA MAZZA QILIB DAM OLING,부 엘다 마자 기리브 담 오링
501,3,일상생활,기타,이곳은 무료입니다.,BU SIZGA TEKIN,부 시즈가 테기느
502,3,일상생활,기타,이리 앉으세요.,BU ERDA OTIRING,부 엘다 오티링
503,3,일상생활,기타,이번에 가면 또 한국에 올 수 있어요?,BU SAFAR KETSAM KOREAGA QAYTA KELA OLMAYMANMI,부 사발 게드삼 고ㅔ아가 가에디브 게라올마에만
504,3,일상생활,기타,이번에 누구 차례죠,BU SAFAR KIMNING NAVBATI,부 사바르 김닝 나바드
505,3,일상생활,기타,이분 소개로 오셨습니까?,BU KISHI TANISHGANI KELDIMI,부 기씨 타닜가니 겔디미
506,3,일상생활,기타,이쪽으로 오세요,BU ERGA KELING,부 엘가 게링
507,3,일상생활,기타,이해가 됩니까?,TUSHUNA OLMAYAPSIZMI,두쑤나 올마얍시즈미
508,3,일상생활,기타,이해해주세요,TUSHUNTIRIB BERING,투쑨디리브 베링
509,3,일상생활,기타,이해했으면 이해했다고 해주세요.,TUSHUNSANGIZ TUSHUNDIM DEB AYTING,두쑤산기즈  두쑨디므 데브 아에딩
510,3,일상생활,기타,이혼하고 싶습니까?,AJRASHISHNI HOHLAYSIZMI,아즈라씨스니 홓라에만
511,3,일상생활,기타,익숙해지면 괜찮을거예요,MOSLASHSANGIZ YAHSHI BOLADI,모스랐산기즈 얗시 보라드
512,3,일상생활,기타,일곱 7,ETTI,엩티
513,3,일상생활,기타,일에 필요한 지식과 기술을 익히세요,ISHGA BOGLIQ MAHORATNI YAHSHILAB PISHIRING,이시가 보그리그 마호라트니 얗시라브  비시링
514,3,일상생활,기타,일요일,YAKSHANBA,약산바  
515,3,일상생활,기타,일찍 일어나세요.,ERTA UYGONING,엘타 우에고닝
516,3,일상생활,기타,자녀는 몇 명인가요?,NABIRANGIZ NECHTA,나비란기즈 네지타
517,3,일상생활,기타,자리에 앉아 주십시오,JOYINGZGA OTIRING,저이즈가 오티링
518,3,일상생활,기타,자원봉사입니다.,HOHISH TUGULYAPTI,호흐스 투구리야브트
519,3,일상생활,기타,잘 다녀오세요.,YAHSHI BORIB KELING,얗시 보리브 게링
520,3,일상생활,기타,잘 모르겠습니다.,YAHSHI BILMAYMAN,얗시 빌마에만
521,3,일상생활,기타,잘 모르겠어요,YAHSHI BILMAYMAN,얗시 빌마에만
522,3,일상생활,기타,잠깐만 기다려주시겠습니까?,OZGINA KUTIB TURING,오지기나 구투브 투링
523,3,일상생활,기타,잠시 제게 주목해 주십시요,MEN SIZNI DIQQATIZDAMAN,멘 시즈니 딕가티즈다만
524,3,일상생활,기타,잠시만 기다리세요 ,OZGINA KUTING,오지기나 구팅
525,3,일상생활,기타,장래 희망이 무엇인가요?,ORZUINGIZ NIMA,올주인기즈 니마
526,3,일상생활,기타,저 옷은 어때요?,BU KIYIM QANDAY,부 기에임 간다에
527,3,일상생활,기타,저도 한번 가본적이 있습니다.,MEN HAM BIR MARTA BORIB KORGANDIM,멘 함 빌 말타 보리브 골간드미
528,3,일상생활,기타,저하고 이야기 할 수 있나요?,MEN BILAN SUHBATLASHA OLASIZMI,멘 비란 숳밭라사 오라시즈미
529,3,일상생활,기타,전문가의 도움이 필요합니다,TARJIMON YORDAMI KERAKMI,탈치먼 열담 게락미
530,3,일상생활,기타,전에 이야기한말이 기억나세요?,OLDIN AYTMOQCHI BOLGAN GAPINGIZMI ESLAB KORING,올딘 아에디목지 볼간 가빈기즈니 에스라브 고링
531,3,일상생활,기타,전화 좀 해주세요.,ILTIMOS QONGIROQ QILING,일티모스 곤그로그 기링
532,3,일상생활,기타,전화카드가 있습니까?,TELEFON KARTASI BORMI,테레본 갈타시 
533,3,일상생활,기타,전화카드를 구입해서 사용하세요,TELEFON KARTASINI SOTIB OLIB ISHLATING,테레본 갈타시니 소티브 오리브 있라팅
534,3,일상생활,기타,절약하세요,FIKIRLANG,비길랑
535,3,일상생활,기타,정말 잘하네요,JUDAYAM YAHSHI BAJARYAPTI,추다 함 얗씨 바자리야브디
536,3,일상생활,기타,정말로요! 참 안 됐네요.,ROSTANMI? UNCHALIK YAHSHI QILMAYAPMANKU,로스탄미? 운차리그 얗씨 올마얍만구
537,3,일상생활,기타,정말이예요,RASTAMMI?,로스탄미  ?
538,3,일상생활,기타,제 말에 귀를 기울여 주세요,QULOGINGIZGA FAQAT MENI GAPIM KIRSIN,구로긴기즈가 바가트 메니 가비므 길신
539,3,일상생활,기타,제가 동행해드리겠습니다. ,YURISHGA RUHSAT BERAMAN,유리스가 ㅜㅎ사드 베람느
540,3,일상생활,기타,제가 예를 하나 들어 보겠습니다,RUHSAT BERING MENGA MASALA BILAN ISHLATISHGA,루흐사드 베링 멘가 마사라 비란 이씨라티씨가
541,3,일상생활,기타,조금 힘들어도 참으면 적응이 될 것입니다,"OZGINA QIYIN , LEKIN CHIDASANGIZ MOSLASHIB KETASIZ",오즈기나 기에인 지다산가즈 모시라씨브 게타시즈
542,3,일상생활,기타,조용히 하십시오 ,TINCHLIK SAQLANG,틴지릭 사크랑
543,3,일상생활,기타,좋아요,YAHSHI,옇시
544,3,일상생활,기타,좋은 생각이군요,ZOR FIKIRKU,졸 비길구
545,3,일상생활,기타,주말에 기숙사에서 잠만 자지 마세요.,DAM OLISH KUNLARI YOTOQDA UHLAY VERMANG,담 오리스 군라르 여도그다 우흐라에밸망
546,3,일상생활,기타,주소가 어떻게 됩니까?,MANZILNI AYTING,만질니 아에팅
547,3,일상생활,기타,주의하세요,ILTIMOS AHAMIYAT BERING,일디모스 아하미야드 베리망
548,3,일상생활,기타,중간에 휴게소에서 잠시 쉴 수 있습니다.,DAM OLISH VAQTIDA DAM OLISH HONASIDA DAM OLSANGIZ BOLADI,담 오리쓰 바기디다 담 오리쓰 호나ㅣ다 담 오사 버라드
549,3,일상생활,기타,지금 무엇을 하고 있습니까?,HOZIR NIMA BILAN BANDSIZ,호지리 니마 비란 반드시즈
550,3,일상생활,기타,지금 바쁘세요?,HOZIR BANDMISIZ,호지르 반드미시즈
551,3,일상생활,기타,지금 ㅇ시 ㅇ분입니다. ,HOZIR……..DAQIQA…..SOAT,호지르 ……….다그가 ………소아트
552,3,일상생활,기타,지금 하는 말이 어렵습니까?,HOZIR AYTMOQCHI BOLGAN GAPIM MURAKKAB,호즈리 아에목지 벌간 가비므 무가카브
553,3,일상생활,기타,지금 행복하신가요?,HOZIR BAHTLIMISIZ,호지르 바흐디리미시즈
554,3,일상생활,기타,지금부터 시작하세요.,HOZIRDAN BOSHLANG,호즐단 버씨랑
555,3,일상생활,기타,지금은 새벽입니다.,HOZIR ERTA TONG,호지르 엘다 덩
556,3,일상생활,기타,지금처럼 해주세요,HOZIRGIDEK QILING ILTIMOS,호질기데그 기링 일디모스
557,3,일상생활,기타,직접하는게 낫겠어요,TOGRIDAN TOGRI BAJARISH YAHSHI,도그기단 도기리 바차리씨 얗씨
558,3,일상생활,기타,질문이 있으면 언제든지 물어보세요 ,SAVOLINGIZ BOLSA QACHON BOLMASIN SORANG,사보린기즈 볼사 가존 보사 소랑
559,3,일상생활,기타,집에 전화하고 싶습니까?,UYGA TELEFON QILISHNI HOHLAYSIZMI,우에가 테레보느 기맀니 홓라에시즈미
560,3,일상생활,기타,집에 전화하세요 ,UYGA QONGIROQ QILING,우에가 곤기로그 기링
561,3,일상생활,기타,집에 편지를 쓰세요 ,UYGA HAT YOZING,우에가 하드 여징
562,3,일상생활,기타,참 좋아요,JUDA YAHSHI,주다 얗시
563,3,일상생활,기타,처음 한국에 와서  적응하기 힘들죠?,DASTLAB KOREAGA KELGANINGIZDA MOSLASHISH QIYIN SHUNDAYMI,다스디라브 고레아가 겔가니즈다 모스라씨쓰 기에인 쑨다에미
564,3,일상생활,기타,천 1000,MING,밍
565,3,일상생활,기타,천천히,SEKIN SEKIN,세긴 세긴
566,3,일상생활,기타,천천히 말해주세요.,ASTAROQ GAPIRING,아스타로그 가비링
567,3,일상생활,기타,취미가 무엇입니까?,HOBBINGIZ NIMA,호비인기즈 니마
568,3,일상생활,기타,친구가 많으세요?,DOSTLARINGIZ KOPMI,도스디라린기즈 곱미
569,3,일상생활,기타,친구를 만나러 갑니까 ,DOSTLARINGIZ BILAN UCHRASHGANI KELYAPSIZMI,도스다라링기즈 비란 우지라씨가니 게리얍시즈미
570,3,일상생활,기타,컴퓨터는 하루에 ㅇㅇ 시간만 하세요,KOMPYUTERNI BIR KUNDA ….SOAT DAVOMIDA ISHLATING,곰뷰델니  빌 군다   …….   소아드  다보미다 이스라딩
571,3,일상생활,기타,컴퓨터를 하실줄 아십니까?,KOMPYUTERNI ISHLATISHNI BILASIZMI,곰뷰델니 이스라디스니 비라시즈미
572,3,일상생활,기타,크게 말씀하세요 ,BALANDROQ GAPIRING,바란드록 가비링
573,3,일상생활,기타,토요일,SHANBA,산바
574,3,일상생활,기타,통역지원센터 전화번호는 ㅇㅇㅇ-ㅇㅇㅇㅇ입니다,TARJIMONLIK MARKAZINI TELEFON NOMERI……..,탈지몬릭 말가스니 테레본 라가미……….
575,3,일상생활,기타,통역할 수 있는 사람을 알고 있나요?,TARJIMA QILADIGON ODAMNI TANISIZMI,탈지마 기라디곤 오담니 타니시즈미
576,3,일상생활,기타,특기가 무엇입니까?,MUTAHASISLIGIZ NIMA,무타하싯리기즈 니마
577,3,일상생활,기타,특별한 일이 생기면 사장님에게 전화하세요 ,MUHIM ISHIZCHIQIB QOLSA BOSHLIQQA QONGIROQ QILING,무힘 이시즈 지그브 골사 보시릭가 곤기로그 그링
578,3,일상생활,기타,파도가 치면 쉽니다.,TOLQIN KELGANDA,털근 겔간다
579,3,일상생활,기타,평소에 운동 열심히 하세요,MASHIQ KILISHGA YAHSHI,마슥 그리스가 얗스
580,3,일상생활,기타,필요한 것이 있으면 말씀하세요.,BIROR NARSA ZARUR BOLSA AYTING,비롤 날사 자루르 볼사 아에팅
581,3,일상생활,기타,필요한게 무엇인가요?,NIMA KERAK,니마 게라그
582,3,일상생활,기타,하나 1,BIR ,빌
583,3,일상생활,기타,한국 텔레비전을 보십니까?,KOREA TVSINI KORYAPSIZMI,고레아  TV 스니 거리얍스즈미
584,3,일상생활,기타,한국말 공부가 어떻습니까?,KOREYS TILINI QAY DARAJADA ORGANGANSIZ,고레에이스  티리니 가에 다라자다  올간간시즈
585,3,일상생활,기타,한국말은 어느정도 하나요?,KOREYS TILINI QAY DARAJADA BILASIZ,고레에이스 티리니 가에 다라자다 비라시즈
586,3,일상생활,기타,한국말을 하실줄 아십니까?,KOREYS TILINI BILASIZMI,고레레이스 티리니 비라시즈미
587,3,일상생활,기타,한국사람과 대화에 어려움이 있습니까 ?,KOREYSLAR BILAN SUHBATLASHISHDA QIYINCHILIK BORMI,고레에이스 비란 숳밭라스간다 그에인치릭 보리므
588,3,일상생활,기타,한국사람과 문제가 있습니까 ?,KOREYSLAR BILAN ORTANGIZDA MUAMMO BORMI,고레에스랄 비란 올탄기즈다 무암모 보리므
589,3,일상생활,기타,한국어 공부는 하시나요?,KOREY TILI ORGANYAPSIZMI,고레에스 티리 올가니얍시즈미
590,3,일상생활,기타,한국어 공부를 열심히 하세요 ,KOREY TILINI QATTIYAT BILAN ORGANING,고레에스  티리니 같티야트 비란 올가닝
591,3,일상생활,기타,한국어 능력시험이 있습니다.,KOREYS TILIDAN IMTIHON BORMI,고레에스  티리단 임트혼 볼미
592,3,일상생활,기타,한국어 수업에 참여하세요 ,KOREYS TILI DARSIGA QATNASHING,고레에스 티리가 달시가 같나싱
593,3,일상생활,기타,한국어를 배우고 싶습니까?,KOREYS TILI ORGANISHNI ISTAYSIZMI,고레에스 디리니 올가니시니 이시타에미즈
594,3,일상생활,기타,한국에 가족이 있나요 ?,KOREADA OILANGIZ BORMI,고레아다 오이란기즈 볼미
595,3,일상생활,기타,한국에 몇 년 동안 있었어요?,KOREADA NECHA YIL DAVOMIDA BOLDINGIZ,고레아다  네차 에일 다보미다 보라시즈
596,3,일상생활,기타,한국에 아는 사람이 있습니까 ?,KOREADA TANISHLARINGIZ BORMI,고레아다 타니스라린기즈 보르미
597,3,일상생활,기타,한국에 온지 얼마나 되셨습니까?,KOREAGA KELGANINGIZGA QANCHA BOLDI,고레아가 겔가닝기즈가 네차 볼디
598,3,일상생활,기타,한국의 꿈을 이루기를 바래요.,KOREA ORZUSI AMALGA OSHISHINI TILAYMAN,고레아 올수스 아말가 오시스니 티라에만
599,3,일상생활,기타,함께 갑시다.,BIRGA KETAYLIK,빌가 게타에릭
600,3,일상생활,기타,핸드폰 번호가 어떻게 됩니까?,TELEFON RAQAMINGIZ NECHA,데레본 라가민기즈 네차
601,3,일상생활,기타,행복하세요?,BAHTLI BOLING,밯트리 보링
602,3,일상생활,기타,형 ,AKA,아가
603,3,일상생활,기타,형제자매는 몇인가요?,TUGUSHGANLARINGIZ NECHA KISHI,둑스간라린기즈 네차 기시
604,3,일상생활,기타,혼자서 인천공항까지 갈 수 있나요?,YOLGIZ INCHON AYRAPORTIGACHA KETA OLASIZMI,열기즈 인존 아에라볼디가 게타 오라시즈미
605,3,일상생활,기타,화요일,SESHANBA,세산바
606,3,일상생활,기타,회사에 불만이 무엇입니까?,FIRMANI SORAGAN NARSASI NIMA,빌나니 소라간 날사스 니마
607,3,일상생활,기타,훌륭해요,ZOR  ,졸
608,3,일상생활,기타,힘든 일이 있음 어려워하지 말고 말해 주세요.,OGIR ISHDA QIYNALMASDAN AYTING,오그리 이스단 그에날마스단  아에딩
609,3,작업지시,"근무시작,끝",00시부터  야간 근무가 시작됩니다.,……DAN KECHGI ISH BOSHLANADI,………단 게치그 이스  보스라나드
610,3,작업지시,"근무시작,끝",간식시간입니다. ,OVQATLANISH VAQTI………,오브가트라니스  바그트……….
611,3,작업지시,"근무시작,끝",근무시간이 끝나기 전에 작업장을 떠나지 마세요. ,ISH VAQTI TUGAMASDAN ISH JOYINI TASHLAB KETMANG,이스 바그트  두가마스단 이스  조에이니 타스라브 게트망
612,3,작업지시,"근무시작,끝",내일은 쉬는 날입니다 ,ERTAGA DAM OLISH  KUNI,엘타가 담 오리스 구니
613,3,작업지시,"근무시작,끝",내일은 연장근무가 있습니다. ,ERTAGA QOSHIMCHA ISH SOATLARI BOR,엘타가 고심차 이스 소앝라리 보르
614,3,작업지시,"근무시작,끝",내일은 일찍 출근하십시오. ,ERTAGA ERTAROQ ISHGA CHIQING,엘타가 엘타로그 이스가 치긍
615,3,작업지시,"근무시작,끝",다시 일합시다. ,QAYTADAN ISHLAYLIK,가에타단  이스라에릭
616,3,작업지시,"근무시작,끝",수고했습니다 ,QIYNALIB ISHLADINGIZ RAHAMAT,그에나리브 이스라딘기즈 라흐마드
617,3,작업지시,"근무시작,끝",순찰시간입니다.,PATRUL SOATI,바트룰  소아트
618,3,작업지시,"근무시작,끝",ㅇ시까지 일을 끝내세요 ,……..GACHA ISHNI TUGATING,……….가차 이스니 두가틍
619,3,작업지시,"근무시작,끝",오늘 작업은 끝났습니다. ,BUGUN ISH TUGADI,부군 이스 두가드
620,3,작업지시,"근무시작,끝",오늘은 바쁜 날입니다 ,BUGUN JUDA HAM BAND KUN BOLDI,부군 주다  함 반드 군  볼드
621,3,작업지시,"근무시작,끝",오늘은 야간 작업을 해야 합니다. ,BUGUN KECHKI SMENADA ISHLAYMAN,부군 겣기 게치그  스메나다  이스라에만
622,3,작업지시,"근무시작,끝",오늘은 이만 끝냅시다,BUGUNGI ISH BOLDI TUGATAYLIK,부군기 이스 볼드 투가다에릭
623,3,작업지시,"근무시작,끝",오늘은 이만 쉬세요 ,BUGUNGI ISH QOLDI DAM OLING,부군기 이스 골드 담 오링
624,3,작업지시,"근무시작,끝",오늘은 일이 많습니다 ,BUGUN ISH JUDA KOP,부군 이스 주다 곱
625,3,작업지시,"근무시작,끝",오늘은 일이 적습니다.,BUGUN ISH OZ,부군 잇 오즈
626,3,작업지시,"근무시작,끝",일을 아직 끝내지 못했습니다.,ISHNI HALI TUGATIB BOLMADIM,이스니 하리 투가드브 볼마틈
627,3,작업지시,"근무시작,끝",작업하던 것은 마무리하고 퇴근해주세요.,HOZIR ISHDAN QAYTISH VAQTI BOLDI,호즈리 이스단 가에티스 바그트 볼트
628,3,작업지시,"근무시작,끝",좀 쉬었다 합시다.,DAM OLAYLIK,담 오라에릭
629,3,작업지시,"근무시작,끝",지금은 퇴근시간입니다. ,ISH TUGADI,이스 투가드
630,3,작업지시,"근무시작,끝",지금은 휴식시간입니다. ,HOZIR DAM OLISH VAKTI,호지르 담 오리스 바그드 
631,3,작업지시,"근무시작,끝",퇴근전 주위 정리정돈 잘 해주세요 ,ISHDAN QAYTISHDA AVVAL ISH JOYINI TARTIBGA SOLING,이스단 가에디스다  아바르 이스 조이니  탈딥가 소링
632,3,작업지시,근무태도,간단하네요.,ODDIYKU,옫디구
633,3,작업지시,근무태도,그러면 자가 발전기가 가동됩니다.,TAJRIBA UCHUN SAMO GENERATOR,탈지마 우준 사모 게네라도르
634,3,작업지시,근무태도,근무시간 중 핸드폰을 사용하지 마세요 ,ISH VAQTIDA TELEFONDAN FOYDALANMANG,이스 테레본단  보이다란망
635,3,작업지시,근무태도,근무시간에 자리를 비울 경우 꼭 말씀하십시요.,ISH VAQTIDA JOYNI OCHIRISH HOLATI BO'LSA ALBATTA AYTING,이스 바긑다  조에니 오지리스 호라트 볼사 아밭타 아에팅
636,3,작업지시,근무태도,근무중에는 잡담을 하지 마세요.,ISH VAQTI ORASIDA OZIZNI U YOQQA BU YOQQA TASHLAMANG,이스 오라스다 오지즈니 우 역가 부 역가 타시라망
637,3,작업지시,근무태도,나를 도와주세요.,MENGA YORDAM BERING,멘가 열담 베링
638,3,작업지시,근무태도,내려 놓으세요 ,TUSHIRIB QOYMANG,두수리브 고에망
639,3,작업지시,근무태도,내리세요 ,TUSHING,두싱
640,3,작업지시,근무태도,닫아요 ,YOPILDI,여빌디
641,3,작업지시,근무태도,당신의 실수입니다. ,SIZNI HATINGIZ,시즈니 하딘기즈
642,3,작업지시,근무태도,당신이 근무시간에 늦어 유감입니다. ,SIZ ISH VAQTIDAN KECH QOLMANG,시즈 이스  바그디탄 게즈 골망
643,3,작업지시,근무태도,동료와 사이좋게 지내세요,KASIBDOSHLAR BILAN XAMJIHAT BOLING,가스브덧랄 비란 함지하드 보랑
644,3,작업지시,근무태도,만지지 마세요 ,USHLAMANG,우시라망
645,3,작업지시,근무태도,멈추세요 ,TOHTANG,토흐탕
646,3,작업지시,근무태도,무거우니 같이 들어주세요,OGIR NARSALARI BIRGALIKDA KOTARING,오그르 날사랄니 빌가릭다 고타링
647,3,작업지시,근무태도,무급휴가입니다.,HALI TOLANMAGAN OTPUSQA PULIM BOR ,하리 도란마간 오드부스가 부림 보르
648,3,작업지시,근무태도,무단으로 회사전화를 사용해서는 안됩니다 ,CHETGA FIRMA TELEFONIDAN FOYDALANSANGIZ BOLMAYDI,젣가 비르마 테레보니단 보이다란상기즈 볼마애드
649,3,작업지시,근무태도,묶으세요 ,KO'MING,코밍
650,3,작업지시,근무태도,벗으세요 ,YECHINING,에지닝
651,3,작업지시,근무태도,불량품이 나오지 않도록 주의하세요 ,BRAQ CHIQARMASLIKKA HARAKAT QILING,브라그 지갈마스릭가 하라가트 그링
652,3,작업지시,근무태도,사료를 줄 시간이에요.,HAYVONNI OVQATI,하에보니 오비가트
653,3,작업지시,근무태도,상사의 말을 잘 들으세요.,BOSHLIQLARNI AYTGANINI QILING,보시릭랄니 아에트가니니 그링
654,3,작업지시,근무태도,상자에 차곡차곡 넣으세요,ISHLAB CHIQARILGAN MAHSULOTNI  JOY JOYIGA QOYING,이스라브 지가릴간 맣수로드니 조에 조에이가 고에잉
655,3,작업지시,근무태도,새로운 환경에 적응하세요.,YANGI MUHUITGA MOSLASHING,얀기 무힡가 모시라싱
656,3,작업지시,근무태도,서두르세요 ,SHOSHILING,소시링
657,3,작업지시,근무태도,서로 서로 도와서 합시다.,O'ZARAYORDAMLASHIB ISHLAYLIK,오자로 열담라시브 이시라에리그
658,3,작업지시,근무태도,성실하게 일해주세요,ILTIMOS GAYRAT BILAN ISHLANG,일디모스 가에라트 비란 이시랑
659,3,작업지시,근무태도,순서대로 작업을 해야합니다.,TARTIB BILAN ISHLANG,탈디브 비란 이시랑
660,3,작업지시,근무태도,시간을 꼭 지키세요,VAQTDAN UNUMLI FOYDALANING,바그트단 우눔리 보에다라닝
661,3,작업지시,근무태도,실수하지 않도록 하세요.,XATO QILMASLIKKA XARAKAT QILING,하더 클마스리카 하라가트 크링
662,3,작업지시,근무태도,아프거나 죽은 돼지/소/닭이 없는지 확인해주세요.,"KASAL YOKI OLIK CHOCHKALARNI,KATTA SHOQLI MOLNI,TOVUKLARNI TEKSHITING ILTIMOS.","카살  여기 오리그 조지가랄니,같타 초그리 몰니,토부그랄니 덱시링 일티모스"
663,3,작업지시,근무태도,앉으세요 ,OTIRING,오티링
664,3,작업지시,근무태도,앞으로 시간을 잘 지켜주세요. ,OLDINDA OZ VAKTIDA QILISHNI ORGANING,올딘다 오크 바그디다 그리시니 올가닝
665,3,작업지시,근무태도,앞으로 실수하지 않도록 주의해주세요. ,AHAMIYAT BERING OLDINDA ADASHMASLIKKA,아하미야트 베링 올딘다 아다시마스릭가
666,3,작업지시,근무태도,여기 좀 보세요.,BUYOQQA QARANG,부옄카 가랑
667,3,작업지시,근무태도,여기서 나가주십시요.,BU ERDAN CHIQING,부 엘단 지긍
668,3,작업지시,근무태도,여기서는 규칙과 질서를 잘 지켜야합니다.,BU ERDA MEN TARTIB INTIZOMNI SAQLASHIM KERAK,부 엘다 멘 탈디브 인디조므 삭리심 게라그
669,3,작업지시,근무태도,여기에 놓으세요.,MANABU ERGA QOYING,마부 엘가 고에잉
670,3,작업지시,근무태도,여기에 들어오지 마세요.,BU ERGA KIRMANG,부 엘가 기링
671,3,작업지시,근무태도,여직원들에  성적인 농담을 하지 마세요,HAZIL QILMANG ISHCHI QIZLARGA SEKS TOGRISIDA,하즐 길망 이스지 기즈랄가 세그스 더그리스다
672,3,작업지시,근무태도,열어요,OCHING,어징
673,3,작업지시,근무태도,온도를 체크해주세요.,GRADUSNIQ OLCHOGICHINI ORNATING,그라두스니그 올자그지니 올나팅
674,3,작업지시,근무태도,올리세요 ,KOTARING,고타링
675,3,작업지시,근무태도,이 가축은 예민한 동물입니다.,BU HAYVON JUDA SEZGIR HAYVONDIR,부 하에보니 주다 체지기르 하에본디르
676,3,작업지시,근무태도,이리 좀 와 보세요.,BU YOQQA KELING ILTIMOS,부 역가 게링 이디모스
677,3,작업지시,근무태도,일과 휴식을 구분하여 근무를 하세요,ILTIMOS ISH BILAN DAM KUNI BELGILANGLAR,일디모스 이스 비란 담 구니니  벨기랑
678,3,작업지시,근무태도,일을 마치면  청소와 정리정돈을 철저히 하세요,ISH TUGAGANDAN SONG TOZALASHNI UNUTMANG,이스 두가간단 송  터차라시니 우누트망
679,3,작업지시,근무태도,일을 빨리 해주세요,ISHNI TEZ TEZ QILING,이시느 데즈 데즈 그링
680,3,작업지시,근무태도,일을 할때는 다른 생각 하지마세요.,ISHLAYOTGANDA BOSHQA HAYOLLARGA BERILMANG,이스라여트간다  보스카 하열랄가 베릴망
681,3,작업지시,근무태도,입으세요 ,KIYING,기에잉
682,3,작업지시,근무태도,작동시키세요 ,,
683,3,작업지시,근무태도,작업 전 반드시 소독/방역 작업을 하십시오.,MEN DEZINFEKZIYADA ISHLASHIM KERAK,멘 디진벡시야다 이시리시므 게라그
684,3,작업지시,근무태도,작업 중에는 잡담을 삼가세요 ,ISH MAHALDA GAPLASHMANG,이스 마할ㄷ 가비라시망
685,3,작업지시,근무태도,작업 중에는 장난치지 마세요 ,ISH MAHALDA HAZILLASHMANG,이시 마할다 하즈라시망
686,3,작업지시,근무태도,작업복으로갈아 입으세요.,ISH KIYIMINI KIYING,이스 기에이니 기에인
687,3,작업지시,근무태도,작업태도를 바르게 하세요,ISHLASH QOBILYATINGIZNI TEZLASHTIRING,이시라스 고비랴디니 데즈라시티링
688,3,작업지시,근무태도,작업할 때 한 눈을 팔지 마세요 ,ISHLAYOTGANDA BIR KOZINGIZNI YUNMANG,이시라옅가다  빌 고지즈니 유밍
689,3,작업지시,근무태도,잘 보고 따라하세요 ,YAHSHILAB QORIB QAYTARING,얗시라브 고리브 이에타만
690,3,작업지시,근무태도,잠깐만 멈추세요 ,OZGINA SURILIB TURING,오지기나 수리리브 두링
691,3,작업지시,근무태도,장시간 근무 장소를 비울때는 OO부서로 신고를 하십시요,ISHNI TASHLAB KETISHDAN OLDIN IDORAGA AYTING,이시니 다시라브 게티시단 오린 이더라가 아에딩
692,3,작업지시,근무태도,저를 도와주세요.,MENGA YORDAM BERING,멘가 열담 베링
693,3,작업지시,근무태도,저쪽으로 가세요,NARAROQQA BORING,나라로가 버링
694,3,작업지시,근무태도,정리를 자주 하세요,TEZ TEZ TOZALAB TURING,데즈 데즈 더자라브 두링
695,3,작업지시,근무태도,정전이 됐는지 확인해 주세요.,YOGILGANLIGINI TEKSHIRIBTURING,여길간리기니 덱시ㅣ브 두링
696,3,작업지시,근무태도,정전이 되면 이 버튼을 눌러야 합니다.,YOQILSA BU TUMACHANI BOSING,여길사 부 둑마자니 보싱
697,3,작업지시,근무태도,제가 하는대로 따라하세요,MEN QILAYOTGANDEK QAYTARING,멘 기라엳간ㄷ그 기링
698,3,작업지시,근무태도,조금 복잡한 일입니다.,OZGINA MURAKKABROQ ISH,어즈기나 무ㅏ가브로그 이씨
699,3,작업지시,근무태도,조용히 하시고 제 말씀을 들어보세요,TINCHLIK SAQLAB MENING GAPLARIMNI ESHITING,딘지리그 삭라브 메니 갑라리미 에시딩
700,3,작업지시,근무태도,좀 힘을 내서 열심히 일합시다.,OZGINA KUCHGA KIRIB YANAHAM QATIYAT BILAN ISHLAYLIK,오직기나 구치가 기리브 야나 함 ㅏ티야트 비란 잇라에리그
701,3,작업지시,근무태도,지각하면 안됩니다.,KECH QOLMANGXOZIR ISHLASHGA MOSLASHIB QOLDINGIZMI,게즈 골망 호지르  이시라시ㅏ 모시라시브 골딘기즈미
702,3,작업지시,근무태도,지금 일하는게 적응이 됩니까?,XOZIR ISHLASHGA MOSLASHIB QOLDINGIZMI,호지르 이시라시가 모시라시브 골딘기즈미
703,3,작업지시,근무태도,지금은 회사 일이 바빠서 어려워요.,XOZIRDA FIRMADA ISH KOPLIGIGA JUDA BANDMIZ,호지르 비르마다 이시 곱리기가 추다 반드미즈
704,3,작업지시,근무태도,집어요 ,USHLANG,웋랑
705,3,작업지시,근무태도,책상위에 갖다 놓으세요.,STOLNI USTIGA OLIB BORIB QOYING,스돌니 우스티가 오리브 보리브 ㅗ에잉
706,3,작업지시,근무태도,트럭에 물건을 실으세요.,MASHINA YUKLARNI YUKLANG,마시나 우기라리니 우기랑
707,3,작업지시,근무태도,포장을 잘 해야합니다.,YAHSHILAB ORANG,얗시라브 어랑
708,3,작업지시,근무태도,하시는 일에 최선을 다해 주세요,QILAYOTGAN ISHINGIZNI KONGILDAN CHIQARIB QILING,키라옅곤 이ㅣㄴ기즈니 곤길단 지가리브 기랑
709,3,작업지시,근무태도,항상 웃으면서 생활하세요,DOIM KULIB YASHANG,도임 구리브 야상
710,3,작업지시,근무태도,화재가 발생하지 않았는지 확인해 보세요.,YOKILGI BOLMAGAN TEKSHIRING,여길기 볼마간 덱시링
711,3,작업지시,근무태도,화재가 발생할 수 있습니다.,YOKILGI CHIQISHI MUMKUN,여글그 치그스 뭄군
712,3,작업지시,근무태도,회사 비밀을 유출해서는 안됩니다. ,FIRMA SIRLARINI OSHKOR QILMANG,빌마 슬라리나 어스고르 글망
713,3,작업지시,근무태도,회사를 이탈하지 마십시오 ,FIRMADAN QOCHIB KETMANG,빌마단 고칩 게드망
714,3,작업지시,근무태도,회사의 규칙은 반드시 지키세요,FIRMA QOIDALARIGA ALBATTA AMAL QILING,빌마 고이다라리가 알밭타 아말 그링
715,3,작업지시,근무태도,힘들면 이야기 하세요,QIYNALSANGIZ GAPIRING,그에날산기즈 가비링
716,3,작업지시,근무태도,힘을 좀 더 쓰세요.,CHARCHAGANDA DAM OLING,찰차간다 담 오링
717,3,작업지시,작업공구,기계가 고장났습니다.,APARAT BUZILDI,아바라드 부줄드
718,3,작업지시,작업공구,기계가 고장입니까 ?,APARAT BUZULDIMI,아바라드  부줄디미
719,3,작업지시,작업공구,기계장비를 점검중입니다,APARAT ISHLAYAPTI,아바라트 이스라얍드
720,3,작업지시,작업공구,나사가 빠졌네요.,…………CHIQIB KETTI,………..  치기브 겥트
721,3,작업지시,작업공구,물건의 원료를 조심해서 다뤄주세요.,ILTIMOS MULOYMROQ BOLING,일디모스 무로임록 보링
722,3,작업지시,작업공구,부품을 교체해야해요,MENGA ZAPCHASTLAR KERAK,멘가 잡잣ㅌ랄니 골사딩
723,3,작업지시,작업공구,ㅇ 을 찾아 오십시오 ,000000USHLAB OLIB KELING,…………. 우수라브 오리브 게링
724,3,작업지시,작업공구,ㅇㅇ은 어디 있나요?,0000000 QAYERDA?,……………..가엘다
725,3,작업지시,작업공구,작업도구를 어디에다 두었나요?,ASBOBNI QAYERGA QOYGANDINGIZ,아스버브니  가엘가 고에간싲
726,3,작업지시,작업공구,전원을 끄십시요.,APARATNI OCHIRING,아바라트니 오치링
727,3,작업지시,작업공구,전원을 켜세요 ,APARATNI YOQING,아바라드니 여긍
728,3,작업지시,안전규칙,건강에 좋지 않으니 작업 시 필요한 장비를 꼭 착용하세요.,SOGLIGINGIZ UCHUN ZARAR MASQA TUTMASANGIZ,속리긴기즈 우준 자라르 마스가 두드마산기즈
729,3,작업지시,안전규칙,기계 작동순서를 잘 익혀야 합니다.,APARAT ISHLASH TARTIBINI YAHSHI BILAB OLISH KERAK,아바라드 이스라스탈티비니 얗시 비립 오리스 게락
730,3,작업지시,안전규칙,기계가 갑자기 정지되면 공장장에게 즉시 보고하세요. ,APARAT TOSTDAN TOHTAB QOLSA ZAVOD RAHBARIGA KORSATING,아바라드 도스ㅡ단 돟답 골사 자보드 랗바리가 골사딩
731,3,작업지시,안전규칙,기계가 완전히 멈추었는지 확인해야합니다.,MOSHINA TOHTAGANIGA IKROR BOLING,모시나 돟타가나가 이그로르 보링
732,3,작업지시,안전규칙,기계에 손이 다치치 않도록 주의하세요.,APARTADA QOLNI LAT EDIRMASLIKKA HARAKAT QILING,아바라다 골나 랕 에마스릭가 하라가드 그링
733,3,작업지시,안전규칙,기계장비 사용시 주의를 집중하세요,APARAT NIMAGA VOSITASINI ISHLATING,아바라트 니마가 버시타스니 이스라팅
734,3,작업지시,안전규칙,꼼꼼하게 살펴보세요.,YAHSHILAB QARANG,얗시라브 가랑
735,3,작업지시,안전규칙,도장 작업시 주변의 화기 작업 금지,Картина обойти запрет на огнестрельное оружие операций,
736,3,작업지시,안전규칙,마스크를 착용해주세요,MASQANI TUTIB YURING,마스가니 두디브 유링
737,3,작업지시,안전규칙,모르는 기계를 작동시 반드시 관리자에게 문의하세요,BILMAGAN APARATINGIZNI ISHLATISHNI ALBATTA SORANG,비리마간 아바라팅기즈니 알밭타 소랑
738,3,작업지시,안전규칙,발로 차거나 때리지 마십시오.,AYOQ BILAN TEPIB YOKI URMANG,아역 비란 데비브 여기 우르망
739,3,작업지시,안전규칙,보행이나 작업중에는 흡연금지할 것,ISH VAQTIDACHEKILMASIN,이스 박드다 제길마스느
740,3,작업지시,안전규칙,부상위험이 있으므로 조심하세요 ,HAFTADAN EHTIYOT BOLING,합다단 엫디여드 버링
741,3,작업지시,안전규칙,분진발생 작업시 분진마스크 착용할 것,CHANGDA EHTIYOR QILUVCHI MOSLAMANI OLIB YURING,창단 엫디여드  그룹지 모스라마니 오립 유링
742,3,작업지시,안전규칙,사고에 주의하세요.,FALOKATDA SAQLANONG,바라가드단 삭라닝
743,3,작업지시,안전규칙,산업재해를 당하지 않도록 주의하세요. ,EHTIYOT BOLING BIRON JOYIZ LAT EMASDAN OLDIN,엫디여드 버링 비런 조이즈 랕 에마스단 올드느
744,3,작업지시,안전규칙,서두르지 마세요.,SHOHILMANG,소실망
745,3,작업지시,안전규칙,안전규칙을 잘 지켜주세요 ,HAVSIZLIK QOIDALARIGA RIOYA QILING,합시즈릭 고이다라리가 리오야 그링
746,3,작업지시,안전규칙,안전보호장구를 주세요,HAFSIZLIK KURILO,하브스즈릭 구리로
747,3,작업지시,안전규칙,올이 풀리지 않도록 주의하세요.,ECHILIB KETISHDAN SAQLANING,에지리브 게티스단 삭라닝
748,3,작업지시,안전규칙,용접시에는 용접면을 착용한다.,SVARQA QILAYOTGANDA SVARQA HIMOYA VOSITASINI ISHLATING,스발가 그라옅간다 스바르가 히모야 보스다시느 이스라팅
749,3,작업지시,안전규칙,위험해요,XAFLI,하브리
750,3,작업지시,안전규칙,이 곳에서 담배를 피우시면 안됩니다. ,BU ERDA SIGARETA CHEQILMAYDI,부 엘다 시가레타 자길마에드
751,3,작업지시,안전규칙,이 기계는 항상 주의 하세요,BU APARATGA DOIM HUSHYOR BOLING,부 아바라드가 도이모 후수여르 보링
752,3,작업지시,안전규칙,작업 종료시에는 반드시 전원 스위치를 내리세요 ,ISHNI OHIRIDA HAMMA NARSANI TOKDAN OCHIRING,이스니 오흐리ㅏ 함마 날사니 덕단 어치링
753,3,작업지시,안전규칙,작업 중 안전모를 착용하세요 ,ISH VAQTIDA DOIM LASHANI ISHLATING,이스 박듣 도이모 라ㅏ니 이스라팅
754,3,작업지시,안전규칙,작업 중 안전에 유의하세요 ,ISH MAHALDA DOIMO EHTIYOTKORLIK ZARUR,이스  마할다 도이모 엫티옅골릭 자룰
755,3,작업지시,안전규칙,작업에 필요한 도구를 확인하세요.,ISH VAQTIDA KERAKLI ASBOBLARNITEKSHIRIB KORING,이스 박드다 게락리  아스보브랄니 덱시리브 고링
756,3,작업지시,안전규칙,작업장내에서는 뛰지마세요.,ISH JOYIDA YUGURMANG,이스 조이다  유굴망
757,3,작업지시,안전규칙,작업장에서 물건을 함부로 던지지 마세요,ISH JOYIDA NARSALARNI OTMANG,이스 조이다 날사랄니 옽망
758,3,작업지시,안전규칙,"작업전 산소 농도, 가스 유무를 확인하세요 ","ISHDAN OLDIN ISHLANG, GAZ,…..LARNI TEKSHIRIB KORING","잇단 얼든 잇랑,  가스……… 랄니 덱시리브 고링"
759,3,작업지시,안전규칙,작업중 제품에 이상이 있을시 반드시 보고하세요,ISH VAQTIDA MAHSULOTLARNI HOLATINI TEKSHIRING,이스 박드다 맣수롵랄니 호라드니 텍시링
760,3,작업지시,안전규칙,작업화를 착용하고 일해야 합니다. ,ISH ANJOMLARIDAN FOYDALANIB ISHLANG,이스 안좀라라단 보이다라니브 이스라딩
761,3,작업지시,안전규칙,장갑을 착용하고 소재를 운반해야 합니다. ,QOLQOP ISHLATIB NARSALARNI KOTARING,골곱 이스라드브 날사랄니 고타링
762,3,작업지시,안전규칙,재떨이가 있는 흡연장소에서 흡연할 것,TUTUN BOLADI ,두둔 보라드
763,3,작업지시,안전규칙,전원이 다 꺼졌는지 확인하세요.,HAMMA APARAT OCHGANLIGIGA ISHINCH HOSIL QILING,함ㅁ 아바라드 오츠가니가 이손츠 호스르 그링
764,3,작업지시,안전규칙,조심하세요.,EHTIYOT BOLING,엫트여드 보링
765,3,작업지시,안전규칙,주머니 속에 손넣고 보행 금지,CHINTAKKA KOLNI TIQIB TURMANG,진타가 골니 드그브 둘망
766,3,작업지시,안전규칙,천천히 하세요.,ASTA SEKIN BAJARING,아스타 세긴 바장
767,3,작업지시,안전규칙,청각보호를 위해 작업장에서 귀마개를 착용한다.,SHOVQINGA BOGLIQ HOLDA ISH JOYIDA QULOQ TOSISH VOSITASINI ISHLATING,솝근가 보그르그 홀다 이스 조이다 구록가 두딧 보스타스니 잇라팅
768,3,작업지시,안전규칙,청소 시에는 분진이 발생되므로 항상 마스크를 착용하세요 ,TOZOLOV MAHALIDA DOIMO MASQA TUTING CHANEDAN SAQLANING,터조로브 마하리다 도이모 마스가 두딩 창당 사그라닝
769,3,작업지시,안전규칙,프레스기계에 손을 넣을때 주의하세요,PRES APARATIDA QOLNI EHTIYOT QILING ,브레스 아바라드다 골나 엫티여드 그링
770,3,작업지시,안전규칙,허락없이 기계를 작동해서는 안됩니다. ,RUHSATSIZ APARATNI ISHLATMANG,뤃샅시즈 아바랕니 잇라디망
771,3,작업지시,안전규칙,허락없이 함부로 기계를 작동하는 것은 위험합니다.,RUHSATSIZ APARATNI ISHLATISH HAFLI,뤃샅시즈 아바랕니 잇라디시 합리
772,3,작업지시,안전규칙,화학약품이 묻지 않도록 주의하세요.,EHTIYOT BOLING ZAHARLI NARSALARDAN,엫드여드 보링 자할리 날사랄단
773,3,작업지시,작업규칙등기타,환기를 잘 시키세요.,YAHSHI SHAMOL AYLANISHI BOLADI,얗시 사몰 아에라니ㅣ 볼드
774,3,작업지시,작업규칙등기타,거래처 사람이 왔어요,KORGANI KELGANLAR,골가니 겔간라르
775,3,작업지시,작업규칙등기타,곧 회의를 시작합니다.,TEZ ORADA MAJLISNI BOSHLAYMIZ,데즈 오라다 마즈리스니 보시라에미즈
776,3,작업지시,작업규칙등기타,그만 가보세요 ,QAYTA BORMANG,가에타 벌망
777,3,작업지시,작업규칙등기타,깨끗하게 사용하십시오. ,POKIZA ISHLATING,보기자 잇라딩
778,3,작업지시,작업규칙등기타,나를 따라 오십시오 ,MEN BILAN BIRGA YURING,멘 비란 빌가 유링
779,3,작업지시,작업규칙등기타,너무 무리하지는 마세요,OZINGIZNI KATTIQ URUNTIRMANG,오증기즤 같틱 우린드리망
780,3,작업지시,작업규칙등기타,너무 일이 많습니까?,JUDA ISH KOPMIKAN,주다 이스 곱미간
781,3,작업지시,작업규칙등기타,다른 업무를 해보고 싶습니까?,BOSHQA ISHNI HAM QILIB KORMOQCHIMISIZ?,보시가 이시니 함 기리브 골먹지미시즈
782,3,작업지시,작업규칙등기타,당신이 이 작업에 큰 도움이 되었습니다 ,BU ISHDA SIZNI KATTA YORDAMIZ TEGDI,부 이시다 시지니 가타 열다미즈 데기드
783,3,작업지시,작업규칙등기타,많이 연습하세요,KOP SHUGULLANING,고브 수굴란망
784,3,작업지시,작업규칙등기타,모르면 ㅇㅇ님에게 물어보세요 ,BILMASANGIZ …….DAN SORAB KORING,빌마산기즈 ……..단 사라브 ㅗ링
785,3,작업지시,작업규칙등기타,무겁습니다.,OGIR,오기르
786,3,작업지시,작업규칙등기타,밤에도 일을 합니다.,KECHASI HAM ISHLAYMIZ,겢스  함 이시라에미즈
787,3,작업지시,작업규칙등기타,빨리 하십시오 ,TEZ QILING,테즈 기링
788,3,작업지시,작업규칙등기타,식사후 일하기전에 충분한 휴식을 취하세요,OVQATLANIB BOLIB ISH BOSHLAMASDAN YAHSHILAB DAM OLING,오브가트라니브 보리브  잇 보시라마스단 얗시라브 담 오링
789,3,작업지시,작업규칙등기타,아직 할 일이 많습니다.,HALI QILADIGON ISHLAR KOP,하리 기라디곤 잇라르 고브
790,3,작업지시,작업규칙등기타,여기는 많이 시끄럽습니다.,BU JOY JUDAHAM SHOVQIN,부 조에이 주다 함 소빅미
791,3,작업지시,작업규칙등기타,열심히 일해주셔서 감사합니다. ,QATTIYAT BILAN ISHLAGANINGIZ UCHUN RAHMAT,카디야드 비란 이시라가니즈 우준 랗마트
792,3,작업지시,작업규칙등기타,오늘까지 작업을 마쳐야 합니다.,BUGUN ISHNI TUGATISH ZARUR,부군 이시니 두가디시 차루르
793,3,작업지시,작업규칙등기타,오늘은 회식이 있습니다.,BUGUN YIGILISH BOR,부군 유리스 보르
794,3,작업지시,작업규칙등기타,이 곳은 금연입니다. ,BU ERDA CHEKILMAYDI,부 엘다 제길마에드
795,3,작업지시,작업규칙등기타,이 물건을 다른곳으로 옮겨주세요,BU NARSANI BOSHQA JOYDA KOCHIRING,부 날사니 보시가 조이다 고지링
796,3,작업지시,작업규칙등기타,이 사항은 꼭 기억하십시오,BU GAPNI DOIM YODDA TUTING,부 가비니 더임 여다 두팅
797,3,작업지시,작업규칙등기타,이곳을 사용후 항상 깨끗하게 뒷 정리 해주세요,BU JOYDA ISHDAN KEYIN DOIM TOZALAB QOYING,부 조에이다 잇단 게인 더임 더자라브 고에잉
798,3,작업지시,작업규칙등기타,이리로 오시오 ,BU TARAFDA KELING,부 다라부다 게링
799,3,작업지시,작업규칙등기타,일을 참 잘했습니다. ,JUDAHAM YAHSHI ISHLAYAPSIZ ,주다 함 얗시 이시라얍싲
800,3,작업지시,작업규칙등기타,일이 너무 많습니까?,ISH JUDAYAM KOPMI,이시 주다함 돕미
801,3,작업지시,작업규칙등기타,일하는곳에 불편함은 없으신가요?,ISH NOQULAYLIKLARNI SERMAYAPSIZMI,잇 노구라에릭라리니 제리기마얍시즈미
802,3,작업지시,작업규칙등기타,작업 환경이 위험합니까 ?,ISH MUHIRI HAVFLIMI,이 뮈리 합리미
803,3,작업지시,작업규칙등기타,작업장안은 매우 시끄럽습니다.,ISH JOYI SHOVQINMI,이 조에이  소브긴미
804,3,작업지시,작업규칙등기타,잘 보고 따라하세요 ,YAHSHI QARAB QAYTA QILING,얗시 가라브 가에다 기링
805,3,작업지시,작업규칙등기타,잘 아시겠습니까 ?,TANIDIZMI?,타니드즈미
806,3,작업지시,작업규칙등기타,잠시 후에 봅시다.,OZGINADAN SONG KORISHAMIZ,오지기나단 송 고리시미즈
807,3,작업지시,작업규칙등기타,잠시만 기다려주세요.,OZGINA KUTING,오지기나 구딩
808,3,작업지시,작업규칙등기타,저리로 가십시오 ,XONABU TARAFDA BORING,호나부 타라브다 벌미
809,3,작업지시,작업규칙등기타,전화받으세요.,TELEFONNI KOTARING,테레보니 고타링
810,3,작업지시,작업규칙등기타,즉시 들리세요.,MENI YAHSHI ESHIYAPSIZMI?,메니 얗시 에시트얍시즈미
811,3,작업지시,작업규칙등기타,천천히 하세요,SEKIN QILING,세긴 기랑
812,3,작업지시,작업규칙등기타,큰 소리로 말씀해 보세요,QATTIQ GAPIRIB KORING,가티그 가비리브 고링
813,3,작업지시,작업규칙등기타,특별한 일 있으면 즉시 전화하세요,ZARUR ISHINGIZ CHIQIB QOLSA QONGIROQ QILING,자루르 이신기즈 치그브 골사 곤그로그 기링
814,3,작업지시,작업규칙등기타,파란색 작업복입니다.,KOK RANGLI ISH KIYIMI,곡 랑리 ㅣ에임 잇 기에임
815,3,작업지시,작업규칙등기타,현장에서 꼭 필요한 한국어도 가르쳐 드립니다.,DA JUDA KERAKLI KOREYS SOZINI ORGATAMAN,다 주다 게락리 고레에스 소지니올가다만
816,3,작업지시,작업규칙등기타,혹시 일하시면 힘든일 없습니까?,BIROQ ISH QILSANGIZ QIYIN ISH YOQ,비럭 잇 길산기즈 키에인 잇 여그
817,3,작업지시,작업규칙등기타,회사사정이 좋지 않네요,FIRMANI SHAROITI YAHSHI EMAS,빌마니 사러이트 얗시 에마스
818,3,작업지시,작업규칙등기타,회의중에 좋은 의견을 제시해 주세요,YIGILISHLARDA YAHSHI SHAROITLAR BOLSA ATROFLICHA TUSHUNTIRIB BERING,에기릿랄다 얗시 시러이디랄 벌사 아드로브리자 두순디리브 베링
819,3,기숙사및식당,기숙사안내,~까지 기숙사에서 나가주세요 ,……..GACHA YOTOQDAN CHIQIB KETING,………가차 여덕단 지기브 게딩
820,3,기숙사및식당,기숙사안내,가스를 아껴 쓰십시오 ,GAZNI OZRIQ ISHLATING,가즈니 오치리브 잇라팅
821,3,기숙사및식당,기숙사안내,기숙사 관리 책임자는 ㅇㅇ입니다. ,YOTOQHONADA MASUL SHAHS………,여덕호나다 마술 샇스 ………
822,3,기숙사및식당,기숙사안내,기숙사 관리비용은  ㅇㅇ원 까지 회사에서 보조합니다,YOTOQ HONA SARIFINI ….VONGACHA  ISHHONA BERADI,여더 호나 사리브니……원가자 잇호나 베라드
823,3,기숙사및식당,기숙사안내,기숙사 관리비용은 근로자와 회사에서 공동부담하니 아껴쓰세요,YOTOQ HONA SARIFINI SIZ VA ISHHONA KELISHIB HALQ QILINGLAR,여덕호나 사리브니  시즈 ㅂ 잇 호나 게리시브 할그 기링라르
824,3,기숙사및식당,기숙사안내,기숙사 관리비용은 ㅇㅇ원부터 근로자부담입니다 ,YOTOQ HANA SARIFINI ……VONDAN BOSHLAB ISHCHI TOLAYDI,여덕혼 사리브니 ……원단 버시라브 잇지 더라애드
825,3,기숙사및식당,기숙사안내,기숙사 비용은 근로자와 회사에서 공동부담하니 아껴쓰세요,YOTOQ HONA PULI SIZLARDAN OLINADI,여더그 호나  부리 시즈랄단 오리나드
826,3,기숙사및식당,기숙사안내,기숙사 입소를 원합니까?,YOTOQHONADA TURISHNI HOHLAYSIZMI,여덕호낟 두릿니 홓라에시즈미
827,3,기숙사및식당,기숙사안내,냉장고는 공동으로 사용하시면 됩니다,MUZLATKICHNI OZARO FOYDALANSANGIZ BOLADI,무즈랃그지니 어자로 버이다란산기즈 보라드
828,3,기숙사및식당,기숙사안내,다른 근로자와 함께 쓸 방입니다.,BOSHQA ISHLAR BILAN BIRGALIKDA FOYDALANADIGON HONA,버시가 잇랄 빌느 비리가릭다  보이다라나디곤 호나
829,3,기숙사및식당,기숙사안내,당신방은 2층입니다,SIZNING HONANGIZ 2 QAVATDA,시즈니 호난기즈 2-카바드다
830,3,기숙사및식당,기숙사안내,룸메이트에게 피해를 주지 않도록 하세요.,RUMETGA XALAQIT BERMASLIKA XARAKAT QILING,루멭가 하라그트 길마스리가 하라가트 기링
831,3,기숙사및식당,기숙사안내,룸메이트와 잘 상의하세요.,RUMMET BILAN TIL TOPISHIB OLING,루메드 비란 딜 더비시브 오링
832,3,기숙사및식당,기숙사안내,물건을 잘 정리합니다,NARSALARNI YAHSHILAB TARTIBGA SOLING,날사랄니 얗시라브 탈딥가 소링
833,3,기숙사및식당,기숙사안내,물을 아껴쓰세요.,SUVNI TEJANG,수브니 테장
834,3,기숙사및식당,기숙사안내,보일러가 고장 났나봐요,ATAPLENYA BUZILIB QOLGAN KORINADIGARANTIYA PULI …..WON,아타브레니야 부즈리브 골간 고리날디야 부리 ……원
835,3,기숙사및식당,기숙사안내,보증금 ㅇㅇ 입니다.,GIGMAGAN NARSALARNI BU JOYGA JOYLASHTIRING, 시그마간 날사랄니 부 조이가 조이라시티링
836,3,기숙사및식당,기숙사안내,불편한 점은 이곳에 적어주세요,DORILAR BU ERDA,도리랄 부 엘다
837,3,기숙사및식당,기숙사안내,비상용 구급약은 여기에 있습니다. ,DORILAR BU ERDA,도리랄 부 엘다
838,3,기숙사및식당,기숙사안내,빨래는 빨래 비누로 하는 겁니다.,YUVUNISHNI YUVINISH SUVINI ORQALI KILAMIZ,유비니시니 유비니시 유비닛니 올가리 기라미즈
839,3,기숙사및식당,기숙사안내,생필품이 필요하면 말씀하세요…,ROZGOR NARSALARI KERAK BOLSA AYTING,로지고르 날사라리 게라그 볼사 아에팅
840,3,기숙사및식당,기숙사안내,세탁기는 사용은 할 수 있습니까?,KIR MOSHINANI ISHLATISHNI BILASIZMI?,길 모시나니 이시라티시니 비라시즈미
841,3,기숙사및식당,기숙사안내,여기가 당신이 사용할 숙소입니다.,BU ER SIZ ISHLATADIGON YASHASH VA OVQATLANISH JOYI,부 엘 비즈 잇라에디곤  야사스 바 오비가트라니시 조에이
842,3,기숙사및식당,기숙사안내,옆방하고 사이좋게 지내세요.,YONIZDAGILAR BILAN OZARO YAHSHI YASHANGLAR,여닌기즈다기랄 비란 오자로 얗시 야상랄
843,3,기숙사및식당,기숙사안내,오늘은 기숙사 대청소날입니다,BUGUN YOTOQ HONADA SHANBALIK QILMANG,부 여덕호나다 산바릭 길망
844,3,기숙사및식당,기숙사안내,월세는 ㅇㅇ 입니다.,KAMUNALNAYA USLUGA………,카미날나야 웃루가………
845,3,기숙사및식당,기숙사안내,이번달 관리비는 얼마입니다.,BU OY TOLOVI NECHA PUL,부  오에 도러비 네자 풀
846,3,기숙사및식당,기숙사안내,이불을 햇볕에 말립니다.,TOSHAKLARNI QUYOSH NURIDA QURITAMIZ,도식랄니 구여시 누리다 구리딩
847,3,기숙사및식당,기숙사안내,자신의 물건은 스스로 챙깁니다.,OZ BUYIMLARINGIZNI TARTIBLI JOYLANG,오즈 부윰라린기지니 탈딥리  조이랑
848,3,기숙사및식당,기숙사안내,전기를 아껴쓰십시요,ELEKTOR ENERGIYASINI TEJAB ISHLATING,에렉톨 에넬기야시니 데자브 잇라팅
849,3,기숙사및식당,기숙사안내,전화번호를 잘 적어 가세요,TELEFON RAQAMIZNI YOZIB QOLDIRING,테레본 라가미기지니 여지브 걸디링
850,3,기숙사및식당,기숙사안내,화장실을 깨끗이 사용하세요,HOJAT HONANI TOZA FOYDALANING,호자드 호나니 더자 버이다라닝
851,3,기숙사및식당,기숙사규칙,가스 밸브를 꼭 잠가주세요,GAZ RUCHQASINI BERKITIB YURING,가즈 궃가시니 벨기디브 유링
852,3,기숙사및식당,기숙사규칙,기숙사 규칙을 준수해주세요,GAZ JUMRAKLARINI ALBATTA BIRIKTIRING,가즈 줌락라리니 알밭타 벨기팅
853,3,기숙사및식당,기숙사규칙,기숙사 복도나 계단도 깨끗하게 사용합시다.,YOTOQHONA QOIDALARIGA AMAL QILING,여더그 호나 고이다라리가 아말 기링
854,3,기숙사및식당,기숙사규칙,기숙사 시설물의 파손을 발견시 즉시 관리자에게 보고하세요,YOTOQHONA YOLAK VA ZINOPOYALARNI HAM TOZA SAQLANG,여덕호나  여락 바 지너파야랄니 함 더자 삭랑
855,3,기숙사및식당,기숙사규칙,기숙사 외부로 오물 투기를 금합니다,YOTOQ HONAGA AHLATLARNI TASHLASH MAN QILINADI,여덕호나가 앟랕랄나 탓라스 만 에티라디
856,3,기숙사및식당,기숙사규칙,기숙사내 외부인 면회는 O시까지입니다,До вывода является аутсайдером посещения пансионата,
857,3,기숙사및식당,기숙사규칙,기숙사내 조리기구의 사용을 금합니다,YOTOQDA IDISHLARNI ISHLATISH TAQIQLANADI,여덕다 이디시랄니 이시라디시 다긱라나드
858,3,기숙사및식당,기숙사규칙,기숙사내 주류 반입을 금합니다,YOTOQQA LIKER OLIB KELISH TAQIQLANADI,여덕가 리걸 오리브 게리시 타극라나디
859,3,기숙사및식당,기숙사규칙,기숙사내 질서를 잘 지키세요.,YOTOQNI TARTIBGA KELTIRING,여덕니 탈딥가 겔디링
860,3,기숙사및식당,기숙사규칙,기숙사내에서는 고성방가를 금합니다,YOTOQDA SHOVQIN QILISH MAN QILINADI,여덕다 솝긴 기리스 만 기리나드
861,3,기숙사및식당,기숙사규칙,기숙사는 1개월에 1회 점검을 합니다,YOTOQNI BIR OYDA BIR MARTA TEKSHIRIB TURILADI,여덕니  빌 오에다 빌 말타 텍시리브 두리라드
862,3,기숙사및식당,기숙사규칙,"기숙사는 아침, 저녁을 제공합니다",YOTOQNI ERTALAB KECHQURUN TEKSHIRIB TURING,여덕니 엘타라브  게치구룬 덱시리브 두링
863,3,기숙사및식당,기숙사규칙,기숙사를 깨끗이 관리하십시오. ,YOTOQHONANI TOZA FOYDALANAYLIK,여덕호나니 더자 보에다라나에리그
864,3,기숙사및식당,기숙사규칙,기숙사에 외부인을 데려오면 안됩니다. ,YOTOQ HONAGA BEGONALARNI BOSHLAB KELMANG,여독 호나가 베고나랄니 보시라브 겔망
865,3,기숙사및식당,기숙사규칙,기숙사에 O시까지 입실하십시요,YOTOQQA ….SOAT GACHA KIRING,여덕카 ……..소앝가차 기링
866,3,기숙사및식당,기숙사규칙,기숙사에서 담배를 피우면 안됩니다.,YOTOQ HONADA SIGARET CHEKISH MAN ETILADI,여덕호나다 시가레드 체기시 만 에티라드
867,3,기숙사및식당,기숙사규칙,기숙사에서 도박을 해서는 안됩니다,YOTOQXONADA JANJAL QILISH MUMKUN EMAS,여덕호나다 찬찰 기리스 뭄군 에마스
868,3,기숙사및식당,기숙사규칙,기숙사에서 소란을 피우면 안됩니다. ,YOTOQDA MUAMMO CHIQARMANG,여덕다  무아모 치갈망
869,3,기숙사및식당,기숙사규칙,기숙사에서 음주 하시면 안됩니다.,YOTOQDA ICHMANG,여덕다 잋망
870,3,기숙사및식당,기숙사규칙,기숙사의 안전을 위하여  ㅇㅇ은 금지합니다.,YOTOQ HAVSIZLIGI UCHUN ………..TAMIRLANGAN,여더그 하비싲리기 우춘 …………타밀란간
871,3,기숙사및식당,기숙사규칙,꼭 노크 하세요,SHOVQIN QILMANG,소비긴 길망
872,3,기숙사및식당,기숙사규칙,나갈 때에는 항상 전기를 끄십시오. ,CHIQIB KETAYOTGANDA SVETNI DOIM O'CHIRING,치기브 게다엳간다  시가렏니 더임 어치링
873,3,기숙사및식당,기숙사규칙,너무 늦게까지 밖에다니지 마세요.,KECHASI KOCHADA DAYDIB YURRMANG,게차시 고차다 다에디브 율망
874,3,기숙사및식당,기숙사규칙,담배는 건물밖에서 피우세요.,SIGARETANI BINO TASHQARISIDA CHEKING,시가레타니 비노 탓가리스다 체깅
875,3,기숙사및식당,기숙사규칙,매일매일 청소해 주세요,HAR KUNI TOZALIKKA ETIBOR BERING,할 구니 더자릭가 에티버르 베링
876,3,기숙사및식당,기숙사규칙,머리를 감으세요 ,SOCHIQNI YUVING,내직니 유빙
877,3,기숙사및식당,기숙사규칙,물 사용 후 수도를 꼭 잠그세요 ,SUVNI ISHLATGANDAN SONG JUMRAKNI YOPING,숩비니 이시랕간단 송  줌락니 여빙
878,3,기숙사및식당,기숙사규칙,방을 깨끗이 관리해야해요.,HONANI TOZA SAKLANG,호나니  더자 삭랑
879,3,기숙사및식당,기숙사규칙,방을 깨끗이 치우셔야 합니다.,HONANI TOZALAB ARTISH KERAK,호나니 더자라브 알디시 게라그
880,3,기숙사및식당,기숙사규칙,불조심하세요.,OLOVDAN EHTIYOT BOLING,오로비단 엫디여드 보링
881,3,기숙사및식당,기숙사규칙,빨래를 자주 하세요 ,KIRLARINGIZNI TEZ TEZ YUVIB TURING,길라긴기지니 데즈 데즈 유비브 두링
882,3,기숙사및식당,기숙사규칙,사용 후 수도꼭지를 꼭 잠가주세요,FOYDALANISHDAN SONG JUMRAKNI DOIM BERKITING,퍼에다라닛단 송  춤락니 도임 벨기등
883,3,기숙사및식당,기숙사규칙,생필품을 아껴 쓰십시오. ,EHTIYOT MOLLARINI TEJAB ISHLATING,앻티여드 모랄니 테차브 잇라팅랄
884,3,기숙사및식당,기숙사규칙,서로 싸우지 마세요 ,OZARO TORTISHMANGLAR,오자로 털티시망랄
885,3,기숙사및식당,기숙사규칙,세수하세요 ,YUZINGIZNI YUVING,유진기지니 유빙
886,3,기숙사및식당,기숙사규칙,손발을 깨끗이 씻으세요 ,QOL AYOKLARINGIZNI TOZALAB YUVING,골 여굑라린기즈니  터자라브 유빙
887,3,기숙사및식당,기숙사규칙,ㅇㅇ시까지 기숙사로 돌아오세요,…………GACHA YOTOQQA QAYTIB KELING,………가차  여턱가 가애티브 게링
888,3,기숙사및식당,기숙사규칙,외출 시에는 반드시 허락을 받으세요 ,CHIQIB KETISHDA RUHSAT OLING,치기브 게티시다 뤃사트 오링
889,3,기숙사및식당,기숙사규칙,외출시 문을 잘 잠그세요,TASHQARIGA CHIKISHDA ESHIKNI YOPING,타시가리가  치기시다 애식니 여빙
890,3,기숙사및식당,기숙사규칙,외출시에는 목적지를 알리고가세요,TASHQARIGA KETAYOTGANINGIZDA MAKSADINGIZNI BILDIRIB KETING,탓가리가 게타옅가니즈다 막사딘기즈니 빌디리브 게팅
891,3,기숙사및식당,기숙사규칙,외출하실때는 반드시 허락을 받으세요,KOCHGA CHIQISHDA DOIMO RUHSAT OLING,간차 치키시다 더임 뤃사트 오링
892,3,기숙사및식당,기숙사규칙,용변 후 반드시 물을 내려주세요 ,XOJATNI CHIQARGANDAN SONG SUVNI OCHIB YUBORING,호챁니 지갈간단 송 수브니 오치브 유보링
893,3,기숙사및식당,기숙사규칙,음식물 쓰레기를 분리수거하세요 ,OVQAT QOLDIGLARI VA AHLATLARNI AJRATING,외가트 고디기니 바 앟라트릴니 아치라팅
894,3,기숙사및식당,기숙사규칙,이번이 마지막 경고 입니다.,BU SAFAR OHIRGI OGOHLANTIRISH,부 사비르  오히리기 오곻란디리시
895,3,기숙사및식당,기숙사규칙,잠자기 전 문단속을 반드시 하세요,UHLASHDA OLDIN DARVOZANI DOIMO YOPING,우흐리시단 오린 달보자니 도임 여빙
896,3,기숙사및식당,기숙사규칙,잠잘때는 선풍기를 끄고 잡니다.,UHLASHDA VINTELYATORNI  OCHIRIB YOTING,웋랏다 빈데랴덜ㄴ 오치리브 우흐랑
897,3,기숙사및식당,기숙사규칙,장거리 외출전에 연락처를 남기세요,BOSHQA YOQQA KETAYOTGANIZDA TELEFON RAQAMINGIZNI QOLDIRING,보시가  여가 게다엳가니즈다 테레본 라가미기즈니 걸디링
898,3,기숙사및식당,기숙사규칙,전기 난로를 켜고 잠들지 마십시오. ,ELEKTOR PECHQANI  YOQIQ HOLDA UHLAMANG,에레그트르 베지가니 여긱 호다 우흐라망
899,3,기숙사및식당,기숙사규칙,전기난로,ELEKTOR PECHQA ,에레그트르 베지가
900,3,기숙사및식당,기숙사규칙,주말에 기숙사에서 잠만 자지 마세요.,YAKSHANBA KUNLARI FAQAT UHLAB YOTAVERMANG,약샨바 쿤나리  파카트 우흐랍 요타베르망
901,3,기숙사및식당,기숙사규칙,촛불,SUNIY KORISHISH,수니 코리시쉬
902,3,기숙사및식당,기숙사규칙,출근 및 외출시에는 반드시 문을 잠그세요,ISHDA CHIQAYOTGANDA ESHIKNI YOPING,이시다 지가옅간다 에식니 여빙
903,3,기숙사및식당,기숙사규칙,취짐시간에 떠들지 마세요,DAM OLISH VAQTIDA SHOVQIN QILMANG,담 오리스 바그디다  서비긴 길망
904,3,기숙사및식당,기숙사규칙,취침시간은 ~시 부터 ~시까지 입니다.,……..SOATDAN ………SOATGACHA,………..소앝단  ………송앝가자
905,3,기숙사및식당,기숙사규칙,화재 예방을 위하여 실내에서는 음식을 조리할 수 없습니다.,OVQAT TAYORLA OLMAYSIZLAR PAJAR BOLADI,오비가드 다열라  올마에시즈랄 바자르 보라드
906,3,기숙사및식당,기숙사규칙,화재에 주의하세요,ILTIMOS OLOVGA EHTIYOT BOLING,일티모스 오러비가 엫디여트 버링
907,3,기숙사및식당,기숙사규칙,환기를 자주 시켜요.,OLOV CHIQISHI MUMKUN,오로비 지기시 뭄군
908,3,기숙사및식당,기숙사규칙,tv를 켜고 잠들지 마십시오. ,TELEVIZOR YOQIQ HOLDA UHLAMANG,테레비졸 여기그 홀다 웋라망
909,3,기숙사및식당,기숙사환경,겨울철 난방 적정온도는 18~20C 입니다,QISHDA TOQ PECHQANI  NORMALNIY ISHLATISH HOLATI 18-20 c.,깃다 더그 베지가니  놀말니 이시라디스 호라드  18-20c
910,3,기숙사및식당,기숙사환경,기숙사 근처에 버스정류장이 있습니다. ,YOTOQ HONA ATROFIDA AVTOBUS BEKAT BORMI?,여덕호나 앝로비다 아브더부스 베가트 볼미
911,3,기숙사및식당,기숙사환경,기숙사 변기가 고장입니다,YOTOQHONA TUVALETI BUZILDI,여덕호나 두아레트  부줄드
912,3,기숙사및식당,기숙사환경,기숙사 생활은 어떻습니까?,YOTOQ HONADA YASHASH QANDAY,여덕호나다 야사스 칸다에
913,3,기숙사및식당,기숙사환경,기숙사 주변에 마트가 있습니다,YOTOQ HONA YON BERIDA SAVDO DOQONI BORMI,여덕호나  연 베리다 사비도 도고니 벌미
914,3,기숙사및식당,기숙사환경,기숙사가 너무 덥습니까 ?,YOTOQ HONA JUDA ISSIQMI,여덕호나 주다 이시그
915,3,기숙사및식당,기숙사환경,기숙사가 너무 춥습니까 ?,YOTOQ HONA JUDA SOVUQMI,여덕호나 주다 소부그
916,3,기숙사및식당,기숙사환경,기숙사에 필요한 것이 무엇입니까?,YOTOQ HONA UCHUN KERAKLI NARSALAR NIMA,여덕허나 우준 게락리 날사랄 니마
917,3,기숙사및식당,기숙사환경,기숙사의 냉/난방에 신경쓰겠습니다. ,YOTOQHONA  ATAPLENYASINI QARAB KOYING,여덕호나 아탑레냐시니 가라브 고에잉
918,3,기숙사및식당,기숙사환경,내일까지 수리하겠습니다. ,ERTAGACHA REMONT KILAMAN,엘타가차  레몬드 키라만
919,3,기숙사및식당,기숙사환경,너무 덥게 난방을 하지 마세요,JUDA ISSIQ PECHQANI YOQMANG,추다 이스그 펯가니 역망
920,3,기숙사및식당,기숙사환경,불편한 점은 없나요 ?,NOQULAYLIKLAR YOQMI,노구라에릭랄 욕미
921,3,기숙사및식당,기숙사환경,여름철 냉방 적정온도는 26~28C 입니다.,YOZGI HOLDA KONDISANERNI ISHLATISH HAROROTI 28-26 C,여지기 홀다고디  곤디치오넬니 이시라디스 하러라트  28-26C
922,3,기숙사및식당,기숙사환경,온수가 나오지 않나요 ?,SUV CHIQMADIMI,수브 칙마디미
923,3,기숙사및식당,기숙사환경,정전이 되었어요,SVET OCHDI,스베트 옻디
924,3,기숙사및식당,기숙사환경,항상 청결하게 사용하여 주세요,DOIM BIRGALIKDA ISHLATINGLAR,도임 빌가릭다 잇라딩랄
925,3,기숙사및식당,식당안내,먹는 물은 정수기를 이용하세요,ICHIMLIK SUVINI TOZALAB ISHLATING,이침릭 수비니 터자라브 이칭
926,3,기숙사및식당,식당안내,못먹는 음식이 있으면 말씀하세요 ,YEMAYDIGON OVQATINGIZ BOLSA AYTING,에망디곤 오비카딘기즈 볼사 아에딩
927,3,기숙사및식당,식당안내,식단에 어떤 불만이 있나요 ?,YEGULIKLARDAN QANDAY NOROZILIGINGIZ BOR,에구릭랄단 칸타에 너러지리긴기즈 버르
928,3,기숙사및식당,식당안내,식당에서 조리 가능합니다.,OSHHONADA OVQAT TAYORLASANGIZ BOLADI,오시호나다  오비카트  타열라산기즈 보라드
929,3,기숙사및식당,식당안내,식당은 이곳에 있습니다.,OSHHONA HONANI YONIDA JOYLASHGAN,오시호나 호나니 요니다 조이라시간
930,3,기숙사및식당,식당안내,식비는 얼마입니다.,YEGULIKLAR NECHA PULGA TUSHYAPTI,에구릭랄 네자 불가 두시야비드
931,3,기숙사및식당,식당안내,식비는 월급에서 공제합니다. ,YEGULIKKA KETADIGON PULNI OYLIKDAN AJRATING,에구릭랄  케다디곤 불니 오에릭단 아치라딩
932,3,기숙사및식당,식당안내,오늘 메뉴는 OO입니다,BUGUNGI MENU,부군기 메뉴
933,3,기숙사및식당,식당안내,원하는 메뉴가 있으면 말씀하세요 ,HOHLAGAN MENUINGIZ BOLSA AYTING,홓라간 메뉴인기지  볼사 아에딩
934,3,기숙사및식당,식당안내,일하면서 요리까지 하려면 힘들거에요.,HAM ISHLAB HAM OVQAT TAYORLAB YEYISH QIYIN,함 잇라브 함 오비가트 타열라브 에에이시 키에인
935,3,기숙사및식당,식당규칙,물을 끓여 드세요,QAYNATILGAN SUV ICHING,카에나딜간 수브 이징
936,3,기숙사및식당,식당규칙,설거지는 본인이 해야 합니다. ,XAR KIM O'Z ISHLATGAN IDISHLARNI  YUVISH KERAK,할 김 오즈 이시랕간 이디시니 유비시 게라그
937,3,기숙사및식당,식당규칙,식사전에는 손을 씻고 식사하세요,OVQATLANISH OLDIDA QOLINGIZNI YUVING,오비같라니시 올디단  코린기지니 유빙
938,3,기숙사및식당,식당규칙,신종플루 예방을 위해 손을 깨끗이 씻어요,QOLINGIZNI YAHSHILAB YUVING GRIPDAN SAQLANING,코링기지니 얗시라브 유빙 그리브단 삭라닝
939,3,기숙사및식당,식당규칙,조리후에 깨끗이 치워주세요.,OVQATLANGANDAN SONG TOZALAB QOYING,오비가트란간단 송  더자라브 고에잉
940,3,근로관련,"급여,수당",가불은 안됩니다.,QARZ BEROLMAYMAN,카리즈 베롤마에만
941,3,근로관련,"급여,수당",규정 위반에 의한 사고발생시 급여에서 공제가 됩니다,HAVSIZLIK BOLSA SIZ TOMONDAN OYLIGIZDAN KESILADI,하피지시지릭  볼사 시즈  더먼단 오에리긴기즈단 게시라디
942,3,근로관련,"급여,수당",근로계약 중간에 임금인상은 불가능합니다,SHARTNOMA ORTASIDA PULIZNI BEROLMASLIGIMIZ MUMKUN,사리디노마 올타시다 푸린기즈니 베롤맛리기미즈 뭄군
943,3,근로관련,"급여,수당",급여 이체일자가 O일로 변경됩니다,MUDDATNI OZGARISHI MUMKUN ….KUNGA,묻다티 어지가리시 뭄군  …..군가
944,3,근로관련,"급여,수당",급여 통장 변경시 알려주세요,DARHAQIQAT. BANK RAQAMINGIZ OZGARSA AYTIB QOYING,다하기가트 히서브 라카민기즈 오즈갈사 아에디브 고에잉
945,3,근로관련,"급여,수당",급여는 현금으로 주겠습니다. ,NAQD PUL BERAYMI,나그디 풀 베라에미
946,3,근로관련,"급여,수당",다른 사람에게 급여 통장을 맡기지 마세요,BOSHQALARGA BANK DAFTARCHASINI ISHONIB TOPSHIRMANG,버시가랄가 반그 다비탈자시니 이소니브 텊식망
947,3,근로관련,"급여,수당",다음달에 나머지를 계산하여 지급하겠습니다. ,KEYINGI OYGA QOLGAN PLLARNI HISOBLAB TUSHURIB BERAMAN,게인기 오에가 골간 푸랄니 히서비라브 두수리브 베라만
948,3,근로관련,"급여,수당",당신의 월급 계산이 틀렸습니다. ,SIZNI OYLIGINGIZNI HISOBLASHDA ADASHIBMAN,시즈 오리긴기즈니  히서비랏다 아다십만
949,3,근로관련,"급여,수당",당신의 월급이 적다고 생각합니까 ?,SIZNI OYLIGINGIZNI KAM DEB OYLAYAPSIZMI,시즈 오에리긴기즈니 감 데브 오에라얍시즈미
950,3,근로관련,"급여,수당",매년 월급을 새롭게 갱신합니다,XAR YIL OYLIGINGIZNI YANGIDAN KORIB CHIQAMAN,할 오에 오리긴기즈니 얀기단 고리브 치가만
951,3,근로관련,"급여,수당",명절에 상여금이 지급됩니다.,BAYRAMLARDA SOVGA PULGA EGA BOLASIZ,바에람랄다 소비가 풀가 에가 보라시즈
952,3,근로관련,"급여,수당",보너스 입니다.,BONUS ,보누스
953,3,근로관련,"급여,수당",상여금은 지급안되지만 선물을 드립니다.,SOVGA PUL BERMASAK HAM SOVGALAR BERAMIZ,소비가 풀 벨마사그 함 섭가랄 베라미즈
954,3,근로관련,"급여,수당",수당 계산이 잘못되었습니까 ?,QOSHIMCHA ISHLAGAN SOATLARINGIZ NOTOGRI CHIQDIMI,고심차 잇라간  사엍라린기즈  노덕리 치디미
955,3,근로관련,"급여,수당",수습기간에는 급여가 적습니다.,OYLIK KAM BOLISHI MUMKUN,오에리그 감 버리시 뭄군
956,3,근로관련,"급여,수당",시급은 ㅇㅇ원입니다. ,SIZNING ISH SOATINGIZ VAQTI ………..WON,시지니 이스 서아틘기즈 박트 …….원
957,3,근로관련,"급여,수당",실업급여를 받을 수 없습니다 ,POSOBIYA OLOLMAYSIZ,포소비야 오롤마에시즈
958,3,근로관련,"급여,수당",실업급여를 받을 수 있습니다,POSOBIYA OLAOLASIZ,포소비야 오라시즈
959,3,근로관련,"급여,수당",ㅇㅇㅇ원은 인센티브로 지급을 합니다,……..WON DAN OLAOLASIZ,……..원단 오라시즈
960,3,근로관련,"급여,수당",ㅇㅇ월간 감봉입니다.,…..ODAN  OYLIK BERISH TUGAYDI,……….오단  오에릭  베리리스 두가에디
961,3,근로관련,"급여,수당",ㅇㅇ을 부담하겠습니다.,……….SINI TOLAYDI,…………시니 더라에디
962,3,근로관련,"급여,수당",ㅇㅇ통장에 입금되었으니 확인해 보세요,…….BANK RAQAMINGIZ TUSHGANLAGINI TEKSHIRIB KORING, …… 반그  라카민기즈 둣가니니 덱시리브 고링
963,3,근로관련,"급여,수당",야근수당은 시간당 ㅇㅇ원입니다. ,KECHASI ISHLAGAN ISH HAQQINGIZ ……..WON,게차시 이시라간 이스 하긴기즈 ……원
964,3,근로관련,"급여,수당",연장근무시 시간당 ㅇㅇㅇ원을 받습니다.,QOSHIMCHA ISHLAGAN SOATLARINGIZ HAQI ……WON,고심차 잇라간 이시ㅡ 하그  …..원
965,3,근로관련,"급여,수당",오늘 월급 입금되니까 통장 확인해 보세요,BUGUN OYLIGINGIZ KARTOCHKAGA TUSHGANINI TEKSHIRIB KORING,부군 오에리긴기즈 칼덫카가 둣가니니 덱시리브 고링
966,3,근로관련,"급여,수당",원한다면 주급으로 주겠습니다. ,HOHLASANGIZ AGAR …….BERAMAN,홓라산기즈   아갈  …….베라만
967,3,근로관련,"급여,수당",월급 계산에 착오가 있었습니다. ,OYLIK HISOBDA ADASHILGAN,오에릭 히서비다 아다실간
968,3,근로관련,"급여,수당",월급 계산이 잘못 되었습니까 ?,OYLIGINGIZNI NOTOGRI HISOBLASHDIMI,오에리긴기즈니 노도기리 히서비랏디미
969,3,근로관련,"급여,수당",월급 날은 ㅇ월 d일 입니다. ,OYLIK KUNI ….OYNING…..KUNI,오에릭 구니  ……오에닝 ……구니
970,3,근로관련,"급여,수당",월급 받을 통장을 보여주세요.,OYLIK OLADIGON BANK DAFTARCHASINI KORSATING,오에리 오라디건 반그 다피달차시니 골사딩
971,3,근로관련,"급여,수당",월급날이 휴일이면 휴일전날 급여가 지급됩니다.,OYLIK KUNI DAM OLISH KUNIGA TOGRI KELIB KOLSA BIR KUN KEGIN OLASIZ,오에릭 구니 담 오리스 구니가 더기리 게리브 골사 빌 군 게인 오라시즈
972,3,근로관련,"급여,수당",월급명세서 입니다.,OYLIK HAQIDA QOGOZ,오에릭 하가다 고거즈
973,3,근로관련,"급여,수당","월급에 식비,기숙사비가 포함되어 있습니다",OYLIGINGIZDA OVQAT VA YOTOQ PULI AYRIB QOLINGAN,오리기즈단 여덕 바  오비가트  푸리 아에리브 골디그
974,3,근로관련,"급여,수당",월급에서 ㅇㅇ% 의 돈이 빠집니다.,OYLIGINGIZDA % AYRIB QOLDIK,오에리기즈단  00% 아에리브 골디그
975,3,근로관련,"급여,수당",월급에서 ㅇㅇ가 공제됩니다 ,OYLIGIZDAN…..CHA USHLAB QOLINADI,오리기지단 칸차 우시라브 고라디
976,3,근로관련,"급여,수당",월급으로 지나치게 비싼 물건을 사지마세요,OYLIGINGIZDA KIMMAT BUYIMLAR SOTIB OLMANG,오에리긴기즈단 키마트 날사랄 서티브 올망
977,3,근로관련,"급여,수당",월급은 꼬박꼬박 저축하세요.,OYLIGINGIZNI TOPLAB TOPLAB JAMGARING,오리긴기즈니 더피라브 더피라브 참카링
978,3,근로관련,"급여,수당",월급은 어느 정도로 생각하고 있습니까?,OYLIGIM QANCHA DEB OYLAYSIZ,오리김 칸차 데브 어에라에시즈
979,3,근로관련,"급여,수당",월급은 통장으로 송금됩니다 ,OYLIK MAOSHINGIZ KARTOCHKANGIZGA TUSHDI,오에릭 모아신기즈 칼덪간기즈가 두사드
980,3,근로관련,"급여,수당",월급을 아껴쓰세요,OYLIK MAOSHINGIZNI TEJAB ISHLATING,오에릭 머아신기즈니 테자브 이시라팅
981,3,근로관련,"급여,수당",월급을 타면 가족에게 송금합니까?,OYLIK MAOSHINGIZ CHIQSA OILANGIZGA JONATYAPSIZMI,오에릭 마어신기즈 칙사 오이란기지가 초나티얖시즈미
982,3,근로관련,"급여,수당",월급이 늦어서 미안합니다.,OYLIGINGIZ KECHIKKANI UCHUN UZUR,오에리긴기즈 게치카니 우준 우추르
983,3,근로관련,"급여,수당",월급이 매년 조금씩 인상됩니다.,OYLIK MAOSHINGIZ OZGINADAN OSHIB BORADI,오에리긴기즈 오지기나단 오시브 버라드
984,3,근로관련,"급여,수당",이달 월급이 체불되었습니다,BU OY OYLIK OCHIRILADI,부 오에 오에릭 외리라디
985,3,근로관련,"급여,수당",이번달 급여가 입금되었습니다,OYLIK SAQLANISHGA BERILDI,오에릭 삭라니사 베릴디
986,3,근로관련,"급여,수당",이번달 월급은 감봉 되었습니다.,BU OY OYLIGI TOLAB BOLINDI,부 오에이 오리기 더라브 보린디
987,3,근로관련,"급여,수당",이번달 월급은 인상 되었습니다.,BU OY OYLIK OSHDI,부 오에이 오릭 옷디
988,3,근로관련,"급여,수당",이번달 임금은 ㅇㅇ원입니다.,BU PY OYLIGI 0000000CHA,부 풀  오에리기  00000차
989,3,근로관련,"급여,수당",이번달에 보너스를 지급합니다.,BU OY BONUS CHIQADI ,부 오에 보누스 지카트
990,3,근로관련,"급여,수당",일 성실히 하면 보너스 지급하겠습니다.,BONUS BERSANGIZ GAYRAT BILAN ISHLAYMIZ,보누스 벨산기즈 가에라트 비린 이시라에미즈
991,3,근로관련,"급여,수당",일을 열심히 하면 내년에 월급을 올려주겠습니다. ,ISHNI GAYRAT BILAN QILSANGLAR KELASI YILGA OYLIKNI OSHIRAMAN,이시니 가에라트 비란 길산기즈 야나기 에일가 오릭니 오시라만
992,3,근로관련,"급여,수당",일을 하지 않은 날은 월급에 계산되지 않습니다,ISHLAMAGAN KUNILARGA ISH HAQQI YOZMAYMAN,이시라마간 군랄가 이스 하크 여질마에드
993,3,근로관련,"급여,수당",임금 관련 사항은 ㅇㅇ에게 문의하세요,OYLIK SAOLLARI BOLSA ………SHU ERGA MUROJAT QILING,오릭 사월랄 벌사  …. 수 엘가 무로자드 기링
994,3,근로관련,"급여,수당",임금 통장을 변경하겠습니다. ,OYLIKNI HISOB RAQAMILARGA TASHLAB BERAMAN,오에릭니 히소브 라감가 타시라브 베라만
995,3,근로관련,"급여,수당",임금은 근로계약서에 명시된 것과 동일합니다.,SHARTNOMADA QANDAY BOLSA SHUNDAY BERILADI OYLIK,살드노마다 간다에 볼사 순다에 베리라디 오에릭
996,3,근로관련,"급여,수당",임금이 이번달 적게 나왔어요,OYLIKINGIZ BU OY OZROQ CHIQADI,오애리긴기즈 부 오에 오지로그 치가드
997,3,근로관련,"급여,수당",잔업수당은 월급이외에 별도로 추가 지급됩니다,ISHLAGAN SOATLARINGIZNI HAQQINI MAOSHINGIZ BILAN QOSHIB BERAMIZ,이시라간 이시 소앝라린기즈니 하그나 모아신기즈 비란 고시브  베라만
998,3,근로관련,"급여,수당",잔업수당입니다.,QOSHIMCHA ISH SOATI,고심차 이시 소아트
999,3,근로관련,"급여,수당",재계약시 근무상태에 따라 임금인상이 가능합니다,SHARTNOMADAGI PULGA BOGLIQ HOLDA PUL TUSHURILISHI MUNKUN,살드노마다기  풀가 보그릭 홀다 풀 두수리리시 뭄군
1000,3,근로관련,"급여,수당",주급으로 받을 수 없습니다. ,ISHLANMAGAN SOATGA ISH YOZILMAYDI,이시라마간 이시 소아티가  이스 여질마에디
1001,3,근로관련,"급여,수당",최저임금은 ㅇㅇ원입니다. ,ISH HAQQI…………WON ,이스 하크  …….원
1002,3,근로관련,"급여,수당",타인의 월급과 본인의 월급을 비교하지 마십시오. ,BOSHQALAR BILANSOLISHTIRMANG  OYLIKNI TOGRI TOLADIM,봇가랄 비란  소릿딜망 오에릭니 덕리 더라딤
1003,3,근로관련,"급여,수당",퇴직금은 ㅇ원입니다. ,13 OYLIGIZ ….WON,13 오에긴기즈 ……원
1004,3,근로관련,"급여,수당",회사 사정이 좋지 않아 임금을 줄 수 없어요,FIRMA HOLATI YAHSHI EMASLIGIGA PUL TUSHURIB BEROLMAYAPMIZ,빌마 호라디 얗시 에맛리기가  풀 두수리브 베롤마얖미즈
1005,3,근로관련,"급여,수당",회사사정으로 임금지급이 연기됩니다,FIRMA HOLATIGA QARAB OYLIK MAOSHINGIZ TUSHADI,빌마 호라다가 가라브 푸린기즈 두사디
1006,3,근로관련,"회사,근무규칙",계약기간은 ㅇㅇ개월 입니다. ,SHARTNOMA VAQTI,실드노마 박트
1007,3,근로관련,"회사,근무규칙",계약서 사항을 준수해야 합니다. ,SHARTNOMANI AMALGA OSHIRISHINGIZ SHART,실드노마니  아말가 오시리신기즈 살드
1008,3,근로관련,"회사,근무규칙",계약을 연장하고 싶습니다.,SHARTNOMANI UZYTIRISHNI HOHLAYMAN ,살드노마니 우자에디리시니 홓라에만
1009,3,근로관련,"회사,근무규칙",근로계약서를 다시 확인해 보세요,SHARTNOMA QOGOZINGIZNI TEKSHIRIB KORING,살디노마 고거진기즈니 덱시리브 고링
1010,3,근로관련,"회사,근무규칙",근무시간은 계절에 따라 조정됩니다.,ISH SEZONGA QARAB BOLADI,이스 세천가 가랍 보라디
1011,3,근로관련,"회사,근무규칙",근무일을 변경하고 싶으세요 ?,ISH SOATINGIZNI OZGARTIRMOQCHIMISIZ,이시 ㅗ아딘기즈니 오지갈딜목치미시즈
1012,3,근로관련,"회사,근무규칙",다른 회사로 옮기고 싶나요 ?,BOSHQA FIRMAGA ISHGA OTMOQCHIMISIZ,보시가  빌마가  이시가 옫먹치미즈
1013,3,근로관련,"회사,근무규칙",보고없이 회사에 출근하지 않을 경우 이탈신고를 할 수도 있습니다.,AGAR ISHLASHNI HOHLAMASANGIZ KETISHINGIZNI AYTING,아갈 이시리시니 홓라마산기즈 게티신기즈니 아에팅
1014,3,근로관련,"회사,근무규칙",복장을 단정히 하십시오. ,ILTIMOS TOZA KIYINING,일티모스 더차 기에이닝
1015,3,근로관련,"회사,근무규칙",산재처리를 해 드릴께요,DAVOLANISHINGIZNI  KILIB BERAMAN,다버라니신기즈니 기리브 베라만
1016,3,근로관련,"회사,근무규칙",수습기간이 있습니다.,SINOV MUDDATI,시노ㅡ 무ㅏ티
1017,3,근로관련,"회사,근무규칙",아직 식사시간이 아닙니다 ,HALI OVQATLANISH VAQTI BOLMADI,하리 오비카티라니시 바그트 볼마드
1018,3,근로관련,"회사,근무규칙",야간 근무가 가능합니까?,KECHASI ISHLASHINGIZ MUMKUN,게차시 이스라신기즈 뭄군
1019,3,근로관련,"회사,근무규칙",업무시간은 ㅇ시 까지입니다 ,ISH VAQTI ……….GACHA,이시ㅡ 바그티  ……… 가차
1020,3,근로관련,"회사,근무규칙",오늘은 야간근무입니다. ,BUGUN NOCH ISHLAYSIZ ,부군  노츠 이시라에시즈
1021,3,근로관련,"회사,근무규칙",오늘은 주간근무입니다. ,BUGUN KUNDIZI ISHLAYSIZ,부군 군두즈 이스라에시즈
1022,3,근로관련,"회사,근무규칙",우리직장은 OO을 만듭니다,BIZNI ISHIMIZ YASASH,비즈니 이시미즈 야사즈
1023,3,근로관련,"회사,근무규칙","우리회사는 2교대(3교대,4교대)입니다.","BIZNI FIRMAMIZ 2TA BINO (3TA, 4TA)","비지닝  빌마 2 타 비노 (3타, 4타)"
1024,3,근로관련,"회사,근무규칙",우리회사는 근무여건이 좋습니다,BIZNING FIRMADA ISHLASH SOATLARI QULAY,비지닝  빌마다 이시라ㅣ 서아트라리  구라에
1025,3,근로관련,"회사,근무규칙",재계약을 원하나요?,YANA SHARTNOMA QILOSHNI HOHLAYSIZMI,야나 살드노마 기리시니 홓라에시즈미
1026,3,근로관련,"회사,근무규칙",조퇴 하고 싶습니까?,ERTAROQ KETISHNI HOHLAYSIZMI,엘타로그 게디시니 홓라에시즈미
1027,3,근로관련,"회사,근무규칙",좋아요. 2주일간 휴가를 주겠어요.,YAHSHI 2KUNGA DAM BERAMAN,얗시 2 군가 담 베라만
1028,3,근로관련,"회사,근무규칙",퇴직하길 원하나요?,ISHDAN CHIQICHNI HOHLAYSIZMI,이스단 치깃니 홓라에시즈미
1029,3,근로관련,"회사,근무규칙",하루에 몇시간 일하십니까?,BIR KUNDA NECHA SOAT ISHLAYSIZ,빌 군다 네차 서아트 이시라에시즈
1030,3,근로관련,"회사,근무규칙",회사 규칙을 잘 따라주세요 ,FIRMA QOIDALARI ESLAB YURING,필마 고이다라리니 에시라브 유링
1031,3,근로관련,"회사,근무규칙",회사 사정으로 당신을 해고해야 합니다 .,FIRMA HOLATI SABABLI ISHDAN CHIQARAMIZ,필마 호라디 사밥리  이시단 차가라미즈
1032,3,근로관련,"회사,근무규칙",휴가는 ~~ 부터 ~~까지 입니다 ,DAM KUNLARI….DAN…..GACHA,담 군라리 ….단  …..가차
1033,3,근로관련,"회사,근무규칙",휴가는 연 ㅇㅇ일입니다. ,DAM OLISH….KUN,담 오리스   …군
1034,3,근로관련,"회사,근무규칙",휴가를 사용하고 싶나요 ?,DAM OLISH KUNLARI ISHLASHNI HOHLAYSIZMI,담 오리스 군라리 이시라시니 홓라에시즈미
1035,3,근로관련,"회사,근무규칙",휴일 근무가 가능 합니까?,DAM OLISH KUNIGA PUL BOLADIMI,담 오리스 구니가 풀 버라디미
1036,3,근로관련,채권채무,계약서 내용을 잘 확인해보세요,SHARTNOMA MAZMUNINI YAHSHILAB TEKSHIRING,살드노마 마즈무니니 얗시라브 텍시링
1037,3,근로관련,채권채무,"돈이 부족할 테니까, 그동안 맡아두었던 돈을 일부 돌러주겠어요.","PUL ETARLI EMASLIGI UCHUN ,BUNCHA VAQT DAVOMIDA ISHONIB TOPSHIRGAN PULLARINGIZNI ","풀 에탈리 에맛리기 우준, 분자 박트 다버미다 이서니브 덮실간 풀라리기즈니"
1038,3,근로관련,채권채무,보증을 서실껀가요?,GARANTIYA BERASIZMI,가란디야 베라시즈미
1039,3,근로관련,고용허가서등,3년의 취업기간 종료후에 체류기간 연장이 가능합니다. ,3YIL SHARTNOMA TUGAGANDAN SONG SHARTNOMANI YANA UZAYTIRISH MUMKUN,3에일 살디노마 두가간단 송 살디노마니 야나 우자에디리시 뭄군
1040,3,근로관련,고용허가서등,계약된 사업장에서만 일해야 합니다.,SHARTNOMA QILGAN ISH JOYDAGINA ISHLASH KERAK,살ㄷ노마 길간 잇다기나 잇라시 게라그
1041,3,근로관련,고용허가서등,계약서입니다.,SHRTNOMA QOGOZI,살트노마 고거즈
1042,3,근로관련,고용허가서등,고용계약기간은 1년입니다. ,ISH SHARTNOMASI 1 YIL,이시 살디노마시 1 에일
1043,3,근로관련,고용허가서등,고용계약기간은 연장할 수 있습니다. ,ISH SHARTNOMASINI UZYTIRSA BOLADI,이스 살드노마시니 우자에딜사 보라디
1044,3,근로관련,고용허가서등,그동안 사업장을 이탈해서는 안됩니다.,SHU VAQT DAVOMIDA ISHNI OZGARTIROLMAYSIZ,수 박트 다보미다 이시니 오지갈다라 올마에시즈
1045,3,근로관련,고용허가서등,근로계약 조건을 숙지해야 한다.,ISH SHARTNOMASIDAGI TALABNI BAJARISH KERAK,이스 살디노마시다기 타라브니 바자리스 게라그
1046,3,근로관련,고용허가서등,"근로기준법 제 61조의 농림, 축산, 양잠, 수산사업의 경우동법상의 근로시간, 휴게휴일에 관한 규정은 적용받지 아니함.",ISH SHARTNOMALARI 61MODDA KISHLOK HOJALIGI ISHLAB CHIKARISH BALIQCHILIK AGAR,"이스 살드노마라리  61몯다 기시로크 호자리기, 이시라브 지카리스 바릭지릭, 아그라"
1047,3,근로관련,고용허가서등,근무시 1년마다 근로계약을 갱신해야 합니다,SHARTNOMA  1 YILGA,살디노마 1 에일
1048,3,근로관련,고용허가서등,근무시 1년마다 체류기간연장 허가를 받아야 합니다,SHARTNOMA 1 YILGA TUZUB YASHASH MUDDATINI UZAYTIRIB YURILADI,살디노마 1  에일가 두지리브 야삿 무다디니 우자에디리브 유리라디
1049,3,근로관련,고용허가서등,농축산업에서 제조업종으로 사업장변경은 불법입니다.,KISHLOQ HOJALIGIDAN ISHLAB CHIQARISHGA ALMASHTIRIB BOLMAYDI,기시로그 호자리기단 이시라브 지가리시가 알맛디리브 볼마에디
1050,3,근로관련,고용허가서등,불법체류자 취업알선은 불법입니다.,ISH VAQTI OTIB KETGANLAR ISH BERISH NOQONUNIY,이스 박드 오디브 겓간랄  이시 베리스 노고누니에
1051,3,근로관련,고용허가서등,비자는 E-9입니다.,VIZA  E-9CHET ELLIKLARNI ISH BILAN TAMINLASH MARKASIORQALI KOREAGA KELINADI,비자  e-9 젣 엘릭랄니 이ㅣ 비란 타믹라스 말가즈 올가리 고레아가 게리나디
1052,3,근로관련,고용허가서등,외국인고용허가제로 한국에 왔습니다.,SHARTNOMA VAQTINGIZNI UZAYTIROLMAYSIZ,살드노마 비기티니 우자에디라 올마에시즈
1053,3,근로관련,고용허가서등,체류기간은 연장하지 못합니다. ,YASHASH UCHUN MUDDATINI SURA OLMAYDI,야ㅏ시 우준 무닫니 수라 올마애디
1054,3,근로관련,고용허가서등,체류기간이 ㅇ월 ㅇ일까지입니다. ,AMAL KILISH VAKTI …..OY …….KUNGACHA,아말 기리시 빅티  ….오에 ……군가자
1055,3,근로관련,고용허가서등,한국의 노동자와 동등한 권리와 의무를 갖고 있다.,KOREA DAVLATIDA ISHLAGANLAR HAQ HUQUKIGA EGADIRLAR,고레아 다브라디다  이시라간라르 하그 후구기카 에가딜랄
1056,3,근로관련,고용허가서등,회사를 마음대로 바꿀 수는 없다.,ISHLASH JOYINI HOHLAGANIDEK O'ZGARTIRA OLMAYSIZ ,이시 조이니 홓라간덱 오지갈다라 올마에시즈
1057,3,근로관련,각종보험,가입한 보험에 대하여 알고 있나요?,STRAHOVQA HAKIDA BILASIZMI,스트라허피가  하키다 비라시즈미
1058,3,근로관련,각종보험,건강 보험이 적용됩니다. ,SOGLIK STRAHOVKASIDAN FOYDALANILADI,서키리그  스티라허피가시단 보이다라니라디
1059,3,근로관련,각종보험,건강보험료는 사업주와 근로자 각각1/2씩 부담해야 합니다,SOGLIK STRAHOVKA TOLOVI ISHCHI VA …….,서키리그 스티라헢가  더러비  이시지 바 ……
1060,3,근로관련,각종보험,결재통장에 잔액이 부족하여 보험가입이 지연되고 있습니다,BANK RAQAMINGIZDA PUL YETISHMASLIGI SABABLI STRAHOVQA PULLARINI USHLAB QOLOLMAYMIZ,반그 라가민기즈다 풀 에딧맛리기 사밥리 스티라헢가가 풀 우시라브 고롤마에미즈
1061,3,근로관련,각종보험,고용보험 ,ISHLASH SOLIGI,이시라스 소리그
1062,3,근로관련,각종보험,국민건강보험 ,PENSIYA NALOGI,펜시야 나로그
1063,3,근로관련,각종보험,국민연금에 가입되어 있습니다. ,PENSIA  SOLIGI ,펜시야 소리그
1064,3,근로관련,각종보험,귀국비용보험,BILET PULI UCHUN SRTAHOVQA,ㅣ레트 푸리 우준 스트라허브가
1065,3,근로관련,각종보험,귀국비용보험 금액은   0000 원입니다.,BILET PULI……WON,비래드 푸리 …..원
1066,3,근로관련,각종보험,귀국비용보험은   한국에서 곤란한 일을 당했을시 본국으로 돌아갈수 있도록 비행기표를 살 수 있는 안전장치 입니다.,,
1067,3,근로관련,각종보험,귀국비용보험은  본인의 통장에서 인출됩니다.,BILET PULIZ HISOB RAQAMIZGA TUSHDI,비레트 푸린기즈 히소브 라카마가 두시드
1068,3,근로관련,각종보험,귀국비용보험은  체류기간을 마치고 본국으로 귀국시에  지급됩니다.,SAMALETGA OLINGAN PULINGIZNI QACHONKI SHARTNOMA TUGAGANDA OLA OLASIZ,ㅏ마렽가 오린간 푸리기즈니 카존기 살드노마 두가간다 오라시즈
1069,3,근로관련,각종보험,귀국비용보험은 의무입니다. ,SAMALET BILETTINI SOLIGI,사마려트 비래드 소리그
1070,3,근로관련,각종보험,"귀국시 출국만기보험,귀국비용보험을 신청해야 합니다",13 OYLIK  SAMALET BILETI  TOLASH LOZIM,13오리그 사마ㅕ트 비레트  더라스 러즈미
1071,3,근로관련,각종보험,당신국가는 국민연금 적용 제외국가입니다,SIZNI DAVLATINGIZ MILLIY STRAHOVQA PULINI USHLAYDIGON DAVLAT,시즈니 다비라딘기즈 밀리에 스트라허브가 퓨리니 우시라에다곤 다브라트
1072,3,근로관련,각종보험,보험금은 ㅇ원 입니다.,STRAHOVQA PULI ….WON,스트라허브가 푸리 …원
1073,3,근로관련,각종보험,보험에 가입하려면 통장사본이 필요하니 통장을 보여 주세요,STRAHOVKA KILISH UCHUN HISOB RAKAMINGIZNI AYTING,스트라허브가 기리시 우준 히소브 라가민기ㅡ니 아에딩
1074,3,근로관련,각종보험,보험은 들었습니까?,STRAHOVQA KIRDIMI,스트라허브가가 길디미
1075,3,근로관련,각종보험,산재보험 ,SOGLIQ STRAHOVQASI,소구리그 스트라허브가스
1076,3,근로관련,각종보험,삼성화재 연락처는 02-2119-2400 입니다 ,SAMSUNG AGENTLIGI TEL RAQAMI  02-2119-2400,삼성 아겐ㄷ리기니 텔 라가미   02-2119-2400
1077,3,근로관련,각종보험,상해보험,SOGLIK SOLIGI …….WON,소그리그 소리그 …..원
1078,3,근로관련,각종보험,상해보험 가입 금액은 0000원입니다.,SOGLIK SOLIGI …….WON,소그리그 소리그 …..원
1079,3,근로관련,각종보험,상해보험 문의는 OO번입니다,SOGLIQ SOGLIGI ………..RAQAM,소그리그 소리그 ….. 라감
1080,3,근로관련,각종보험,상해보험은  일과 후 또는 휴일에  다쳤을때  보상을 받습니다.,DAM OLISH MAHALDA HAM SHIKAST ETSA HAM SOGLIK SOLIGI BORLIGI UCHUN OLISHI MUMKUN,
1081,3,근로관련,각종보험,상해보험은 외국인근로자가 의무적으로 가입해야 합니다.,SOGLIQ SOLIGINI CHET ELLIK ISHCHILAR TOLASH KERAK,속릭 소리기니 젣 엘릭 잇지랄 도라시 게라그
1082,3,근로관련,각종보험,ㅇㅇㅇ로 보험금 지급을 청구하세요,……….CHA SOLIGNI TOLANG,…….차   소릭니 더랑
1083,3,근로관련,각종보험,여러분은 고용허가제 보험을 가입해야 합니다. ,BARCHA STRAHOVQAGA AZO BOLISHGA MAJBUR,발자 스트라홒가가 아조 보리시가 마즈부르
1084,3,근로관련,각종보험,여러분은 귀국비용보험과 상해보험료에 가입해야 합니다. ,SAMALET BILET BILAN SOGLIK SOLIGINI SIZ TOLAYSIZ,사마려드 비레드 비란 속릭 소리기니 시즈 더라에시즈
1085,3,근로관련,각종보험,외국인근로자가 반드시 가입해야 되는 보험이 있습니다.,CHET ELLIK ISHCHILAR ALBATTA AZO BOLADIGON STRAHOVQA,젣 엘 잇지랄 알밭타 아조 보라디곤 스트러호프가
1086,3,근로관련,각종보험,임금체불보증보험,OLOLMAGAN OYLIK UCHUN SOLIQ,오라 올마간 우준 속르그
1087,3,근로관련,각종보험,출국만기보험 ,13 OYLIK SOLIGI,13 오에릭 소리그
1088,3,근로관련,각종보험,출국만기보험과 보증보험은 회사에서 가입합니다. ,13OYLIK BA SOGLIK SOLIGINI ISHHONA KILADI,13 오에리그 바 소리그니 잇호나 기라드
1089,3,근로관련,각종보험,출국만기보험은 1년이상 근무하시면 받을수 있습니다.,13 OYLIK 1YIL TOLIQ TOLMAGINCHA OLIN BOLMAYDI,13오에릭 1에일 더릭 볼마군차 오리브 볼마에디
1090,3,근로관련,각종보험,출국만기보험은 퇴직금과 비슷합니다. ,13OYLIK BILAN CHULGUNMANGIPOHOM BIR HIL,13 오에릭 비란 출근만기보험 빌 힐
1091,3,근로관련,기타,"2009년 최저임금은 904,000입니다.",2009YIL ENG KAM ISH HAQQI 904MING WON,2009 에일  엥 감 이스 학그 904 밍 원
1092,3,근로관련,기타,같이 해결 방안을 찾아봅시다.,BIRGA MUAMMONI ECHIB KORAYLIK,빌가 무아모니 에지브 고라에릭
1093,3,근로관련,기타,고정적인 일자리를 원합니다.,….ISH JOYINI HOHLAYMAN,…..이스 조이니 홓라에만
1094,3,근로관련,기타,그리고 비행기표는 우리가 알아서 예매해 줄께요.,SAMALET CHIPTASINI OZIMIZ BILIB BUYURTMA BERAMIZ,사마료드 칲타시니 오지미즈 비리브 부율디마 베미즈
1095,3,근로관련,기타,다시 이곳으로 복귀 하세요,ILTIMOS BU ERGA QAYTING,일디모스 부 엘가 가에딩
1096,3,근로관련,기타,당신은 생활보호 대상자 입니다.,,
1097,3,근로관련,기타,당신의 요청을 들어주지 못해 미안합니다. ,SIGA  KIRGASIZ BEROLMAGANIMIZ UCHUN UZUR,시즈가  길가시즈  베롤마가니미즈 우준 우주르
1098,3,근로관련,기타,면접을 한번 봅시다,BIR UCHRASHIB KELISHIB KORAYLIK,빌 우지라시브 게시시브 고라에리그
1099,3,근로관련,기타,사장님은 오늘 출장중입니다,DIREKTORIMIZ BUGUN KAMANDIROVQADA,디렉더리미즈 부군 가만디로프가다
1100,3,근로관련,기타,세금은 ㅇㅇ원입니다. ,SOLIQ ……WON,소리그 …..원
1101,3,근로관련,기타,세금은 원천징수됩니다.,SOLIQ USHLAB QOLINADI,소리그  우시라브 고리나디
1102,3,근로관련,기타,시급 4천원*8시간해서 하루 3만 2천원이 최저임금입니다.,SOAT BAY ISH HAQQI 4MING WON 8SOATIGA 32MING WON TOLAYMIZ,소아트 바에 이스 학그 4 밍 원 8소아티가 32밍 원 더라에미즈
1103,3,근로관련,기타,시범적으로 시행합니다,EKSPEREMENT UCHUN,에게스페레멘트 우준
1104,3,근로관련,기타,아르바이트를 하고 있습니다.,QOSHIMCHA ISH QILYAPMAN,고심자 이스 기럎만
1105,3,근로관련,기타,앞으로 이런 일이 없도록 노력해주세요. ,"KELAJAKDA BUNDAY ISHLARIZNI YOQOTIB , QATTIYAT QILMANG","게라작다 분다에 잇랄니 요고디브 , 가디야드 길망"
1106,3,근로관련,기타,애로사항을 말씀해보세요,ILTIMOS MENGA YAHSHI KORGAN ISHINGIZNI AYTING,일디머스 멘가 얗시 골간 이신기즈니 아에딩
1107,3,근로관련,기타,어려운 점 있으면 OO 에게 말씀하세요,QIYNALGANIZ BOLSA …….GA AYTING,키에날가니즈 볼사 …. 가 아에딩
1108,3,근로관련,기타,여기서 일 할 수 있겠습니까?,BU ERDA ISHLAY OLASIZMI,부 엘다 이시라에 오라시즈미
1109,3,근로관련,기타,열심히 일해주세요 ,QATTIYAT BILAN ISHLANG,카디야드 비란 이시랑
1110,3,근로관련,기타,외국인 등록증 번호가 어떻게 됩니까?,PASPORT RAQAMIZ NECHA,파스폴트 라카민기즈 네자
1111,3,근로관련,기타,외국인등록증을 90일 안에 발급해 줄게요 ,ID KARTANGIZNI 90KUN DAVOMIDA TAYORLAB BERAMAN,이디  갈단기지니 90 군 다보미다 타열라브  베라만
1112,3,근로관련,기타,이 일이 힘듭니까 ?,BU ISH OGIRMI,부 이시 오그리
1113,3,근로관련,기타,이번 달  야간 근무 시간은 총 00시간입니다,BU OY KECHDA ISHLAGAN SOATINGIZ…..,부 오에 게지ㅏ 이시ㅏ간 소아딘기즈
1114,3,근로관련,기타,이번달  공휴일 의 특근 시간은 총 00시간입니다.,BU OYDA BAYRAM KUNLARI ISHLAGAN SOATINGIZ,부 ㅗ에다 방람 군라리 이시라간 서아티즈
1115,3,근로관련,기타,이전 회사에서는 어떤 일을 하셨습니까?,OLDINGI ISHLAGAN ISHINGIZ QANDAY ISH EDI,올딘기 이시라간  이신기즈 카나에 이시 애디
1116,3,근로관련,기타,이전 회사에서는 왜 퇴사하셨습니까?,OLDINGI ISHLAGAN ISHINGIZDAN NEGA CHIQIB KETTINGIZ,올딘기 이시라간 이시즈단 니마가 지기브 게딩기즈
1117,3,근로관련,기타,이전 회사에서는 월급을 얼마정도 받았습니까?,OLDINGI ISHLAGAN ISHINGIZDA OYLIK QANCHA EDI,올딘기 이시라간 이신기즈다 오에릭 간자 에디
1118,3,근로관련,기타,임금체불에 관한 신고는 노동부로 하세요,OLOLMAGA OYLIGIZNI MEHNAT MARKAZIGA ARIZA KILING,오롤마간 오리긴기즈니 맿나드 말가지가 아리자 기링
1119,3,근로관련,기타,최저임금은 ㅇㅇ입니다.,KANTRAKT OYLIGINGIZ QANCHA…..,간트라그트 오에리ㅣㄴ기즈 간자
1120,3,근로관련,기타,해외구직표를 작성하십시요.,ANKETANI TOLDIRING,아게타니 돌디링
1121,3,근로관련,기타,회사 사정을 이해해주시기 바랍니다 ,FIRMANI HOLATINI TUSHUNISHINGIZNI HOHLAYMAN,비리마니 호라디니 두수니신기즈니 홓라에만
1122,3,근로관련,기타,회사 사정이 안좋습니다.,FIRMANI HOLATI YAHSHI EMAS,비리마니 호라트 얗시 에마스
1123,3,근로관련,기타,회사가 부도가 났습니다.,FIRMA BANKROT BOLDI,비리마 반그로트 버드
1124,3,근로관련,기타,회사생활에 만족하십니까?,ISHHONA QONUNI SIZGA YOQADIMI,이호나 고누니 시즈가 여가드미
1125,3,근로관련,기타,회사에서 야유회를 갑니다.,ISHDAN DAM OLISHGA CHIKASIMI,이시단 담 오리시가 지카시지미
1126,3,고용관련신고,입사,이곳에 취업을 원해요?,BU JOYGA ISHGA KIRISHNI HOHLAYSIZMI,부 조애가 이시가 기리시나 홓라에시즈미
1127,3,고용관련신고,퇴사,계약이 만료되었습니다.,SHARTNOMA TUZDIMI,살드노마 둣즈디미
1128,3,고용관련신고,사업장변경,당신을 재고용하고 싶어요,SIZ YANA ISHLASHNI HOHLAYSIZMI,시즈 야나 이시라스니 홓라에시즈미
1129,3,고용관련신고,사업장변경,재고용자는 귀국후 주재사무소를 방문하셔야 합니다,,
1130,3,고용관련신고,사업장변경,"직장을 변경시 반드시 노동부,법무부에 신고해야 합니다",ISH JOYINGIZNI OZGARTIRAYOTGANDA MEHNAT VAZIRLIGIGA KIRIB ROYHATDAN OTING,이스 조이니 오즈갈디라옅가다 멯나드 바즐리기가 기리브 로에핱단 어딩
1131,3,고용관련신고,출입국,"1. 비행기표 예약(출국, 입국)",1  SAMALET BILET BUYURTMA (KETISH  KELISH),1  사마려드 비레드 부율드마  (게디시 게리시)
1132,3,고용관련신고,출입국,2. 재입국허가 동의서,KAYTIB KELISHLIK UCHUN ROZILIK ARIZASI,가에디브 게리릭 우준 로지리그 아리자스
1133,3,고용관련신고,출입국,3. 신청서,3TALABNOMA,3  타라브너마
1134,3,고용관련신고,출입국,3년 취업기간 종료후 귀국시 외국인등록증을 반드시 공항 출입국관리사무소에 반납해야 합니다,3YILLIK MEHNAT SHARTNOMASI TUGAB PASPORTNI EMIGRASIONNIGA OLIB BORAMIZ,3 엘릭 멯나드 사르드너마스 두가브 바스보르티니  에믹라즈온가 오리브 보리시 게라그
1135,3,고용관련신고,출입국,4. 수수료 3만원,QOLGAN PULMIQDARI  30MING WON,콜간 불 믹덜 30밍 원
1136,3,고용관련신고,출입국,5. 외국인 등록증,CHET ELLIK SHAHS GUVOHNOMASI,체드 엘릭 사흐스 구보흐너미즈
1137,3,고용관련신고,출입국,6. 여권,PASPORT RAQAMIZ NECHA,바스보르트 라가미즈 넻차
1138,3,고용관련신고,출입국,귀국날짜와 항공편을 알려주세요,KETISH VAQTINI AYTING,게티시 박디니 아에딩
1139,3,고용관련신고,출입국,"대리인이 할 경우 재직증명서, 신분증, 위임장이 필요합니다.",AGAR SIZGA ISH JOYIZDA SPRAVKA  INDESTIFIKASIYA  KERAKMI,아가르 시즈가 이스 조이즈단 스브라브카  인데시비카지야 게ㅏㄱ미
1140,3,고용관련신고,출입국,인터넷으로도 신청가능합니다.,INTERNET ORQALI HAM ZAQAZ QILSA BOLADI,인텔네트 올가리 함 자가즈 길사 보라드
1141,3,고용관련신고,출입국,일시출국을 할 때는 다음의 서류를 준비해야합니다.,….QILAYOTGANDA KEYINGI DOKUMENTNI TAYORLAB QOYISH KERAK,…..기라엳간다 게인기 더구멘드니 다열라브 고에이시 게라그
1142,3,고용관련신고,출입국,재입국을 하실껍니까?,KAYTIB KELASIZMI,가에디브 게라시즈미
1143,3,고용관련신고,출입국,체류기간연장을 해야합니다.,ISHLASH VAKTINI UZAYTIRISH KERAK,이시라스 박티니 우자에디리시 게라그
1144,3,고용관련신고,출입국,체류연장 하고 싶으세요?,SHARTNOMA VAQTINI UZAYTIRISHNI HOHLAYMAN,살디노마 바그티니 우자에디리시니 홓라에만
1145,3,고용관련신고,출입국,출국당일 출발시간 5시간전에 공항에서 출입국사무소에 서류를 제출합니다.,UYGA KETISHINGIZDA 5SOAT OLDIN EMIGRAZIONNIGA UCHRANG,우에가 게딧다 5 소아트 올딘 에믹라지온가 우치랑
1146,3,고용관련신고,출입국,출입국 관리 사무소는 여기 입니다.,EMIGRAZIONNI BU ERDA,에믹라지온니 부 엘다
1147,3,고용관련신고,출입국,출입국사무소에 변경사항을 신고하여야 합니다,ISH OZGARGANLIGI HAQIDA EMIGRAZIONNIGA HABAR KILISH KERAK,이시 오지각란리기 하그다  에믹라지온가 하바르 기리시 고라그
1148,3,고용관련신고,고용지원센터,고용지원센터는 ㅇㅇ에 있습니다. ,MEHNAT BIRJASI ….JOYLASHGAN,멯나트 빌자시 ……… 조에랏간
1149,3,고용관련신고,고용지원센터,고용지원센터에 변경사항을 신고하여야 합니다,MEHNAT VAZIRLIGIGA ISH JOYI OZGARISHINI AYTIB QOYISH KERAK,멯나트 와칠리기가 이스 조이 어치갈디리시니 아에디브 고에이시 게라그
1150,3,고용관련신고,고용지원센터,"신고서, 신청서를 작성하셨나요?",HUJJATLARNI TOLDIRDINGIZMI,후차디랄니 덜딜딩기즈미
1151,3,고용관련신고,기타사항, 주재원사무소 약도는 받으셨나요?,,
1152,3,고용관련신고,기타사항,1. 고용허가제 재고용 근로자 귀국신고서,MEHNAT SHARTNOMASI UCHUN RUHSAT MEHNAT VAZIRLIGIDAN,멯나트 살트노마시 우춘 뤃사트 멯나트 비칠리기
1153,3,고용관련신고,기타사항,2. 취업기간 만료자 재입국 취업활동확인서,,
1154,3,고용관련신고,기타사항,3. 사증 발급번호(종이사증),VIZA TURLARI(KOGOZ VIZA),비차 툴라리 (고거즈 비차)
1155,3,고용관련신고,기타사항,4. 여권,PASPORT  ,파스포르트
1156,3,고용관련신고,기타사항,5. 항공권,AVIA BILET,아비야 비레트
1157,3,고용관련신고,기타사항,6. 사증발급수수료(5만원정도),VIZA NARHI 50MING WON,비차 날흐  50밍 원
1158,3,고용관련신고,기타사항,7. 사증신청서(해외 주재사무소 비치) 입니다.,CHAQIRUB BLANQASI (CHET ELGA),차기루브 비란가스(젣 엘가)
1159,3,고용관련신고,기타사항,각종 신청 또는 신고시 허위사실을 보고하지 마십시요,Отмеченные в различных приложениях или отчетности ложной информации и ,
1160,3,고용관련신고,기타사항,국적귀화 하고 싶으세요?,QAYTISH QOGOZINI YOZIB TOLDIRING,카에디시 고고지니 여지브 덜디링
1161,3,고용관련신고,기타사항,귀국신고서를 작성하세요.,QAYTISHLIGIZ UCHUN YOZMA ARIZA,카에디신기즈 우준 여지마 아리자
1162,3,고용관련신고,기타사항,귀국신고시 제출서류안내입니다.,QAYTISH HAQIDA DOKUMENT,카에디시 하그다 더구멘트
1163,3,고용관련신고,기타사항,귀국 후 공단 주재원사무소에 반드시 신고하세요. ,После возвращения в представительства должны быть извещены о промышленных домов,
1164,3,고용관련신고,기타사항,문제가 생기면 ㅇㅇ에게 말씀해주세요,MUAMMO CHIQIB QOLSA AYTING,무암모 치기브 골사 아에팅
1165,3,고용관련신고,기타사항,사증발급이 신청되었습니다.,VIZA OLISHGA ARIZA,비자  오리시가 아리자
1166,3,고용관련신고,기타사항,ㅇㅇ 서류가 필요합니다.,………HUJJAT ZARUR BOLYAPDI,………. 후차디  자루르 보라드
1167,3,고용관련신고,기타사항,ㅇㅇ 을 추천 합니다.,……..NI TAVSIYA BERAMAN,….니  탑시야 베라만
1168,3,고용관련신고,기타사항,ㅇㅇㅇ로 전화하시면 상담을 해드립니다.,……..GA QONGIROQ QILSANGIZ MASLAHAT BERAMAN,……가 곤기고그 길산기즈 마스ㅡ라하드 베라만
1169,3,고용관련신고,기타사항,여권 재발급은 O일이 걸립니다,PASPORT TAYORLASHGA …KUN  VAQT KETADI,파스폴트 타열랏가  ….. 군 바그트 게타디
1170,3,고용관련신고,기타사항,"여권, 반명함 칼라사진, 만원, 사업자등록증 사본이 필요해요",PASPORT RASM  10MING WON  ISH HONA HUJJATINI NUSHASI KERAK,파스포리트 라슴 10밍 원 이스 호나 후자티니 누스하스 게라기 버라드
1171,3,고용관련신고,기타사항,여권분실에 대비하여 여권사본을 보관하세요,PASPORTINGIZDAN NUSHA OLING,파스폴틴기즈단 누스하 오링
1172,3,고용관련신고,기타사항,여권을 복사하세요,PASPORTINGIZNI KOPIYA KILING,파스폴틴기즈니 고피야 기링
1173,3,고용관련신고,기타사항,여권을 분실했습니까?,PASPORTINGIZNI OZGARTIRDINGIZMI,파스폴틴기즈니 오지갈틸딘기즈
1174,3,고용관련신고,기타사항,외국인 근로자 등록증은 입국후 90일이내 발급받아야합니다.,CHET ELLIKLAR SHAHSNI TASDIQLOVCHI GUVOHNOMANI 90 KUN ISHIDA OLASIZ,제트 엘릭랄 사힛니 탓득로비지 구워흐너마시니 90 군 이지다 오라시즈
1175,3,고용관련신고,기타사항,외국인 근로자 지원센터 연락처를 기억하세요,CHET ELLIK ISHCHILAR MARKAZI TEL RAQAMINI ESLAB QOLING,제트 엘릭  이시지랄 말가즈  텔 라가미니 에스라브 고링
1176,3,고용관련신고,기타사항,외국인등록사항의 변경시 반드시 신고를 해야 합니다,GUVOHNOMANGIZNI OZGARSA ALBATTA TAVSIFNOMA TOLDIRISHINGIZ KERAK,구웧노마시니 오지갈사 아밭타 타시다브 노마 덜디리신기즈 게라그
1177,3,고용관련신고,기타사항,외국인등록증 발급일은 입국한 날부터 90일 이내에 등록해야 한다.,GUVOHNOMA CHEL ELLIKLARKIRISHI BILAN 90  KUN ISHIDA BERILISHI KERAK,구웧노마 제트 엘릭랄 기리시  비란 90 군 이지다 베리리시 게라그
1178,3,고용관련신고,기타사항,"외국인등록증(여권,통장,알선장)을 복사하고 드리겠습니다.","GUVOHNOMA UCHUN PASPORT , BANK KITOBCHASHI  BIDIRISHNOMA NI NUSHA QILIB BERASIZ","구웧너마 우준 파스폴트, 반그 기덥자시 빌디리시 노마 구스하 오리시 게라그 보라드"
1179,3,고용관련신고,기타사항,외국인등록증을 갖고 있나요?,GUVOHNOMANI OLIB KELDINGIZMI,구워흐노마니  오리브 겔딘기즈미
1180,3,고용관련신고,기타사항,외국인등록증을 반납하세요,GUVOHNOMANI QAYTARING,구워흐노마니 가에다링
1181,3,고용관련신고,기타사항,외국인등록증을 보여주십시요.,GUVOHNOMANI KORSATING,구워흐노마니  골사딩
1182,3,고용관련신고,기타사항,외국인등록증을 복사하세요.,GUVOHNOMANI KOPIYA QILING,구워흐노마니  고피야 기링
1183,3,고용관련신고,기타사항,외국인등록증을 잘 관리하세요,GUVOHNOMANI YAHSHILAB SAQLANG,구워흐노마니  얗시라브 삭랑
1184,3,고용관련신고,기타사항,외국인등록증을 항상 소지하고 다니셔야 합니다,GUVOHNOMANI DOIM OZINGIZ BILAN OLIB YURING,구워흐노마니 더임 오진기즈 비란 어리브 유링
1185,3,고용관련신고,기타사항,이곳에 도장을 찍어주세요,BU ERGA KOL KOYING,부 앨가 골 고에잉
1186,3,고용관련신고,기타사항,이곳에 서류를 접수하세요,BU ERGA HUJJARLARNI ROYHAT QILING,부 엘가  후잗랄니 로에하드 기링
1187,3,고용관련신고,기타사항,재고용근로자 안내문을 잘읽어보세요.,CHET ELLIK ISHCHILAR  BILDIRISH NOMASINI YAHSHILAB OQING,젣 엘릭 잇지랄  빙디리시 노마니 얗시라브 오깅
1188,3,고용관련신고,기타사항,재발급을 원합니다.,,
1189,3,고용관련신고,기타사항,체류기간 연장을 해야 합니다. ,SHARTNOMA VAQTINGIZNI CHOZISH KERAK,살트노마 반틴기지니 초지시 게라그
1190,3,고용관련신고,기타사항,체류기간이 만료되었습니다.,SHARTNOMA MUDDATI OHIRI,살티노마 묻ㄷ다티 오히리
1191,3,고용관련신고,기타사항,체류지 변경시 반드시 전입신고를 해야 합니다,YASHASH JOYINI OZGARISHINI HABAR QILISH KERAK,야삿 조이니 오즈가리시니 하바르 키리시 게라그
1192,3,고용관련신고,기타사항,출국시 외국인등록증은 공항 출입국관리사무소에 반납해야 합니다. ,AYRAPORTDA CHIQIB KETISHDA ID KARTASINI BERIB KETISH KERAK EMIGRASIONNIGA,아에로폴트단 치그브 게디엳간다 아이디 갈다시니 베리브 게디시 게라그 에믹라지언가
1193,3,고용관련신고,기타사항,출국예정일 변경 또는 재입국을 포기하고자할때는 한국산업인력공단 해외주재사무소로반드시 연락하여야합니다.,,
1194,3,고용관련신고,기타사항,한국체류기간이 얼마나 남았습니까?,KOREADA KOLISH MUDDATIZ QANCHA QOLDI?,고레아다 고리시 묻다티  칸차 콜디
